ISO-10303-21;
HEADER;
FILE_DESCRIPTION (( 'STEP AP214' ),
    '1' );
FILE_NAME ('µ⁄“ª≤„Õ‚ø«.STEP',
    '2023-12-12T13:58:54',
    ( '' ),
    ( '' ),
    'SwSTEP 2.0',
    'SolidWorks 2023',
    '' );
FILE_SCHEMA (( 'AUTOMOTIVE_DESIGN' ));
ENDSEC;

DATA;
#1 = CARTESIAN_POINT ( 'NONE',  ( -138.0078823230999774, 50.00000000000000000, -143.6647365726000203 ) ) ;
#2 = ORIENTED_EDGE ( 'NONE', *, *, #3124, .F. ) ;
#3 = CARTESIAN_POINT ( 'NONE',  ( -168.7670273047731655, 44.73820061220084909, -112.9055915910270045 ) ) ;
#4 = VECTOR ( 'NONE', #938, 1000.000000000000114 ) ;
#5 = CARTESIAN_POINT ( 'NONE',  ( 168.7302191111252796, 111.9765042312814245, -112.9423997846749046 ) ) ;
#6 = ADVANCED_FACE ( 'NONE', ( #2810 ), #4691, .F. ) ;
#7 = CARTESIAN_POINT ( 'NONE',  ( 168.2219140485004516, 43.40066631520362961, -113.4507048472996189 ) ) ;
#8 = ORIENTED_EDGE ( 'NONE', *, *, #4085, .F. ) ;
#9 = ORIENTED_EDGE ( 'NONE', *, *, #1202, .F. ) ;
#10 = CARTESIAN_POINT ( 'NONE',  ( 165.2314933988000121, 69.50000000000000000, -116.4411254970000016 ) ) ;
#11 = EDGE_CURVE ( 'NONE', #6040, #880, #6035, .T. ) ;
#12 = LINE ( 'NONE', #547, #588 ) ;
#13 = DIRECTION ( 'NONE',  ( 0.7071067811865474617, 0.000000000000000000, -0.7071067811865474617 ) ) ;
#14 = EDGE_CURVE ( 'NONE', #4107, #3959, #144, .T. ) ;
#15 = DIRECTION ( 'NONE',  ( 0.7071067811865475727, -5.024295867787377658E-15, 0.7071067811865475727 ) ) ;
#16 = ORIENTED_EDGE ( 'NONE', *, *, #2292, .T. ) ;
#17 = EDGE_LOOP ( 'NONE', ( #1192, #4579, #5195, #4397 ) ) ;
#18 = CARTESIAN_POINT ( 'NONE',  ( 142.2505230103000144, 50.00000000000000000, -136.5936687608000000 ) ) ;
#19 = PLANE ( 'NONE',  #3733 ) ;
#20 = EDGE_LOOP ( 'NONE', ( #5260, #4232, #1494, #4194 ) ) ;
#21 = LINE ( 'NONE', #4151, #5159 ) ;
#22 = ORIENTED_EDGE ( 'NONE', *, *, #3850, .F. ) ;
#23 = CARTESIAN_POINT ( 'NONE',  ( 165.0694998738995025, 65.90066631520365092, -113.7746918971003964 ) ) ;
#24 = CYLINDRICAL_SURFACE ( 'NONE', #634, 1.999999999999992895 ) ;
#25 = CARTESIAN_POINT ( 'NONE',  ( 165.9386001800270094, 67.50000000000000000, -115.7340187157729900 ) ) ;
#26 = CARTESIAN_POINT ( 'NONE',  ( -164.5243866176269876, 45.00000000000000000, -114.3198051533730109 ) ) ;
#27 = VERTEX_POINT ( 'NONE', #1884 ) ;
#28 = CARTESIAN_POINT ( 'NONE',  ( 164.5243866176267886, 90.26179938779915801, -114.3198051533729824 ) ) ;
#29 = CARTESIAN_POINT ( 'NONE',  ( 168.4837134362996665, 111.2709065600501788, -113.1889054595004893 ) ) ;
#30 = DIRECTION ( 'NONE',  ( 0.000000000000000000, 2.344671404967999738E-14, -1.000000000000000000 ) ) ;
#31 = ORIENTED_EDGE ( 'NONE', *, *, #2446, .T. ) ;
#32 = VERTEX_POINT ( 'NONE', #5132 ) ;
#33 = ADVANCED_FACE ( 'NONE', ( #1449 ), #1395, .F. ) ;
#34 = CIRCLE ( 'NONE', #6030, 2.000000000000001776 ) ;
#35 = DIRECTION ( 'NONE',  ( -0.000000000000000000, -0.000000000000000000, -1.000000000000000000 ) ) ;
#36 = CARTESIAN_POINT ( 'NONE',  ( -169.4741340859000047, 110.7500000000000000, -112.1984848097999929 ) ) ;
#37 = CARTESIAN_POINT ( 'NONE',  ( -165.2314933988000121, 92.00000000000000000, -116.4411254970000016 ) ) ;
#38 = DIRECTION ( 'NONE',  ( 0.000000000000000000, 0.000000000000000000, -1.000000000000000000 ) ) ;
#39 = ORIENTED_EDGE ( 'NONE', *, *, #3999, .T. ) ;
#40 = ORIENTED_EDGE ( 'NONE', *, *, #5874, .F. ) ;
#41 = PLANE ( 'NONE',  #205 ) ;
#42 = EDGE_CURVE ( 'NONE', #275, #307, #2323, .T. ) ;
#43 = CARTESIAN_POINT ( 'NONE',  ( -155.6855518527999607, 41.39999999999999858, -125.9870670429999961 ) ) ;
#44 = ORIENTED_EDGE ( 'NONE', *, *, #1290, .T. ) ;
#45 = CIRCLE ( 'NONE', #4178, 9.000000000000007105 ) ;
#46 = CARTESIAN_POINT ( 'NONE',  ( 150.0286976033000030, 50.00000000000000000, -131.6439212925000106 ) ) ;
#47 = DIRECTION ( 'NONE',  ( 0.7071067811865475727, 0.000000000000000000, 0.7071067811865475727 ) ) ;
#48 = AXIS2_PLACEMENT_3D ( 'NONE', #3272, #6063, #2748 ) ;
#49 =( NAMED_UNIT ( * ) PLANE_ANGLE_UNIT ( ) SI_UNIT ( $, .RADIAN. ) );
#50 = AXIS2_PLACEMENT_3D ( 'NONE', #1935, #125, #3946 ) ;
#51 = ORIENTED_EDGE ( 'NONE', *, *, #221, .T. ) ;
#52 = DIRECTION ( 'NONE',  ( -1.000000000000000000, 0.000000000000000000, 0.000000000000000000 ) ) ;
#53 = DIRECTION ( 'NONE',  ( -0.000000000000000000, -0.000000000000000000, -1.000000000000000000 ) ) ;
#54 = CARTESIAN_POINT ( 'NONE',  ( -169.4741340859000047, 69.50000000000000000, -112.1984848097999929 ) ) ;
#55 = DIRECTION ( 'NONE',  ( 0.7071067811865995312, 0.000000000000000000, 0.7071067811864953923 ) ) ;
#56 = ORIENTED_EDGE ( 'NONE', *, *, #1586, .F. ) ;
#57 = CARTESIAN_POINT ( 'NONE',  ( 167.0694998738996446, 91.22909343994982123, -111.7746918971004675 ) ) ;
#58 = LINE ( 'NONE', #651, #5010 ) ;
#59 = CARTESIAN_POINT ( 'NONE',  ( -85.89468165297166991, 125.5000000000048317, -192.9495101180783365 ) ) ;
#60 = DIRECTION ( 'NONE',  ( 5.551115123125777653E-14, -1.000000000000000000, -6.245004513516500491E-14 ) ) ;
#61 = EDGE_LOOP ( 'NONE', ( #1980, #633 ) ) ;
#62 = EDGE_LOOP ( 'NONE', ( #4204, #4495 ) ) ;
#63 = CYLINDRICAL_SURFACE ( 'NONE', #3112, 3.000000000000002665 ) ;
#64 = DIRECTION ( 'NONE',  ( -1.000000000000000000, 0.000000000000000000, 0.000000000000000000 ) ) ;
#65 = DIRECTION ( 'NONE',  ( 0.7071067811865474617, 0.000000000000000000, 0.7071067811865474617 ) ) ;
#66 = CARTESIAN_POINT ( 'NONE',  ( 164.5243866176269876, 45.00000000000000000, -114.3198051533730109 ) ) ;
#67 = VECTOR ( 'NONE', #3459, 1000.000000000000114 ) ;
#68 = EDGE_CURVE ( 'NONE', #627, #5732, #3790, .T. ) ;
#69 = CARTESIAN_POINT ( 'NONE',  ( 165.9386001800268389, 67.76179938779915801, -115.7340187157730043 ) ) ;
#70 = ORIENTED_EDGE ( 'NONE', *, *, #2996, .F. ) ;
#71 = VERTEX_POINT ( 'NONE', #960 ) ;
#72 = CARTESIAN_POINT ( 'NONE',  ( -22.19999999999999929, 58.60000000000000142, -197.1726188958000137 ) ) ;
#73 = CYLINDRICAL_SURFACE ( 'NONE', #3251, 2.999999999999999112 ) ;
#74 = CIRCLE ( 'NONE', #2439, 2.500000000000000888 ) ;
#75 = ORIENTED_EDGE ( 'NONE', *, *, #931, .T. ) ;
#76 = CARTESIAN_POINT ( 'NONE',  ( 165.2314933988000121, 20.50000000000000000, -116.4411254970000016 ) ) ;
#77 = CARTESIAN_POINT ( 'NONE',  ( -168.0599205235999989, 69.50000000000000000, -110.7842712475000155 ) ) ;
#78 = AXIS2_PLACEMENT_3D ( 'NONE', #2111, #2549, #3992 ) ;
#79 = EDGE_CURVE ( 'NONE', #5471, #5350, #4690, .T. ) ;
#80 = DIRECTION ( 'NONE',  ( -0.7071067811865474617, 0.000000000000000000, -0.7071067811865474617 ) ) ;
#81 = VERTEX_POINT ( 'NONE', #2382 ) ;
#82 = CARTESIAN_POINT ( 'NONE',  ( 163.8172798364269056, 67.50000000000000000, -117.8553390593730938 ) ) ;
#83 = CARTESIAN_POINT ( 'NONE',  ( 168.0599205235999989, 65.50000000000000000, -110.7842712475000155 ) ) ;
#84 = CARTESIAN_POINT ( 'NONE',  ( -150.0286976033000030, 50.00000000000000000, -131.6439212925000106 ) ) ;
#85 = EDGE_CURVE ( 'NONE', #1763, #3274, #4254, .T. ) ;
#86 = DIRECTION ( 'NONE',  ( 1.000000000000000000, 0.000000000000000000, 0.000000000000000000 ) ) ;
#87 = ORIENTED_EDGE ( 'NONE', *, *, #221, .F. ) ;
#88 = DIRECTION ( 'NONE',  ( 0.000000000000000000, 0.000000000000000000, -1.000000000000000000 ) ) ;
#89 = DIRECTION ( 'NONE',  ( 0.7071067811865475727, 0.000000000000000000, -0.7071067811865475727 ) ) ;
#90 = AXIS2_PLACEMENT_3D ( 'NONE', #4256, #6011, #2267 ) ;
#91 = CARTESIAN_POINT ( 'NONE',  ( 167.3528137423729731, 22.50000000000000000, -111.4913780286270111 ) ) ;
#92 = FACE_OUTER_BOUND ( 'NONE', #1864, .T. ) ;
#93 = ORIENTED_EDGE ( 'NONE', *, *, #5829, .T. ) ;
#94 = ORIENTED_EDGE ( 'NONE', *, *, #4046, .F. ) ;
#95 = CARTESIAN_POINT ( 'NONE',  ( -77.77336130941198178, 125.5000000000048317, -189.0708304616379678 ) ) ;
#96 = CIRCLE ( 'NONE', #3546, 9.000000000000007105 ) ;
#97 = CARTESIAN_POINT ( 'NONE',  ( -21.00000000000000000, 41.39999999999999858, -199.1726188958000137 ) ) ;
#98 = CARTESIAN_POINT ( 'NONE',  ( 169.4741340859000047, 90.00000000000000000, -112.1984848097999929 ) ) ;
#99 = CARTESIAN_POINT ( 'NONE',  ( -166.4837134362994959, 69.09933368479639171, -115.1889054595003756 ) ) ;
#100 = CARTESIAN_POINT ( 'NONE',  ( -98.76345596729001386, 12.00000000000000000, -180.0807358037000085 ) ) ;
#101 = ORIENTED_EDGE ( 'NONE', *, *, #1625, .F. ) ;
#102 = ORIENTED_EDGE ( 'NONE', *, *, #4478, .T. ) ;
#103 = CARTESIAN_POINT ( 'NONE',  ( -166.3087675879833682, 88.05205464666336468, -112.5354241830166586 ) ) ;
#104 = DIRECTION ( 'NONE',  ( -0.7071067811865475727, 0.000000000000000000, -0.7071067811865475727 ) ) ;
#105 = VERTEX_POINT ( 'NONE', #5667 ) ;
#106 = B_SPLINE_CURVE_WITH_KNOTS ( 'NONE', 3,
 ( #66, #2383, #4255, #4288, #3792, #2325, #1945, #1911, #5699, #4198, #6070, #3737, #5616, #1396, #3279, #4790, #5283, #3954 ),
 .UNSPECIFIED., .F., .F.,
 ( 4, 2, 2, 2, 2, 2, 2, 2, 4 ),
 ( -1.000000000000000000, -0.8750000000000000000, -0.7500000000000000000, -0.6250000000000000000, -0.5000000000000000000, -0.3750000000000000000, -0.2500000000000000000, -0.1250000000000000000, -0.000000000000000000 ),
 .UNSPECIFIED. ) ;
#107 = VECTOR ( 'NONE', #3863, 1000.000000000000000 ) ;
#108 = LINE ( 'NONE', #3960, #4513 ) ;
#109 = DIRECTION ( 'NONE',  ( -1.000000000000000000, 0.000000000000000000, 0.000000000000000000 ) ) ;
#110 = CARTESIAN_POINT ( 'NONE',  ( -166.3087675879833682, 24.44794535333663887, -112.5354241830166586 ) ) ;
#111 = ORIENTED_EDGE ( 'NONE', *, *, #3318, .F. ) ;
#112 = UNCERTAINTY_MEASURE_WITH_UNIT (LENGTH_MEASURE( 1.000000000000000082E-05 ), #1308, 'distance_accuracy_value', 'NONE');
#113 = EDGE_CURVE ( 'NONE', #1529, #5114, #3334, .T. ) ;
#114 = VERTEX_POINT ( 'NONE', #2875 ) ;
#115 = EDGE_CURVE ( 'NONE', #5070, #4258, #4196, .T. ) ;
#116 = CARTESIAN_POINT ( 'NONE',  ( 167.8242182631730941, 112.4999999999999858, -111.9627825494269047 ) ) ;
#117 = CYLINDRICAL_SURFACE ( 'NONE', #4206, 1.999999999999992895 ) ;
#118 = EDGE_CURVE ( 'NONE', #1343, #3198, #1540, .T. ) ;
#119 = CARTESIAN_POINT ( 'NONE',  ( 165.2314933988000121, 110.7500000000000000, -116.4411254970000016 ) ) ;
#120 = ORIENTED_EDGE ( 'NONE', *, *, #3431, .T. ) ;
#121 = CARTESIAN_POINT ( 'NONE',  ( -168.7670273047731655, 89.73820061220085620, -112.9055915910270045 ) ) ;
#122 = EDGE_CURVE ( 'NONE', #3443, #4091, #3412, .T. ) ;
#123 = FACE_OUTER_BOUND ( 'NONE', #4456, .T. ) ;
#124 = CARTESIAN_POINT ( 'NONE',  ( 165.9386001800270094, 67.50000000000000000, -115.7340187157729900 ) ) ;
#125 = DIRECTION ( 'NONE',  ( 0.000000000000000000, -1.000000000000000000, 0.000000000000000000 ) ) ;
#126 = CARTESIAN_POINT ( 'NONE',  ( 164.8077004861003445, 88.77090656005015035, -114.0364912848994976 ) ) ;
#127 = VERTEX_POINT ( 'NONE', #1943 ) ;
#128 = CARTESIAN_POINT ( 'NONE',  ( -164.5243866176269876, 45.00000000000000000, -114.3198051533730109 ) ) ;
#129 = CARTESIAN_POINT ( 'NONE',  ( -82.50000000000000000, 135.0000000000000000, -199.1726188958000137 ) ) ;
#130 = DIRECTION ( 'NONE',  ( -0.7071067811865475727, -0.000000000000000000, 0.7071067811865475727 ) ) ;
#131 = CARTESIAN_POINT ( 'NONE',  ( -165.9386001800270094, 22.50000000000000000, -115.7340187157729900 ) ) ;
#132 = CARTESIAN_POINT ( 'NONE',  ( 163.8172798364999778, 92.00000000000000000, -115.0269119346000082 ) ) ;
#133 = VERTEX_POINT ( 'NONE', #4320 ) ;
#134 = EDGE_LOOP ( 'NONE', ( #363, #4511, #4516, #3592 ) ) ;
#135 = CARTESIAN_POINT ( 'NONE',  ( -165.9754083736747532, 66.97650423128143871, -115.6972105221250615 ) ) ;
#136 = DIRECTION ( 'NONE',  ( 0.7071067811865476838, -0.000000000000000000, -0.7071067811865473507 ) ) ;
#137 = ORIENTED_EDGE ( 'NONE', *, *, #2369, .T. ) ;
#138 = CARTESIAN_POINT ( 'NONE',  ( -96.99568901431999279, 123.0000000000000000, -181.8485027567000145 ) ) ;
#139 = DIRECTION ( 'NONE',  ( -1.000000000000000000, 0.000000000000000000, 0.000000000000000000 ) ) ;
#140 = CIRCLE ( 'NONE', #3192, 1.199999999999999734 ) ;
#141 = CARTESIAN_POINT ( 'NONE',  ( -167.3528137423732005, 22.76179938779915091, -111.4913780286270111 ) ) ;
#142 = EDGE_LOOP ( 'NONE', ( #476, #1796, #1631, #4116 ) ) ;
#143 = EDGE_LOOP ( 'NONE', ( #5701, #5525, #800, #4664 ) ) ;
#144 = CIRCLE ( 'NONE', #6036, 2.500000000000002220 ) ;
#145 = CARTESIAN_POINT ( 'NONE',  ( 168.2956227839730730, 112.4999999999999858, -112.4341870702269119 ) ) ;
#146 = CARTESIAN_POINT ( 'NONE',  ( -165.7534800575767235, 20.49999999999999645, -113.0907117134232465 ) ) ;
#147 = AXIS2_PLACEMENT_3D ( 'NONE', #3559, #4487, #3073 ) ;
#148 = EDGE_CURVE ( 'NONE', #5365, #3470, #2444, .T. ) ;
#149 = CIRCLE ( 'NONE', #1324, 2.000000000000001776 ) ;
#150 = ADVANCED_FACE ( 'NONE', ( #3824 ), #5281, .F. ) ;
#151 = CIRCLE ( 'NONE', #5267, 2.999999999999988898 ) ;
#152 = DIRECTION ( 'NONE',  ( 0.7071067811864976127, 0.000000000000000000, -0.7071067811865975328 ) ) ;
#153 = ORIENTED_EDGE ( 'NONE', *, *, #2154, .F. ) ;
#154 = CARTESIAN_POINT ( 'NONE',  ( -62.50000000000000000, 123.0000000000000000, -199.1726188958000137 ) ) ;
#155 = CARTESIAN_POINT ( 'NONE',  ( -165.2314933988000121, 67.50000000000000000, -116.4411254970000016 ) ) ;
#156 = DIRECTION ( 'NONE',  ( -1.000000000000000000, 0.000000000000000000, 0.000000000000000000 ) ) ;
#157 = CARTESIAN_POINT ( 'NONE',  ( 165.0871860658000116, 45.00000000000000000, -112.0541774767999925 ) ) ;
#158 = EDGE_CURVE ( 'NONE', #1091, #4335, #2478, .T. ) ;
#159 = ADVANCED_FACE ( 'NONE', ( #5761 ), #5246, .F. ) ;
#160 = CIRCLE ( 'NONE', #265, 1.200000000000011502 ) ;
#161 = CARTESIAN_POINT ( 'NONE',  ( 165.9386001800268389, 22.76179938779916156, -115.7340187157730043 ) ) ;
#162 = ORIENTED_EDGE ( 'NONE', *, *, #5977, .F. ) ;
#163 = CARTESIAN_POINT ( 'NONE',  ( -165.7534800575767235, 42.99999999999999289, -113.0907117134232465 ) ) ;
#164 = CARTESIAN_POINT ( 'NONE',  ( 168.2219140485004516, 20.90066631520364027, -113.4507048472996189 ) ) ;
#165 = CIRCLE ( 'NONE', #3604, 1.875000000000001776 ) ;
#166 = DIRECTION ( 'NONE',  ( -0.7071067811865475727, -0.000000000000000000, 0.7071067811865474617 ) ) ;
#167 = EDGE_CURVE ( 'NONE', #1011, #1690, #3453, .T. ) ;
#168 = DIRECTION ( 'NONE',  ( 0.7071067811865474617, 0.000000000000000000, 0.7071067811865474617 ) ) ;
#169 = ORIENTED_EDGE ( 'NONE', *, *, #201, .T. ) ;
#170 = ORIENTED_EDGE ( 'NONE', *, *, #2834, .T. ) ;
#171 = CARTESIAN_POINT ( 'NONE',  ( -166.1237203024233224, 87.99999999999998579, -112.7204714685767328 ) ) ;
#172 = EDGE_LOOP ( 'NONE', ( #4521, #3007, #1913, #2914 ) ) ;
#173 = CARTESIAN_POINT ( 'NONE',  ( 167.3528137423729731, 112.5000000000000000, -111.4913780286270111 ) ) ;
#174 = DIRECTION ( 'NONE',  ( -0.7071067811865475727, -0.000000000000000000, 0.7071067811865474617 ) ) ;
#175 = CARTESIAN_POINT ( 'NONE',  ( -166.6508249723090671, 65.75242722329146261, -112.1933667986910024 ) ) ;
#176 = VERTEX_POINT ( 'NONE', #4211 ) ;
#177 = AXIS2_PLACEMENT_3D ( 'NONE', #5782, #2993, #5538 ) ;
#178 = ORIENTED_EDGE ( 'NONE', *, *, #5387, .F. ) ;
#179 = DIRECTION ( 'NONE',  ( -1.000000000000000000, 0.000000000000000000, 0.000000000000000000 ) ) ;
#180 = CARTESIAN_POINT ( 'NONE',  ( 166.1170931813723541, 113.5072379607418185, -115.5555257144275316 ) ) ;
#181 = AXIS2_PLACEMENT_3D ( 'NONE', #5997, #4593, #2852 ) ;
#182 = FACE_OUTER_BOUND ( 'NONE', #944, .T. ) ;
#183 = EDGE_LOOP ( 'NONE', ( #3253, #585, #2767, #2465 ) ) ;
#184 = DIRECTION ( 'NONE',  ( 0.7071067811865475727, 1.004859173557473481E-14, -0.7071067811865475727 ) ) ;
#185 = FACE_OUTER_BOUND ( 'NONE', #3303, .T. ) ;
#186 = EDGE_CURVE ( 'NONE', #1156, #114, #3668, .T. ) ;
#187 = DIRECTION ( 'NONE',  ( -1.000000000000000000, 0.000000000000000000, 0.000000000000000000 ) ) ;
#188 = CARTESIAN_POINT ( 'NONE',  ( 167.8242182631730941, 22.49999999999999289, -111.9627825494269047 ) ) ;
#189 = DIRECTION ( 'NONE',  ( 0.7071067811865475727, 0.000000000000000000, 0.7071067811865475727 ) ) ;
#190 = VERTEX_POINT ( 'NONE', #2794 ) ;
#191 = DIRECTION ( 'NONE',  ( -1.000000000000000000, 0.000000000000000000, 0.000000000000000000 ) ) ;
#192 = CIRCLE ( 'NONE', #5989, 2.000000000000001776 ) ;
#193 = CARTESIAN_POINT ( 'NONE',  ( 168.7670273047729950, 22.50000000000000000, -112.9055915910270045 ) ) ;
#194 = EDGE_CURVE ( 'NONE', #4891, #358, #1372, .T. ) ;
#195 = DIRECTION ( 'NONE',  ( 1.000000000000000000, 0.000000000000000000, 0.000000000000000000 ) ) ;
#196 = CYLINDRICAL_SURFACE ( 'NONE', #4483, 1.200000000000011502 ) ;
#197 = ORIENTED_EDGE ( 'NONE', *, *, #2647, .F. ) ;
#198 = EDGE_LOOP ( 'NONE', ( #1805, #3582, #3332, #4757 ) ) ;
#199 = CARTESIAN_POINT ( 'NONE',  ( -167.1676936199767454, 65.50000000000001421, -114.5049252758232683 ) ) ;
#200 = EDGE_LOOP ( 'NONE', ( #5051, #2985 ) ) ;
#201 = EDGE_CURVE ( 'NONE', #2823, #1297, #1927, .T. ) ;
#202 = AXIS2_PLACEMENT_3D ( 'NONE', #1834, #3715, #1377 ) ;
#203 = CARTESIAN_POINT ( 'NONE',  ( 164.5243866176267886, 112.7617993877991438, -114.3198051533729824 ) ) ;
#204 = FACE_OUTER_BOUND ( 'NONE', #1417, .T. ) ;
#205 = AXIS2_PLACEMENT_3D ( 'NONE', #1917, #3259, #1428 ) ;
#206 = CARTESIAN_POINT ( 'NONE',  ( -168.0599205235999989, 114.5000000000000000, -110.7842712475000155 ) ) ;
#207 = ORIENTED_EDGE ( 'NONE', *, *, #5949, .T. ) ;
#208 = ORIENTED_EDGE ( 'NONE', *, *, #383, .T. ) ;
#209 = CARTESIAN_POINT ( 'NONE',  ( 164.5611948112747598, 68.02349576871856129, -114.2829969597250681 ) ) ;
#210 = VECTOR ( 'NONE', #5020, 1000.000000000000114 ) ;
#211 = ORIENTED_EDGE ( 'NONE', *, *, #1319, .F. ) ;
#212 = CARTESIAN_POINT ( 'NONE',  ( -167.3528137423732005, 67.76179938779915801, -111.4913780286270111 ) ) ;
#213 = CARTESIAN_POINT ( 'NONE',  ( 167.5379338648232590, 114.5000000000000142, -114.1346850309767404 ) ) ;
#214 = VERTEX_POINT ( 'NONE', #454 ) ;
#215 = CARTESIAN_POINT ( 'NONE',  ( -166.9826463344166427, 88.05205464666336468, -114.6899725613833283 ) ) ;
#216 = DIRECTION ( 'NONE',  ( 0.7071067811865475727, 0.000000000000000000, 0.7071067811865475727 ) ) ;
#217 = LINE ( 'NONE', #2929, #2573 ) ;
#218 = CARTESIAN_POINT ( 'NONE',  ( 165.2314933988000121, 22.50000000000000000, -116.4411254970000016 ) ) ;
#219 = CARTESIAN_POINT ( 'NONE',  ( 125.9870670429999961, 41.39999999999999858, -155.6855518527999607 ) ) ;
#220 = EDGE_LOOP ( 'NONE', ( #4917, #1268, #734, #5922 ) ) ;
#221 = EDGE_CURVE ( 'NONE', #4359, #5651, #3730, .T. ) ;
#222 = CARTESIAN_POINT ( 'NONE',  ( 168.2956227839730730, 89.99999999999998579, -112.4341870702269119 ) ) ;
#223 = DIRECTION ( 'NONE',  ( 0.7071067811865475727, 0.000000000000000000, 0.7071067811865475727 ) ) ;
#224 = DIRECTION ( 'NONE',  ( 0.7071067811865995312, 0.000000000000000000, 0.7071067811864953923 ) ) ;
#225 = CARTESIAN_POINT ( 'NONE',  ( 132.0584311265070596, 125.5000000000048601, -149.6141877692929540 ) ) ;
#226 = VERTEX_POINT ( 'NONE', #4707 ) ;
#227 = ORIENTED_EDGE ( 'NONE', *, *, #6009, .F. ) ;
#228 = EDGE_CURVE ( 'NONE', #2361, #3641, #12, .T. ) ;
#229 = EDGE_CURVE ( 'NONE', #6079, #4976, #5895, .T. ) ;
#230 = CARTESIAN_POINT ( 'NONE',  ( -85.18757487178704935, 125.5000000000048317, -196.4850440240130354 ) ) ;
#231 = CARTESIAN_POINT ( 'NONE',  ( 93.41372322168420794, 9.500000000000053291, -188.2588956741158484 ) ) ;
#232 = ORIENTED_EDGE ( 'NONE', *, *, #561, .T. ) ;
#233 = DIRECTION ( 'NONE',  ( -0.7071067811864976127, 0.000000000000000000, -0.7071067811865975328 ) ) ;
#234 = CYLINDRICAL_SURFACE ( 'NONE', #5800, 1.999999999999992895 ) ;
#235 = ADVANCED_FACE ( 'NONE', ( #1006 ), #4268, .F. ) ;
#236 = DIRECTION ( 'NONE',  ( 0.7071067811865476838, 0.000000000000000000, -0.7071067811865474617 ) ) ;
#237 = ORIENTED_EDGE ( 'NONE', *, *, #4569, .F. ) ;
#238 = ORIENTED_EDGE ( 'NONE', *, *, #201, .F. ) ;
#239 = EDGE_CURVE ( 'NONE', #1267, #386, #4306, .T. ) ;
#240 = AXIS2_PLACEMENT_3D ( 'NONE', #4220, #4134, #2285 ) ;
#241 = CARTESIAN_POINT ( 'NONE',  ( 166.4837134362994959, 46.59933368479637039, -115.1889054595003898 ) ) ;
#242 = ORIENTED_EDGE ( 'NONE', *, *, #4556, .T. ) ;
#243 = AXIS2_PLACEMENT_3D ( 'NONE', #4620, #805, #5451 ) ;
#244 = B_SPLINE_CURVE_WITH_KNOTS ( 'NONE', 3,
 ( #3830, #3369, #5252, #4641, #420, #3283, #477, #2483, #5825, #199, #635, #2977, #4360, #5287, #4890, #135, #5372, #4858 ),
 .UNSPECIFIED., .F., .F.,
 ( 4, 2, 2, 2, 2, 2, 2, 2, 4 ),
 ( -1.000000000000000000, -0.8750000000000000000, -0.7500000000000000000, -0.6250000000000000000, -0.5000000000000000000, -0.3750000000000000000, -0.2500000000000000000, -0.1250000000000000000, -0.000000000000000000 ),
 .UNSPECIFIED. ) ;
#245 = LINE ( 'NONE', #2125, #5779 ) ;
#246 = ADVANCED_FACE ( 'NONE', ( #2886 ), #3808, .F. ) ;
#247 = CIRCLE ( 'NONE', #4872, 3.000000000000002665 ) ;
#248 = ORIENTED_EDGE ( 'NONE', *, *, #4454, .F. ) ;
#249 = DIRECTION ( 'NONE',  ( -0.000000000000000000, 1.000000000000000000, 0.000000000000000000 ) ) ;
#250 = CYLINDRICAL_SURFACE ( 'NONE', #5493, 1.999999999999992895 ) ;
#251 = DIRECTION ( 'NONE',  ( 0.7071067811865975328, 0.000000000000000000, -0.7071067811864976127 ) ) ;
#252 = CARTESIAN_POINT ( 'NONE',  ( -165.2314933988000121, 114.5000000000000000, -116.4411254970000016 ) ) ;
#253 = CIRCLE ( 'NONE', #5464, 3.000000000000002665 ) ;
#254 = CIRCLE ( 'NONE', #48, 2.000000000000001776 ) ;
#255 = AXIS2_PLACEMENT_3D ( 'NONE', #2569, #3982, #1177 ) ;
#256 = DIRECTION ( 'NONE',  ( -1.387778780781444413E-14, -1.000000000000000000, -1.387778780781444413E-14 ) ) ;
#257 = AXIS2_PLACEMENT_3D ( 'NONE', #1364, #385, #1856 ) ;
#258 = LINE ( 'NONE', #808, #5466 ) ;
#259 = DIRECTION ( 'NONE',  ( 0.7071067811865475727, 0.000000000000000000, -0.7071067811865475727 ) ) ;
#260 = CARTESIAN_POINT ( 'NONE',  ( 130.2297077301000172, 50.00000000000000000, -148.6144840409000096 ) ) ;
#261 = DIRECTION ( 'NONE',  ( 0.000000000000000000, -1.000000000000000000, 0.000000000000000000 ) ) ;
#262 = ORIENTED_EDGE ( 'NONE', *, *, #4796, .F. ) ;
#263 = ORIENTED_EDGE ( 'NONE', *, *, #2277, .T. ) ;
#264 = CYLINDRICAL_SURFACE ( 'NONE', #4442, 1.999999999999992895 ) ;
#265 = AXIS2_PLACEMENT_3D ( 'NONE', #5448, #1252, #2217 ) ;
#266 = FACE_BOUND ( 'NONE', #4717, .T. ) ;
#267 = CIRCLE ( 'NONE', #5762, 2.000000000000001776 ) ;
#268 = ORIENTED_EDGE ( 'NONE', *, *, #5049, .F. ) ;
#269 = EDGE_CURVE ( 'NONE', #5611, #1772, #3842, .T. ) ;
#270 = CARTESIAN_POINT ( 'NONE',  ( -166.6405889500909439, 110.7524272232914768, -115.0320299457089988 ) ) ;
#271 = DIRECTION ( 'NONE',  ( 0.000000000000000000, 0.000000000000000000, -1.000000000000000000 ) ) ;
#272 = VECTOR ( 'NONE', #3420, 1000.000000000000000 ) ;
#273 = CARTESIAN_POINT ( 'NONE',  ( -164.5611948112747598, 113.0234957687185755, -114.2829969597250823 ) ) ;
#274 = ORIENTED_EDGE ( 'NONE', *, *, #392, .T. ) ;
#275 = VERTEX_POINT ( 'NONE', #3376 ) ;
#276 = CARTESIAN_POINT ( 'NONE',  ( 168.0599205235999989, 69.50000000000000000, -110.7842712475000155 ) ) ;
#277 = EDGE_LOOP ( 'NONE', ( #1563, #2731 ) ) ;
#278 = ADVANCED_FACE ( 'NONE', ( #5261 ), #1044, .T. ) ;
#279 = CARTESIAN_POINT ( 'NONE',  ( 168.7670273047729950, 90.00000000000000000, -112.9055915910270045 ) ) ;
#280 = DIRECTION ( 'NONE',  ( -1.000000000000000000, 0.000000000000000000, 0.000000000000000000 ) ) ;
#281 = CARTESIAN_POINT ( 'NONE',  ( -171.5954544295000233, 135.0000000000000000, -107.2487373414999894 ) ) ;
#282 = CARTESIAN_POINT ( 'NONE',  ( 164.5243866176268455, 44.73820061220084909, -114.3198051533730251 ) ) ;
#283 = CIRCLE ( 'NONE', #5675, 2.000000000000001776 ) ;
#284 = CARTESIAN_POINT ( 'NONE',  ( -165.2314933988000121, 90.00000000000000000, -116.4411254970000016 ) ) ;
#285 = EDGE_CURVE ( 'NONE', #5379, #5618, #1866, .T. ) ;
#286 = CYLINDRICAL_SURFACE ( 'NONE', #1924, 1.874999999999998446 ) ;
#287 = AXIS2_PLACEMENT_3D ( 'NONE', #4503, #1722, #2062 ) ;
#288 = AXIS2_PLACEMENT_3D ( 'NONE', #4457, #1158, #2083 ) ;
#289 = FACE_OUTER_BOUND ( 'NONE', #2449, .T. ) ;
#290 = ORIENTED_EDGE ( 'NONE', *, *, #617, .T. ) ;
#291 = CARTESIAN_POINT ( 'NONE',  ( 138.0078823230999774, 50.00000000000000000, -143.6647365726000203 ) ) ;
#292 = CARTESIAN_POINT ( 'NONE',  ( -165.2314933988000121, 45.00000000000000000, -116.4411254970000016 ) ) ;
#293 = FACE_OUTER_BOUND ( 'NONE', #5152, .T. ) ;
#294 = VERTEX_POINT ( 'NONE', #1418 ) ;
#295 = ORIENTED_EDGE ( 'NONE', *, *, #5355, .F. ) ;
#296 = FACE_BOUND ( 'NONE', #61, .T. ) ;
#297 = FACE_BOUND ( 'NONE', #4857, .T. ) ;
#298 = ORIENTED_EDGE ( 'NONE', *, *, #4110, .F. ) ;
#299 = CARTESIAN_POINT ( 'NONE',  ( 169.4741340859000047, 65.50000000000000000, -112.1984848097999929 ) ) ;
#300 = CYLINDRICAL_SURFACE ( 'NONE', #1279, 1.999999999999992895 ) ;
#301 = AXIS2_PLACEMENT_3D ( 'NONE', #1959, #5683, #3349 ) ;
#302 = CARTESIAN_POINT ( 'NONE',  ( -167.5379338648232590, 24.49999999999999645, -114.1346850309767404 ) ) ;
#303 = ORIENTED_EDGE ( 'NONE', *, *, #1800, .F. ) ;
#304 = VERTEX_POINT ( 'NONE', #5551 ) ;
#305 = DIRECTION ( 'NONE',  ( -0.7071067811865975328, 0.000000000000000000, -0.7071067811864976127 ) ) ;
#306 = CARTESIAN_POINT ( 'NONE',  ( -95.22792206136000459, 12.00000000000000000, -183.6162697096999921 ) ) ;
#307 = VERTEX_POINT ( 'NONE', #2290 ) ;
#308 = DIRECTION ( 'NONE',  ( 1.000000000000000000, 0.000000000000000000, 0.000000000000000000 ) ) ;
#309 = DIRECTION ( 'NONE',  ( -1.249000902703300098E-13, 1.000000000000000000, -1.179611963664227814E-13 ) ) ;
#310 = CIRCLE ( 'NONE', #1970, 1.199999999999999734 ) ;
#311 = FACE_OUTER_BOUND ( 'NONE', #1947, .T. ) ;
#312 = CARTESIAN_POINT ( 'NONE',  ( 164.5243866176269876, 45.00000000000000000, -114.3198051533730109 ) ) ;
#313 = CARTESIAN_POINT ( 'NONE',  ( -57.50000000000000000, 123.0000000000000000, -197.1726188958000137 ) ) ;
#314 = PLANE ( 'NONE',  #2720 ) ;
#315 = DIRECTION ( 'NONE',  ( 1.000000000000000000, 0.000000000000000000, 0.000000000000000000 ) ) ;
#316 = EDGE_CURVE ( 'NONE', #5988, #5220, #4037, .T. ) ;
#317 = DIRECTION ( 'NONE',  ( 0.000000000000000000, 0.000000000000000000, -1.000000000000000000 ) ) ;
#318 = PLANE ( 'NONE',  #6027 ) ;
#319 = CARTESIAN_POINT ( 'NONE',  ( -20.00000000000000000, 92.48305456232999688, -199.1726188958000137 ) ) ;
#320 = ORIENTED_EDGE ( 'NONE', *, *, #5727, .T. ) ;
#321 = ORIENTED_EDGE ( 'NONE', *, *, #1663, .F. ) ;
#322 = PLANE ( 'NONE',  #4054 ) ;
#323 = DIRECTION ( 'NONE',  ( 0.000000000000000000, 0.000000000000000000, -1.000000000000000000 ) ) ;
#324 = ORIENTED_EDGE ( 'NONE', *, *, #3804, .F. ) ;
#325 = DIRECTION ( 'NONE',  ( 0.000000000000000000, 0.000000000000000000, -1.000000000000000000 ) ) ;
#326 = DIRECTION ( 'NONE',  ( -0.7071067811865475727, 0.000000000000000000, -0.7071067811865475727 ) ) ;
#327 = ORIENTED_EDGE ( 'NONE', *, *, #2161, .T. ) ;
#328 = EDGE_LOOP ( 'NONE', ( #3456, #2438, #3135, #170, #505 ) ) ;
#329 = CARTESIAN_POINT ( 'NONE',  ( 167.3528137423732005, 112.2382006122008846, -111.4913780286270111 ) ) ;
#330 = CARTESIAN_POINT ( 'NONE',  ( 164.5243866176267886, 67.76179938779915801, -114.3198051533729824 ) ) ;
#331 = ORIENTED_EDGE ( 'NONE', *, *, #608, .F. ) ;
#332 = DIRECTION ( 'NONE',  ( -1.000000000000000000, 0.000000000000000000, 0.000000000000000000 ) ) ;
#333 = ORIENTED_EDGE ( 'NONE', *, *, #1321, .F. ) ;
#334 = PRESENTATION_LAYER_ASSIGNMENT (  '', '', ( #2998 ) ) ;
#335 = CARTESIAN_POINT ( 'NONE',  ( 167.3528137423729731, 67.50000000000000000, -111.4913780286270111 ) ) ;
#336 = CARTESIAN_POINT ( 'NONE',  ( 123.7243253431999932, 41.39999999999999858, -155.1198664278999786 ) ) ;
#337 = LINE ( 'NONE', #1723, #3480 ) ;
#338 = FACE_OUTER_BOUND ( 'NONE', #3731, .T. ) ;
#339 = EDGE_CURVE ( 'NONE', #3685, #3995, #4488, .T. ) ;
#340 = EDGE_CURVE ( 'NONE', #4124, #431, #2126, .T. ) ;
#341 = VECTOR ( 'NONE', #5167, 1000.000000000000000 ) ;
#342 = ORIENTED_EDGE ( 'NONE', *, *, #2229, .T. ) ;
#343 = CARTESIAN_POINT ( 'NONE',  ( -167.3528137423732005, 45.26179938779915801, -111.4913780286270111 ) ) ;
#344 = CARTESIAN_POINT ( 'NONE',  ( 155.6855518527999607, 41.39999999999999858, -125.9870670429999961 ) ) ;
#345 = CARTESIAN_POINT ( 'NONE',  ( 96.99568901431999279, 12.00000000000000000, -181.8485027567000145 ) ) ;
#346 = EDGE_CURVE ( 'NONE', #1240, #662, #1328, .T. ) ;
#347 = AXIS2_PLACEMENT_3D ( 'NONE', #3461, #2940, #5311 ) ;
#348 = EDGE_CURVE ( 'NONE', #1555, #5807, #3691, .T. ) ;
#349 = CARTESIAN_POINT ( 'NONE',  ( 165.0871860658000116, 90.00000000000000000, -112.0541774767999925 ) ) ;
#350 = ORIENTED_EDGE ( 'NONE', *, *, #732, .F. ) ;
#351 = ORIENTED_EDGE ( 'NONE', *, *, #4978, .T. ) ;
#352 = CARTESIAN_POINT ( 'NONE',  ( 168.7670273047729950, 112.5000000000000000, -112.9055915910270045 ) ) ;
#353 = ORIENTED_EDGE ( 'NONE', *, *, #5290, .F. ) ;
#354 = B_SPLINE_CURVE_WITH_KNOTS ( 'NONE', 3,
 ( #2951, #4365, #1713, #5954, #4988, #2209, #761, #4519, #2183, #302, #3133, #3078, #701, #728, #5410, #3590, #1302, #4957 ),
 .UNSPECIFIED., .F., .F.,
 ( 4, 2, 2, 2, 2, 2, 2, 2, 4 ),
 ( -1.000000000000000000, -0.8750000000000000000, -0.7500000000000000000, -0.6250000000000000000, -0.5000000000000000000, -0.3750000000000000000, -0.2500000000000000000, -0.1250000000000000000, -0.000000000000000000 ),
 .UNSPECIFIED. ) ;
#355 = LINE ( 'NONE', #4113, #556 ) ;
#356 = ADVANCED_FACE ( 'NONE', ( #5185, #6034, #3252, #3762, #904, #2779, #4721, #4658, #1448, #468, #2809, #438, #3302, #4195, #928, #6067 ), #501, .T. ) ;
#357 = DIRECTION ( 'NONE',  ( 0.7071067811865475727, 0.000000000000000000, -0.7071067811865475727 ) ) ;
#358 = VERTEX_POINT ( 'NONE', #2381 ) ;
#359 = EDGE_LOOP ( 'NONE', ( #87, #4794, #2750, #3745 ) ) ;
#360 = CARTESIAN_POINT ( 'NONE',  ( 164.5611948112747598, 111.9765042312814245, -114.2829969597250823 ) ) ;
#361 = AXIS2_PLACEMENT_3D ( 'NONE', #2999, #3388, #60 ) ;
#362 = CARTESIAN_POINT ( 'NONE',  ( -168.2956227839730730, 67.50000000000000000, -112.4341870702269119 ) ) ;
#363 = ORIENTED_EDGE ( 'NONE', *, *, #4866, .T. ) ;
#364 = AXIS2_PLACEMENT_3D ( 'NONE', #1301, #3191, #848 ) ;
#365 = LINE ( 'NONE', #2246, #3002 ) ;
#366 = CARTESIAN_POINT ( 'NONE',  ( 168.0599205235999989, 67.50000000000000000, -110.7842712475000155 ) ) ;
#367 = ORIENTED_EDGE ( 'NONE', *, *, #5272, .F. ) ;
#368 = CARTESIAN_POINT ( 'NONE',  ( 98.40990257669999153, 123.0000000000000000, -183.2627163190999795 ) ) ;
#369 = CARTESIAN_POINT ( 'NONE',  ( -168.0599205235999989, 92.00000000000000000, -110.7842712475000155 ) ) ;
#370 = CARTESIAN_POINT ( 'NONE',  ( 168.2219140485004516, 65.90066631520362250, -113.4507048472996189 ) ) ;
#371 = CARTESIAN_POINT ( 'NONE',  ( 155.6855518527999607, 58.60000000000000142, -125.9870670429999961 ) ) ;
#372 = AXIS2_PLACEMENT_3D ( 'NONE', #1176, #5851, #4049 ) ;
#373 = EDGE_LOOP ( 'NONE', ( #4481, #2105, #791, #1285 ) ) ;
#374 = DIRECTION ( 'NONE',  ( -0.7071067811865474617, 0.000000000000000000, 0.7071067811865474617 ) ) ;
#375 = AXIS2_PLACEMENT_3D ( 'NONE', #2466, #88, #2500 ) ;
#376 = DIRECTION ( 'NONE',  ( -0.7071067811865475727, 0.000000000000000000, -0.7071067811865475727 ) ) ;
#377 = CARTESIAN_POINT ( 'NONE',  ( -165.2314933988000121, 43.00000000000000000, -116.4411254970000016 ) ) ;
#378 = CIRCLE ( 'NONE', #1076, 9.000000000000007105 ) ;
#379 = CIRCLE ( 'NONE', #6069, 9.000000000000000000 ) ;
#380 = CARTESIAN_POINT ( 'NONE',  ( 167.1676936199767169, 42.99999999999999289, -114.5049252758232683 ) ) ;
#381 = ORIENTED_EDGE ( 'NONE', *, *, #6060, .T. ) ;
#382 = VERTEX_POINT ( 'NONE', #2263 ) ;
#383 = EDGE_CURVE ( 'NONE', #3339, #5921, #5215, .T. ) ;
#384 = EDGE_CURVE ( 'NONE', #5220, #5988, #4776, .T. ) ;
#385 = DIRECTION ( 'NONE',  ( 0.000000000000000000, 0.000000000000000000, -1.000000000000000000 ) ) ;
#386 = VERTEX_POINT ( 'NONE', #3277 ) ;
#387 = FACE_OUTER_BOUND ( 'NONE', #3956, .T. ) ;
#388 = CYLINDRICAL_SURFACE ( 'NONE', #2167, 1.999999999999992895 ) ;
#389 = ORIENTED_EDGE ( 'NONE', *, *, #980, .F. ) ;
#390 = ORIENTED_EDGE ( 'NONE', *, *, #1989, .F. ) ;
#391 = DIRECTION ( 'NONE',  ( -0.000000000000000000, -0.000000000000000000, -1.000000000000000000 ) ) ;
#392 = EDGE_CURVE ( 'NONE', #3227, #762, #5154, .T. ) ;
#393 = CARTESIAN_POINT ( 'NONE',  ( 66.99999999998438227, 9.499999999999896971, -197.1726188958000137 ) ) ;
#394 = EDGE_LOOP ( 'NONE', ( #1564, #845, #2060, #4162 ) ) ;
#395 = VECTOR ( 'NONE', #5765, 1000.000000000000114 ) ;
#396 = DIRECTION ( 'NONE',  ( 6.938893903907222067E-14, -1.000000000000000000, -6.245004513516500491E-14 ) ) ;
#397 = EDGE_LOOP ( 'NONE', ( #4115, #3614, #5071, #2400 ) ) ;
#398 = AXIS2_PLACEMENT_3D ( 'NONE', #6062, #3355, #1386 ) ;
#399 = CARTESIAN_POINT ( 'NONE',  ( 98.49023111524856233, 125.5000000000048601, -195.1823877805514371 ) ) ;
#400 = CARTESIAN_POINT ( 'NONE',  ( -60.00000000000000000, 12.00000000000000000, -199.1726188958000137 ) ) ;
#401 = CARTESIAN_POINT ( 'NONE',  ( -163.8172798364269056, 67.50000000000000000, -117.8553390593730938 ) ) ;
#402 = AXIS2_PLACEMENT_3D ( 'NONE', #5503, #1599, #2761 ) ;
#403 = DIRECTION ( 'NONE',  ( -0.000000000000000000, -0.000000000000000000, -1.000000000000000000 ) ) ;
#404 = B_SPLINE_CURVE_WITH_KNOTS ( 'NONE', 3,
 ( #4058, #5926, #1710, #5980, #5497, #2667, #3589, #2605, #1273, #5469, #5044, #270, #2727, #1241, #3131, #4490, #2147, #4025 ),
 .UNSPECIFIED., .F., .F.,
 ( 4, 2, 2, 2, 2, 2, 2, 2, 4 ),
 ( -1.000000000000000000, -0.8750000000000000000, -0.7500000000000000000, -0.6250000000000000000, -0.5000000000000000000, -0.3750000000000000000, -0.2500000000000000000, -0.1250000000000000000, -0.000000000000000000 ),
 .UNSPECIFIED. ) ;
#405 = FACE_OUTER_BOUND ( 'NONE', #3275, .T. ) ;
#406 = DIRECTION ( 'NONE',  ( 0.000000000000000000, 0.000000000000000000, -1.000000000000000000 ) ) ;
#407 = AXIS2_PLACEMENT_3D ( 'NONE', #3897, #2079, #2514 ) ;
#408 = EDGE_CURVE ( 'NONE', #1453, #5379, #4227, .T. ) ;
#409 = DIRECTION ( 'NONE',  ( 0.7071067811865475727, 0.000000000000000000, -0.7071067811865475727 ) ) ;
#410 = VERTEX_POINT ( 'NONE', #10 ) ;
#411 = ORIENTED_EDGE ( 'NONE', *, *, #570, .F. ) ;
#412 = CARTESIAN_POINT ( 'NONE',  ( 168.0599205235999989, 45.00000000000000000, -110.7842712475000155 ) ) ;
#413 = ORIENTED_EDGE ( 'NONE', *, *, #4719, .F. ) ;
#414 = CYLINDRICAL_SURFACE ( 'NONE', #5847, 1.999999999999992895 ) ;
#415 = ADVANCED_FACE ( 'NONE', ( #4140 ), #1333, .F. ) ;
#416 = EDGE_CURVE ( 'NONE', #4948, #3227, #1157, .T. ) ;
#417 = CARTESIAN_POINT ( 'NONE',  ( 165.2314933988000121, 65.50000000000000000, -116.4411254970000016 ) ) ;
#418 = EDGE_LOOP ( 'NONE', ( #2492, #3957 ) ) ;
#419 = ORIENTED_EDGE ( 'NONE', *, *, #931, .F. ) ;
#420 = CARTESIAN_POINT ( 'NONE',  ( -168.4837134362996665, 66.27090656005019298, -113.1889054595005035 ) ) ;
#421 = CARTESIAN_POINT ( 'NONE',  ( -165.5684327720166493, 91.94794535333662111, -113.2757589989833491 ) ) ;
#422 = ORIENTED_EDGE ( 'NONE', *, *, #463, .T. ) ;
#423 = FACE_OUTER_BOUND ( 'NONE', #4496, .T. ) ;
#424 = ORIENTED_EDGE ( 'NONE', *, *, #4937, .T. ) ;
#425 = CARTESIAN_POINT ( 'NONE',  ( 166.3087675879833682, 65.55205464666336468, -112.5354241830166586 ) ) ;
#426 = DIRECTION ( 'NONE',  ( -0.7071067811865475727, -0.000000000000000000, 0.7071067811865474617 ) ) ;
#427 = CARTESIAN_POINT ( 'NONE',  ( 163.8172798364999778, 43.00000000000000000, -115.0269119346000082 ) ) ;
#428 = CARTESIAN_POINT ( 'NONE',  ( -167.8242182631730941, 90.00000000000000000, -111.9627825494269047 ) ) ;
#429 = EDGE_CURVE ( 'NONE', #1825, #5901, #2039, .T. ) ;
#430 = CARTESIAN_POINT ( 'NONE',  ( -167.0694998738995878, 46.22909343994984255, -111.7746918971004959 ) ) ;
#431 = VERTEX_POINT ( 'NONE', #2936 ) ;
#432 = CARTESIAN_POINT ( 'NONE',  ( -166.4837134362994959, 43.40066631520362961, -115.1889054595003898 ) ) ;
#433 = DIRECTION ( 'NONE',  ( 0.7071067811865475727, 0.000000000000000000, -0.7071067811865475727 ) ) ;
#434 = AXIS2_PLACEMENT_3D ( 'NONE', #712, #2032, #5844 ) ;
#435 = CARTESIAN_POINT ( 'NONE',  ( 167.3160055487252862, 89.47650423128145292, -111.5281862222749680 ) ) ;
#436 = ORIENTED_EDGE ( 'NONE', *, *, #760, .F. ) ;
#437 = ORIENTED_EDGE ( 'NONE', *, *, #158, .T. ) ;
#438 = FACE_BOUND ( 'NONE', #4934, .T. ) ;
#439 = DIRECTION ( 'NONE',  ( -0.7071067811865475727, 0.000000000000000000, -0.7071067811865475727 ) ) ;
#440 = OPEN_SHELL ( 'NONE', ( #3276, #842 ) ) ;
#441 = LINE ( 'NONE', #37, #543 ) ;
#442 = AXIS2_PLACEMENT_3D ( 'NONE', #724, #5406, #5951 ) ;
#443 = AXIS2_PLACEMENT_3D ( 'NONE', #955, #5521, #6004 ) ;
#445 = CARTESIAN_POINT ( 'NONE',  ( 163.8172798364999778, 47.00000000000000000, -115.0269119346000082 ) ) ;
#444 = B_SPLINE_CURVE_WITH_KNOTS ( 'NONE', 3,
 ( #2797, #4841, #2495, #3473, #2025, #2958, #618, #2556, #213, #4400, #1566, #2585, #5297, #1630, #180, #2524, #2091, #5264 ),
 .UNSPECIFIED., .F., .F.,
 ( 4, 2, 2, 2, 2, 2, 2, 2, 4 ),
 ( -1.000000000000000000, -0.8750000000000000000, -0.7500000000000000000, -0.6250000000000000000, -0.5000000000000000000, -0.3750000000000000000, -0.2500000000000000000, -0.1250000000000000000, -0.000000000000000000 ),
 .UNSPECIFIED. ) ;
#446 = EDGE_LOOP ( 'NONE', ( #4584, #4753, #413, #5062 ) ) ;
#447 = ORIENTED_EDGE ( 'NONE', *, *, #4453, .F. ) ;
#448 = DIRECTION ( 'NONE',  ( -0.7071067811865476838, 0.000000000000000000, -0.7071067811865474617 ) ) ;
#449 = CARTESIAN_POINT ( 'NONE',  ( -166.3087675879833682, 91.94794535333662111, -112.5354241830166586 ) ) ;
#450 = EDGE_CURVE ( 'NONE', #1644, #2583, #3519, .T. ) ;
#451 = VERTEX_POINT ( 'NONE', #5309 ) ;
#452 = CYLINDRICAL_SURFACE ( 'NONE', #2508, 1.999999999999992895 ) ;
#453 = ADVANCED_FACE ( 'NONE', ( #2972 ), #5792, .F. ) ;
#454 = CARTESIAN_POINT ( 'NONE',  ( 168.0599205235999989, 65.50000000000000000, -110.7842712475000155 ) ) ;
#455 = CARTESIAN_POINT ( 'NONE',  ( 168.0650385347090321, 46.74757277670851607, -113.6075803610909958 ) ) ;
#456 = CIRCLE ( 'NONE', #2426, 1.200000000000011502 ) ;
#457 = FACE_OUTER_BOUND ( 'NONE', #5046, .T. ) ;
#458 = CARTESIAN_POINT ( 'NONE',  ( -165.0871860658000116, 22.50000000000000000, -112.0541774767999925 ) ) ;
#459 = VECTOR ( 'NONE', #3763, 1000.000000000000000 ) ;
#460 = CYLINDRICAL_SURFACE ( 'NONE', #3643, 1.999999999999992895 ) ;
#461 = ORIENTED_EDGE ( 'NONE', *, *, #2455, .T. ) ;
#462 = CARTESIAN_POINT ( 'NONE',  ( 166.1237203024233224, 92.00000000000001421, -112.7204714685767328 ) ) ;
#463 = EDGE_CURVE ( 'NONE', #4258, #2554, #1581, .T. ) ;
#464 = DIRECTION ( 'NONE',  ( -0.7071067811865475727, 0.000000000000000000, -0.7071067811865475727 ) ) ;
#465 = CARTESIAN_POINT ( 'NONE',  ( -168.0599205235999989, 47.00000000000000000, -110.7842712475000155 ) ) ;
#466 = VERTEX_POINT ( 'NONE', #3919 ) ;
#467 = ORIENTED_EDGE ( 'NONE', *, *, #5578, .F. ) ;
#468 = FACE_BOUND ( 'NONE', #2291, .T. ) ;
#469 = EDGE_LOOP ( 'NONE', ( #2694, #2155 ) ) ;
#470 = VECTOR ( 'NONE', #4499, 1000.000000000000000 ) ;
#471 = CARTESIAN_POINT ( 'NONE',  ( -168.7670273047729950, 45.00000000000000000, -112.9055915910270045 ) ) ;
#472 = CARTESIAN_POINT ( 'NONE',  ( 173.0096679918999882, 0.000000000000000000, -108.6629509039000112 ) ) ;
#473 = VERTEX_POINT ( 'NONE', #129 ) ;
#474 = VECTOR ( 'NONE', #3880, 1000.000000000000114 ) ;
#475 = CIRCLE ( 'NONE', #4309, 2.000000000000001776 ) ;
#476 = ORIENTED_EDGE ( 'NONE', *, *, #4908, .F. ) ;
#477 = CARTESIAN_POINT ( 'NONE',  ( -168.0650385347090321, 65.75242722329147682, -113.6075803610909958 ) ) ;
#478 = CARTESIAN_POINT ( 'NONE',  ( 168.4837134362996665, 88.77090656005015035, -113.1889054595004893 ) ) ;
#479 = VERTEX_POINT ( 'NONE', #994 ) ;
#480 = CARTESIAN_POINT ( 'NONE',  ( 13.00000000000000000, 50.00000000000000000, -199.1726188958000137 ) ) ;
#481 = ADVANCED_FACE ( 'NONE', ( #629 ), #1119, .F. ) ;
#482 = ORIENTED_EDGE ( 'NONE', *, *, #4135, .F. ) ;
#483 = AXIS2_PLACEMENT_3D ( 'NONE', #1859, #38, #3740 ) ;
#484 = DIRECTION ( 'NONE',  ( 0.7071067811865474617, 0.000000000000000000, -0.7071067811865474617 ) ) ;
#485 = CARTESIAN_POINT ( 'NONE',  ( 96.99568901431999279, 12.00000000000000000, -181.8485027567000145 ) ) ;
#486 = DIRECTION ( 'NONE',  ( 0.000000000000000000, 0.000000000000000000, -1.000000000000000000 ) ) ;
#487 = AXIS2_PLACEMENT_3D ( 'NONE', #5942, #5971, #4538 ) ;
#488 = EDGE_CURVE ( 'NONE', #3186, #4165, #4108, .T. ) ;
#489 = ADVANCED_FACE ( 'NONE', ( #2072 ), #3485, .F. ) ;
#490 = CARTESIAN_POINT ( 'NONE',  ( -166.1237203024232940, 47.00000000000000000, -112.7204714685767470 ) ) ;
#491 = EDGE_LOOP ( 'NONE', ( #2481, #4930, #4245, #3219, #2121 ) ) ;
#492 = CARTESIAN_POINT ( 'NONE',  ( -168.5885343034276502, 43.99276203925818862, -113.0840845923724629 ) ) ;
#493 = AXIS2_PLACEMENT_3D ( 'NONE', #4491, #271, #2148 ) ;
#494 = DIRECTION ( 'NONE',  ( -0.7071067811865975328, 0.000000000000000000, 0.7071067811864976127 ) ) ;
#495 = ADVANCED_FACE ( 'NONE', ( #1512 ), #2412, .F. ) ;
#496 = LINE ( 'NONE', #1789, #839 ) ;
#497 = PRODUCT ( '\X2\7b2c4e005c42591658f3\X0\', '\X2\7b2c4e005c42591658f3\X0\', '', ( #2822 ) ) ;
#498 = VERTEX_POINT ( 'NONE', #1941 ) ;
#499 = VERTEX_POINT ( 'NONE', #3426 ) ;
#500 = AXIS2_PLACEMENT_3D ( 'NONE', #5657, #152, #55 ) ;
#501 = PLANE ( 'NONE',  #1820 ) ;
#502 = ORIENTED_EDGE ( 'NONE', *, *, #3501, .T. ) ;
#503 = DIRECTION ( 'NONE',  ( 0.000000000000000000, -1.000000000000000000, 0.000000000000000000 ) ) ;
#504 = CARTESIAN_POINT ( 'NONE',  ( -20.00000000000000000, 102.4830545622999978, -197.1726188958000137 ) ) ;
#505 = ORIENTED_EDGE ( 'NONE', *, *, #2200, .F. ) ;
#506 = VERTEX_POINT ( 'NONE', #3823 ) ;
#507 = DIRECTION ( 'NONE',  ( -1.000000000000000000, 0.000000000000000000, 0.000000000000000000 ) ) ;
#508 = FACE_OUTER_BOUND ( 'NONE', #5536, .T. ) ;
#509 = ORIENTED_EDGE ( 'NONE', *, *, #4978, .F. ) ;
#510 = CARTESIAN_POINT ( 'NONE',  ( 167.3528137423729731, 22.50000000000000000, -111.4913780286270111 ) ) ;
#511 = CARTESIAN_POINT ( 'NONE',  ( -70.00000000001537614, 9.499999999999953815, -197.1726188958000137 ) ) ;
#512 = ORIENTED_EDGE ( 'NONE', *, *, #1060, .T. ) ;
#513 = CARTESIAN_POINT ( 'NONE',  ( -40.06702755360861090, 125.5000000000047748, -197.1726188958000137 ) ) ;
#514 = DIRECTION ( 'NONE',  ( -0.7071067811865475727, 0.000000000000000000, 0.7071067811865475727 ) ) ;
#515 = CYLINDRICAL_SURFACE ( 'NONE', #2642, 9.999999999999998224 ) ;
#516 = DIRECTION ( 'NONE',  ( -0.7071067811865474617, 0.000000000000000000, 0.7071067811865474617 ) ) ;
#517 = VERTEX_POINT ( 'NONE', #1062 ) ;
#518 = CARTESIAN_POINT ( 'NONE',  ( 148.6144840409000096, 50.00000000000000000, -130.2297077301000172 ) ) ;
#519 = DIRECTION ( 'NONE',  ( 0.7071067811865475727, 0.000000000000000000, -0.7071067811865475727 ) ) ;
#520 = ADVANCED_FACE ( 'NONE', ( #4819 ), #1023, .F. ) ;
#521 = EDGE_CURVE ( 'NONE', #3736, #1030, #5760, .T. ) ;
#522 = DIRECTION ( 'NONE',  ( -0.7071067811865475727, 0.000000000000000000, 0.7071067811865475727 ) ) ;
#523 = DIRECTION ( 'NONE',  ( -0.000000000000000000, 1.000000000000000000, 0.000000000000000000 ) ) ;
#524 = ORIENTED_EDGE ( 'NONE', *, *, #4719, .T. ) ;
#525 = ORIENTED_EDGE ( 'NONE', *, *, #316, .T. ) ;
#526 = CARTESIAN_POINT ( 'NONE',  ( -165.2263753876909789, 43.25242722329148393, -113.6178163833089911 ) ) ;
#527 = AXIS2_PLACEMENT_3D ( 'NONE', #1897, #2339, #548 ) ;
#528 = CARTESIAN_POINT ( 'NONE',  ( 165.9754083736748385, 21.97650423128144581, -115.6972105221250899 ) ) ;
#529 = CARTESIAN_POINT ( 'NONE',  ( -167.7229811503833616, 91.94794535333662111, -113.9496377454166804 ) ) ;
#530 = LINE ( 'NONE', #877, #2233 ) ;
#531 = AXIS2_PLACEMENT_3D ( 'NONE', #4995, #1719, #3598 ) ;
#532 = CARTESIAN_POINT ( 'NONE',  ( 166.4837134362994959, 69.09933368479637750, -115.1889054595003898 ) ) ;
#533 = ORIENTED_EDGE ( 'NONE', *, *, #3805, .T. ) ;
#534 = VERTEX_POINT ( 'NONE', #5458 ) ;
#535 = DIRECTION ( 'NONE',  ( 0.000000000000000000, 0.000000000000000000, -1.000000000000000000 ) ) ;
#536 = DIRECTION ( 'NONE',  ( 0.000000000000000000, 0.000000000000000000, -1.000000000000000000 ) ) ;
#537 = ORIENTED_EDGE ( 'NONE', *, *, #4493, .F. ) ;
#538 = EDGE_CURVE ( 'NONE', #703, #790, #1442, .T. ) ;
#539 = VECTOR ( 'NONE', #1583, 1000.000000000000114 ) ;
#540 = DIRECTION ( 'NONE',  ( -0.7071067811865474617, 0.000000000000000000, -0.7071067811865474617 ) ) ;
#541 = CARTESIAN_POINT ( 'NONE',  ( 164.9957911384268812, 22.50000000000000355, -114.7912096741730892 ) ) ;
#542 = VECTOR ( 'NONE', #494, 1000.000000000000114 ) ;
#543 = VECTOR ( 'NONE', #2415, 1000.000000000000114 ) ;
#544 = CARTESIAN_POINT ( 'NONE',  ( -62.50000000000000000, 12.00000000000000000, -199.1726188958000137 ) ) ;
#545 = VECTOR ( 'NONE', #5613, 1000.000000000000114 ) ;
#546 = ORIENTED_EDGE ( 'NONE', *, *, #2679, .T. ) ;
#547 = CARTESIAN_POINT ( 'NONE',  ( 165.2314933988000121, 20.50000000000000000, -116.4411254970000016 ) ) ;
#548 = DIRECTION ( 'NONE',  ( 1.000000000000000000, 0.000000000000000000, 0.000000000000000000 ) ) ;
#549 = DIRECTION ( 'NONE',  ( -0.7071067811865475727, 0.000000000000000000, -0.7071067811865475727 ) ) ;
#550 = CARTESIAN_POINT ( 'NONE',  ( 40.06702755367646773, 125.5000000000048601, -188.6873375215614317 ) ) ;
#551 = AXIS2_PLACEMENT_3D ( 'NONE', #5906, #1692, #3570 ) ;
#552 = AXIS2_PLACEMENT_3D ( 'NONE', #5883, #654, #1605 ) ;
#553 = ORIENTED_EDGE ( 'NONE', *, *, #826, .F. ) ;
#554 = CARTESIAN_POINT ( 'NONE',  ( -167.5379338648232590, 88.00000000000000000, -114.1346850309767404 ) ) ;
#555 = FACE_OUTER_BOUND ( 'NONE', #198, .T. ) ;
#556 = VECTOR ( 'NONE', #1767, 1000.000000000000114 ) ;
#557 = CARTESIAN_POINT ( 'NONE',  ( -98.40990257669999153, 12.00000000000000000, -183.2627163190999795 ) ) ;
#558 = CARTESIAN_POINT ( 'NONE',  ( 165.0694998738995025, 88.40066631520363671, -113.7746918971003964 ) ) ;
#559 = EDGE_LOOP ( 'NONE', ( #1122, #3754, #3862, #1780 ) ) ;
#560 = ORIENTED_EDGE ( 'NONE', *, *, #5907, .F. ) ;
#561 = EDGE_CURVE ( 'NONE', #307, #4595, #3034, .T. ) ;
#562 = CARTESIAN_POINT ( 'NONE',  ( 168.7670273047731655, 90.26179938779915801, -112.9055915910270045 ) ) ;
#563 = DIRECTION ( 'NONE',  ( -0.000000000000000000, -0.000000000000000000, -1.000000000000000000 ) ) ;
#564 = CARTESIAN_POINT ( 'NONE',  ( -169.4741340859000047, 112.6250000000000000, -112.1984848097999929 ) ) ;
#565 = CARTESIAN_POINT ( 'NONE',  ( 98.40990257669999153, 123.0000000000000000, -183.2627163190999795 ) ) ;
#566 = AXIS2_PLACEMENT_3D ( 'NONE', #1482, #5245, #598 ) ;
#567 = CARTESIAN_POINT ( 'NONE',  ( 167.5379338648232590, 69.50000000000000000, -114.1346850309767404 ) ) ;
#568 = EDGE_LOOP ( 'NONE', ( #3767, #4699, #3409, #5694 ) ) ;
#569 = VERTEX_POINT ( 'NONE', #5431 ) ;
#570 = EDGE_CURVE ( 'NONE', #5618, #4316, #3551, .T. ) ;
#571 = CARTESIAN_POINT ( 'NONE',  ( -164.5611948112747598, 89.47650423128145292, -114.2829969597250681 ) ) ;
#572 = FACE_OUTER_BOUND ( 'NONE', #3797, .T. ) ;
#573 = VECTOR ( 'NONE', #2308, 1000.000000000000114 ) ;
#574 = EDGE_LOOP ( 'NONE', ( #5205, #2565, #4663, #2878 ) ) ;
#575 = DIRECTION ( 'NONE',  ( 0.7071067811865451302, 0.000000000000000000, -0.7071067811865497932 ) ) ;
#576 = CARTESIAN_POINT ( 'NONE',  ( -67.00000000001537614, 9.499999999999953815, -107.2477373414999846 ) ) ;
#577 = VECTOR ( 'NONE', #831, 1000.000000000000114 ) ;
#578 = CARTESIAN_POINT ( 'NONE',  ( -164.5611948112747598, 66.97650423128145292, -114.2829969597250681 ) ) ;
#579 = ORIENTED_EDGE ( 'NONE', *, *, #4493, .T. ) ;
#580 = EDGE_CURVE ( 'NONE', #358, #5732, #4943, .T. ) ;
#581 = ORIENTED_EDGE ( 'NONE', *, *, #1656, .T. ) ;
#582 = FACE_BOUND ( 'NONE', #5593, .T. ) ;
#583 = DIRECTION ( 'NONE',  ( -0.7071067811865975328, 0.000000000000000000, 0.7071067811864976127 ) ) ;
#584 = DIRECTION ( 'NONE',  ( -1.000000000000000000, 0.000000000000000000, 0.000000000000000000 ) ) ;
#585 = ORIENTED_EDGE ( 'NONE', *, *, #1246, .F. ) ;
#586 = CARTESIAN_POINT ( 'NONE',  ( -166.1170931813723541, 88.99276203925819573, -115.5555257144275316 ) ) ;
#587 = CARTESIAN_POINT ( 'NONE',  ( -156.5340799901999844, 41.39999999999999858, -125.1385389054999990 ) ) ;
#588 = VECTOR ( 'NONE', #6080, 1000.000000000000114 ) ;
#589 = AXIS2_PLACEMENT_3D ( 'NONE', #3280, #5554, #3225 ) ;
#590 = DIRECTION ( 'NONE',  ( -1.000000000000000000, 0.000000000000000000, 0.000000000000000000 ) ) ;
#591 = VECTOR ( 'NONE', #3800, 1000.000000000000114 ) ;
#592 = DIRECTION ( 'NONE',  ( 0.7071067811865475727, 0.000000000000000000, -0.7071067811865475727 ) ) ;
#593 = CARTESIAN_POINT ( 'NONE',  ( 164.5611948112747598, 89.47650423128146713, -114.2829969597250823 ) ) ;
#594 = ORIENTED_EDGE ( 'NONE', *, *, #1703, .T. ) ;
#595 = ORIENTED_EDGE ( 'NONE', *, *, #1125, .T. ) ;
#596 = DIRECTION ( 'NONE',  ( 0.7071067811865477948, -0.000000000000000000, -0.7071067811865473507 ) ) ;
#597 = CIRCLE ( 'NONE', #3446, 1.200000000000001732 ) ;
#598 = DIRECTION ( 'NONE',  ( 1.000000000000000000, 0.000000000000000000, 0.000000000000000000 ) ) ;
#599 = CARTESIAN_POINT ( 'NONE',  ( -165.9386001800268104, 90.26179938779915801, -115.7340187157729758 ) ) ;
#600 = DIRECTION ( 'NONE',  ( 0.7071067811865474617, 0.000000000000000000, 0.7071067811865474617 ) ) ;
#601 = CARTESIAN_POINT ( 'NONE',  ( -168.7670273047729950, 90.00000000000000000, -112.9055915910270045 ) ) ;
#602 = ORIENTED_EDGE ( 'NONE', *, *, #113, .F. ) ;
#603 = ORIENTED_EDGE ( 'NONE', *, *, #4600, .F. ) ;
#604 = AXIS2_PLACEMENT_3D ( 'NONE', #3324, #1047, #3909 ) ;
#605 = CARTESIAN_POINT ( 'NONE',  ( -166.6508249723090671, 88.25242722329147682, -112.1933667986910024 ) ) ;
#606 = LINE ( 'NONE', #5288, #788 ) ;
#607 = EDGE_LOOP ( 'NONE', ( #5098, #1622 ) ) ;
#608 = EDGE_CURVE ( 'NONE', #3195, #5807, #1231, .T. ) ;
#609 = CIRCLE ( 'NONE', #5426, 2.500000000000002220 ) ;
#610 = CARTESIAN_POINT ( 'NONE',  ( -164.5243866176269876, 22.50000000000000000, -114.3198051533730109 ) ) ;
#611 = DIRECTION ( 'NONE',  ( 0.7071067811865475727, 0.000000000000000000, 0.7071067811865475727 ) ) ;
#612 = EDGE_CURVE ( 'NONE', #5472, #1644, #3122, .T. ) ;
#613 = CARTESIAN_POINT ( 'NONE',  ( -167.3528137423729731, 22.50000000000000000, -111.4913780286270111 ) ) ;
#614 = EDGE_LOOP ( 'NONE', ( #467, #1105, #3678, #4629 ) ) ;
#615 = ORIENTED_EDGE ( 'NONE', *, *, #6058, .F. ) ;
#616 = CARTESIAN_POINT ( 'NONE',  ( -167.3160055487252862, 68.02349576871856129, -111.5281862222749680 ) ) ;
#617 = EDGE_CURVE ( 'NONE', #3741, #5243, #3674, .T. ) ;
#618 = CARTESIAN_POINT ( 'NONE',  ( 168.0650385347090321, 114.2475727767085516, -113.6075803610909958 ) ) ;
#619 = DIRECTION ( 'NONE',  ( -1.000000000000000000, 0.000000000000000000, 0.000000000000000000 ) ) ;
#620 = ORIENTED_EDGE ( 'NONE', *, *, #429, .F. ) ;
#621 = CARTESIAN_POINT ( 'NONE',  ( -165.2314933988000121, 114.5000000000000000, -116.4411254970000016 ) ) ;
#622 = FACE_OUTER_BOUND ( 'NONE', #4994, .T. ) ;
#623 = CARTESIAN_POINT ( 'NONE',  ( -87.30889521534669484, 125.5000000000048317, -194.3637236804533757 ) ) ;
#624 = ADVANCED_FACE ( 'NONE', ( #3607 ), #5005, .F. ) ;
#625 = DIRECTION ( 'NONE',  ( 0.000000000000000000, -1.000000000000000000, 0.000000000000000000 ) ) ;
#626 = CARTESIAN_POINT ( 'NONE',  ( -125.4213816179999839, 41.39999999999999858, -153.4228101530000004 ) ) ;
#627 = VERTEX_POINT ( 'NONE', #3092 ) ;
#628 = CARTESIAN_POINT ( 'NONE',  ( -166.1237203024233224, 42.99999999999998579, -112.7204714685767328 ) ) ;
#629 = FACE_OUTER_BOUND ( 'NONE', #1623, .T. ) ;
#630 = CARTESIAN_POINT ( 'NONE',  ( -168.0599205235999989, 24.50000000000000000, -110.7842712475000155 ) ) ;
#631 = CARTESIAN_POINT ( 'NONE',  ( -123.8657466994000060, 50.00000000000000000, -154.9784450715999924 ) ) ;
#632 = ORIENTED_EDGE ( 'NONE', *, *, #3313, .T. ) ;
#633 = ORIENTED_EDGE ( 'NONE', *, *, #4796, .T. ) ;
#634 = AXIS2_PLACEMENT_3D ( 'NONE', #3238, #3292, #2309 ) ;
#635 = CARTESIAN_POINT ( 'NONE',  ( -166.9826463344166427, 65.55205464666337889, -114.6899725613833283 ) ) ;
#636 = CARTESIAN_POINT ( 'NONE',  ( 125.9870670429999961, 58.60000000000000142, -155.6855518527999607 ) ) ;
#637 = VERTEX_POINT ( 'NONE', #5487 ) ;
#638 = DIRECTION ( 'NONE',  ( 0.7071067811865969777, 0.000000000000000000, -0.7071067811864980568 ) ) ;
#639 = CARTESIAN_POINT ( 'NONE',  ( -168.2219140485004516, 46.59933368479637039, -113.4507048472996189 ) ) ;
#640 = VECTOR ( 'NONE', #4617, 1000.000000000000114 ) ;
#641 = CARTESIAN_POINT ( 'NONE',  ( -167.0694998738995878, 23.72909343994983544, -111.7746918971004959 ) ) ;
#642 = VERTEX_POINT ( 'NONE', #5918 ) ;
#643 = EDGE_CURVE ( 'NONE', #3309, #627, #2171, .T. ) ;
#644 = ORIENTED_EDGE ( 'NONE', *, *, #4207, .T. ) ;
#645 = FACE_BOUND ( 'NONE', #277, .T. ) ;
#646 = CARTESIAN_POINT ( 'NONE',  ( -166.2219140485003948, 21.27090656005016811, -115.4507048472995194 ) ) ;
#647 = AXIS2_PLACEMENT_3D ( 'NONE', #59, #4883, #2970 ) ;
#648 = FACE_OUTER_BOUND ( 'NONE', #2662, .T. ) ;
#649 = ORIENTED_EDGE ( 'NONE', *, *, #5056, .F. ) ;
#650 = CARTESIAN_POINT ( 'NONE',  ( 163.8172798364999778, 22.50000000000000000, -115.0269119346000082 ) ) ;
#651 = CARTESIAN_POINT ( 'NONE',  ( -82.01600199653127277, 125.5000000000048317, -184.8281897745186484 ) ) ;
#652 = DIRECTION ( 'NONE',  ( 0.000000000000000000, 0.000000000000000000, -1.000000000000000000 ) ) ;
#653 = DIRECTION ( 'NONE',  ( 0.000000000000000000, 0.000000000000000000, 1.000000000000000000 ) ) ;
#654 = DIRECTION ( 'NONE',  ( 0.000000000000000000, 0.000000000000000000, -1.000000000000000000 ) ) ;
#655 = ORIENTED_EDGE ( 'NONE', *, *, #3512, .F. ) ;
#656 = CARTESIAN_POINT ( 'NONE',  ( -164.8077004861003729, 43.77090656005017877, -114.0364912848995260 ) ) ;
#657 = EDGE_CURVE ( 'NONE', #5901, #663, #5834, .T. ) ;
#658 = AXIS2_PLACEMENT_3D ( 'NONE', #4821, #3004, #660 ) ;
#659 = CARTESIAN_POINT ( 'NONE',  ( 168.4837134362996665, 21.27090656005016811, -113.1889054595004893 ) ) ;
#660 = DIRECTION ( 'NONE',  ( 1.000000000000000000, 0.000000000000000000, 0.000000000000000000 ) ) ;
#661 = CARTESIAN_POINT ( 'NONE',  ( 167.1676936199767454, 69.50000000000001421, -114.5049252758232683 ) ) ;
#662 = VERTEX_POINT ( 'NONE', #1702 ) ;
#663 = VERTEX_POINT ( 'NONE', #780 ) ;
#664 = CYLINDRICAL_SURFACE ( 'NONE', #2188, 1.999999999999992895 ) ;
#665 = ORIENTED_EDGE ( 'NONE', *, *, #1138, .F. ) ;
#666 = CARTESIAN_POINT ( 'NONE',  ( 165.7534800575767235, 114.5000000000000142, -113.0907117134232465 ) ) ;
#667 = CARTESIAN_POINT ( 'NONE',  ( -167.1676936199767169, 47.00000000000000711, -114.5049252758232683 ) ) ;
#668 = CARTESIAN_POINT ( 'NONE',  ( 162.4030662740769060, 67.50000000000000000, -116.4411254970230942 ) ) ;
#669 = EDGE_LOOP ( 'NONE', ( #5251, #4851, #5255, #1029 ) ) ;
#670 = CIRCLE ( 'NONE', #2541, 3.000000000000002665 ) ;
#671 = B_SPLINE_CURVE_WITH_KNOTS ( 'NONE', 3,
 ( #3088, #4071, #3603, #3148, #806, #3209, #2282, #3663, #4156, #1491, #5090, #3372, #892, #4099, #3178, #5967, #1036, #510 ),
 .UNSPECIFIED., .F., .F.,
 ( 4, 2, 2, 2, 2, 2, 2, 2, 4 ),
 ( -1.000000000000000000, -0.8750000000000000000, -0.7500000000000000000, -0.6250000000000000000, -0.5000000000000000000, -0.3750000000000000000, -0.2500000000000000000, -0.1250000000000000000, -0.000000000000000000 ),
 .UNSPECIFIED. ) ;
#672 = CARTESIAN_POINT ( 'NONE',  ( -171.5954544295000233, 135.0000000000000000, -107.2487373414999894 ) ) ;
#673 = VERTEX_POINT ( 'NONE', #3154 ) ;
#674 = FACE_BOUND ( 'NONE', #901, .T. ) ;
#675 = CARTESIAN_POINT ( 'NONE',  ( -166.6405889500909439, 20.75242722329148393, -115.0320299457089988 ) ) ;
#676 = AXIS2_PLACEMENT_3D ( 'NONE', #5569, #5686, #5628 ) ;
#677 = ORIENTED_EDGE ( 'NONE', *, *, #2728, .T. ) ;
#678 = CARTESIAN_POINT ( 'NONE',  ( -165.9754083736747532, 89.47650423128146713, -115.6972105221250615 ) ) ;
#679 = FACE_OUTER_BOUND ( 'NONE', #4147, .T. ) ;
#680 = CARTESIAN_POINT ( 'NONE',  ( -164.5243866176267886, 112.2382006122008846, -114.3198051533729824 ) ) ;
#681 = CARTESIAN_POINT ( 'NONE',  ( -168.0650385347090321, 114.2475727767085090, -113.6075803610909958 ) ) ;
#682 = EDGE_CURVE ( 'NONE', #2772, #2554, #2102, .T. ) ;
#683 = EDGE_CURVE ( 'NONE', #5491, #1732, #3973, .T. ) ;
#684 = VECTOR ( 'NONE', #2030, 1000.000000000000000 ) ;
#685 = DIRECTION ( 'NONE',  ( 0.7071067811865975328, 0.000000000000000000, -0.7071067811864976127 ) ) ;
#686 = ORIENTED_EDGE ( 'NONE', *, *, #2493, .F. ) ;
#687 = CARTESIAN_POINT ( 'NONE',  ( 166.6405889500909439, 91.74757277670852318, -115.0320299457089988 ) ) ;
#688 = CIRCLE ( 'NONE', #1463, 2.000000000000001776 ) ;
#689 = DIRECTION ( 'NONE',  ( 0.7071067811865975328, 0.000000000000000000, -0.7071067811864976127 ) ) ;
#690 = EDGE_CURVE ( 'NONE', #2224, #1981, #3578, .T. ) ;
#691 = CARTESIAN_POINT ( 'NONE',  ( -168.7670273047729950, 67.50000000000000000, -112.9055915910270045 ) ) ;
#692 = AXIS2_PLACEMENT_3D ( 'NONE', #2657, #1012, #2892 ) ;
#693 = CARTESIAN_POINT ( 'NONE',  ( 166.9826463344166427, 43.05205464666336468, -114.6899725613833567 ) ) ;
#694 = EDGE_LOOP ( 'NONE', ( #595, #2962, #227, #2571 ) ) ;
#695 = ORIENTED_EDGE ( 'NONE', *, *, #2762, .F. ) ;
#696 = CARTESIAN_POINT ( 'NONE',  ( -163.8172798364269056, 90.00000000000000000, -117.8553390593730938 ) ) ;
#697 = VERTEX_POINT ( 'NONE', #2227 ) ;
#698 = CARTESIAN_POINT ( 'NONE',  ( -169.4741340859000047, 45.00000000000000000, -112.1984848097999929 ) ) ;
#699 = DIRECTION ( 'NONE',  ( 0.000000000000000000, 1.000000000000000000, 0.000000000000000000 ) ) ;
#700 = VECTOR ( 'NONE', #3768, 1000.000000000000000 ) ;
#701 = CARTESIAN_POINT ( 'NONE',  ( -168.2219140485004516, 24.09933368479636684, -113.4507048472996189 ) ) ;
#702 = VERTEX_POINT ( 'NONE', #3521 ) ;
#703 = VERTEX_POINT ( 'NONE', #2689 ) ;
#704 = DIRECTION ( 'NONE',  ( -1.000000000000000000, 0.000000000000000000, 0.000000000000000000 ) ) ;
#705 = AXIS2_PLACEMENT_3D ( 'NONE', #623, #3419, #3027 ) ;
#706 = VERTEX_POINT ( 'NONE', #4540 ) ;
#707 = CARTESIAN_POINT ( 'NONE',  ( -30.00000000000000000, 92.48305456232999688, -199.1726188958000137 ) ) ;
#708 = CARTESIAN_POINT ( 'NONE',  ( -165.9386001800270094, 22.50000000000000000, -115.7340187157729900 ) ) ;
#709 = ORIENTED_EDGE ( 'NONE', *, *, #2525, .F. ) ;
#710 = DIRECTION ( 'NONE',  ( 0.7071067811865475727, 0.000000000000000000, 0.7071067811865475727 ) ) ;
#711 = FACE_OUTER_BOUND ( 'NONE', #183, .T. ) ;
#712 = CARTESIAN_POINT ( 'NONE',  ( 138.0584311265070312, 125.5000000000048601, -155.6141877692929256 ) ) ;
#713 = CARTESIAN_POINT ( 'NONE',  ( -166.2219140485003948, 113.7290934399498354, -115.4507048472995052 ) ) ;
#714 = DIRECTION ( 'NONE',  ( 0.7071067811865012764, 0.000000000000000000, 0.7071067811865937580 ) ) ;
#715 = B_SPLINE_CURVE_WITH_KNOTS ( 'NONE', 3,
 ( #613, #141, #3440, #2021, #641, #4334, #2424, #110, #1041, #5322, #3046, #3868, #2551, #5803, #1077, #1104, #2053, #3497 ),
 .UNSPECIFIED., .F., .F.,
 ( 4, 2, 2, 2, 2, 2, 2, 2, 4 ),
 ( -1.000000000000000000, -0.8750000000000000000, -0.7500000000000000000, -0.6250000000000000000, -0.5000000000000000000, -0.3750000000000000000, -0.2500000000000000000, -0.1250000000000000000, -0.000000000000000000 ),
 .UNSPECIFIED. ) ;
#716 = DIRECTION ( 'NONE',  ( -4.163336342344333240E-14, 1.000000000000000000, -4.163336342344333240E-14 ) ) ;
#717 = ADVANCED_FACE ( 'NONE', ( #747 ), #318, .T. ) ;
#718 = DIRECTION ( 'NONE',  ( 0.7071067811865475727, 0.000000000000000000, 0.7071067811865475727 ) ) ;
#719 = LINE ( 'NONE', #4051, #4979 ) ;
#720 = ORIENTED_EDGE ( 'NONE', *, *, #1283, .F. ) ;
#721 = ORIENTED_EDGE ( 'NONE', *, *, #4367, .T. ) ;
#722 = DIRECTION ( 'NONE',  ( -0.7071067811864976127, 0.000000000000000000, -0.7071067811865975328 ) ) ;
#723 = EDGE_CURVE ( 'NONE', #4112, #1080, #5543, .T. ) ;
#724 = CARTESIAN_POINT ( 'NONE',  ( -40.06702755360861090, 125.5000000000047748, -199.1726188958000137 ) ) ;
#725 = VERTEX_POINT ( 'NONE', #5400 ) ;
#726 = DIRECTION ( 'NONE',  ( 0.000000000000000000, 0.000000000000000000, -1.000000000000000000 ) ) ;
#727 = DIRECTION ( 'NONE',  ( -0.7071067811865995312, 0.000000000000000000, 0.7071067811864953923 ) ) ;
#728 = CARTESIAN_POINT ( 'NONE',  ( -168.4837134362996665, 23.72909343994982834, -113.1889054595004893 ) ) ;
#729 = ORIENTED_EDGE ( 'NONE', *, *, #3023, .T. ) ;
#730 = VERTEX_POINT ( 'NONE', #2835 ) ;
#731 = AXIS2_PLACEMENT_3D ( 'NONE', #1150, #718, #1641 ) ;
#732 = EDGE_CURVE ( 'NONE', #2452, #3339, #3379, .T. ) ;
#733 = CARTESIAN_POINT ( 'NONE',  ( 165.9386001800270094, 45.00000000000000000, -115.7340187157729900 ) ) ;
#734 = ORIENTED_EDGE ( 'NONE', *, *, #521, .F. ) ;
#735 = AXIS2_PLACEMENT_3D ( 'NONE', #5116, #5202, #514 ) ;
#736 = CARTESIAN_POINT ( 'NONE',  ( 165.2314933988000121, 45.00000000000000000, -116.4411254970000016 ) ) ;
#737 = LINE ( 'NONE', #1748, #3623 ) ;
#738 = CARTESIAN_POINT ( 'NONE',  ( 167.0694998738995878, 21.27090656005017166, -111.7746918971004959 ) ) ;
#739 = DIRECTION ( 'NONE',  ( 0.000000000000000000, 0.000000000000000000, -1.000000000000000000 ) ) ;
#740 = CARTESIAN_POINT ( 'NONE',  ( 168.7302191111252796, 66.97650423128143871, -112.9423997846749046 ) ) ;
#741 = DIRECTION ( 'NONE',  ( 0.7071067811865475727, 0.000000000000000000, -0.7071067811865475727 ) ) ;
#742 = CIRCLE ( 'NONE', #933, 2.999999999999999112 ) ;
#743 = AXIS2_PLACEMENT_3D ( 'NONE', #4855, #2008, #1549 ) ;
#744 = VECTOR ( 'NONE', #3361, 1000.000000000000114 ) ;
#745 = CARTESIAN_POINT ( 'NONE',  ( 57.50000000000000000, 12.00000000000000000, -197.1726188958000137 ) ) ;
#746 = DIRECTION ( 'NONE',  ( 0.7071067811865474617, 0.000000000000000000, -0.7071067811865474617 ) ) ;
#747 = FACE_OUTER_BOUND ( 'NONE', #2759, .T. ) ;
#748 = EDGE_CURVE ( 'NONE', #1281, #1205, #2713, .T. ) ;
#749 = CYLINDRICAL_SURFACE ( 'NONE', #4674, 1.999999999999992895 ) ;
#750 = ORIENTED_EDGE ( 'NONE', *, *, #3611, .F. ) ;
#751 = ORIENTED_EDGE ( 'NONE', *, *, #1955, .F. ) ;
#752 = CARTESIAN_POINT ( 'NONE',  ( -197.1726188958000137, 0.000000000000000000, -81.67157287524999276 ) ) ;
#753 = B_SPLINE_CURVE_WITH_KNOTS ( 'NONE', 3,
 ( #1902, #3, #2284, #492, #922, #2373, #3783, #4683, #5148, #5575, #4778, #3327, #432, #1846, #3697, #2866, #5604, #5660 ),
 .UNSPECIFIED., .F., .F.,
 ( 4, 2, 2, 2, 2, 2, 2, 2, 4 ),
 ( -1.000000000000000000, -0.8750000000000000000, -0.7500000000000000000, -0.6250000000000000000, -0.5000000000000000000, -0.3750000000000000000, -0.2500000000000000000, -0.1250000000000000000, -0.000000000000000000 ),
 .UNSPECIFIED. ) ;
#754 = FACE_BOUND ( 'NONE', #912, .T. ) ;
#755 = VECTOR ( 'NONE', #3885, 1000.000000000000000 ) ;
#756 = ORIENTED_EDGE ( 'NONE', *, *, #1952, .F. ) ;
#757 = CARTESIAN_POINT ( 'NONE',  ( -91.99950965933174984, 9.500000000000108358, -186.8446821117182708 ) ) ;
#758 = CARTESIAN_POINT ( 'NONE',  ( 165.0871860658000116, 90.00000000000000000, -112.0541774767999925 ) ) ;
#759 = EDGE_CURVE ( 'NONE', #5807, #1555, #4261, .T. ) ;
#760 = EDGE_CURVE ( 'NONE', #5676, #1356, #3756, .T. ) ;
#761 = CARTESIAN_POINT ( 'NONE',  ( -166.6405889500909723, 24.24757277670851607, -115.0320299457089988 ) ) ;
#762 = VERTEX_POINT ( 'NONE', #2774 ) ;
#763 = AXIS2_PLACEMENT_3D ( 'NONE', #1334, #1977, #3364 ) ;
#764 = ORIENTED_EDGE ( 'NONE', *, *, #4562, .F. ) ;
#765 = CARTESIAN_POINT ( 'NONE',  ( 164.5243866176268455, 112.2382006122008704, -114.3198051533730251 ) ) ;
#766 = CARTESIAN_POINT ( 'NONE',  ( -43.06702755360861090, 125.5000000000047748, -197.1726188958000137 ) ) ;
#767 = VERTEX_POINT ( 'NONE', #4653 ) ;
#768 = EDGE_CURVE ( 'NONE', #569, #1772, #2397, .T. ) ;
#769 = CYLINDRICAL_SURFACE ( 'NONE', #2344, 1.999999999999992895 ) ;
#770 = EDGE_CURVE ( 'NONE', #4651, #5758, #254, .T. ) ;
#771 = CARTESIAN_POINT ( 'NONE',  ( 166.6508249723090671, 20.75242722329148748, -112.1933667986910166 ) ) ;
#772 = CARTESIAN_POINT ( 'NONE',  ( 165.7534800575766951, 42.99999999999998579, -113.0907117134232607 ) ) ;
#773 = CIRCLE ( 'NONE', #676, 1.200000000000001732 ) ;
#774 = CARTESIAN_POINT ( 'NONE',  ( 168.7670273047731939, 67.23820061220087041, -112.9055915910270187 ) ) ;
#775 = CARTESIAN_POINT ( 'NONE',  ( -126.8355951803999915, 41.39999999999999858, -154.8370237153999938 ) ) ;
#776 = AXIS2_PLACEMENT_3D ( 'NONE', #5937, #3544, #1195 ) ;
#777 = CIRCLE ( 'NONE', #181, 2.500000000000000888 ) ;
#778 = CARTESIAN_POINT ( 'NONE',  ( 72.99999999998432543, 9.499999999999896971, -197.1726188958000137 ) ) ;
#779 = DIRECTION ( 'NONE',  ( -0.7071067811865474617, 0.000000000000000000, -0.7071067811865474617 ) ) ;
#780 = CARTESIAN_POINT ( 'NONE',  ( -168.0599205235999989, 20.50000000000000000, -110.7842712475000155 ) ) ;
#781 = CARTESIAN_POINT ( 'NONE',  ( -88.01600199653132961, 125.5000000000048317, -190.8281897745186768 ) ) ;
#782 = ORIENTED_EDGE ( 'NONE', *, *, #4383, .T. ) ;
#783 = ORIENTED_EDGE ( 'NONE', *, *, #3681, .F. ) ;
#784 = FACE_BOUND ( 'NONE', #5855, .T. ) ;
#785 = CARTESIAN_POINT ( 'NONE',  ( 82.50000000000000000, 0.000000000000000000, -199.1726188958000137 ) ) ;
#786 = ORIENTED_EDGE ( 'NONE', *, *, #5727, .F. ) ;
#787 = PLANE ( 'NONE',  #1659 ) ;
#788 = VECTOR ( 'NONE', #2420, 1000.000000000000114 ) ;
#789 = CARTESIAN_POINT ( 'NONE',  ( 169.4741340859000047, 45.00000000000000000, -112.1984848097999929 ) ) ;
#790 = VERTEX_POINT ( 'NONE', #3727 ) ;
#791 = ORIENTED_EDGE ( 'NONE', *, *, #5425, .F. ) ;
#792 = CARTESIAN_POINT ( 'NONE',  ( 69.99999999998435385, 9.499999999999896971, -107.2477373414999846 ) ) ;
#793 = CIRCLE ( 'NONE', #5902, 2.500000000000002220 ) ;
#794 = LINE ( 'NONE', #4063, #5584 ) ;
#795 = ADVANCED_FACE ( 'NONE', ( #838 ), #1358, .F. ) ;
#796 = ORIENTED_EDGE ( 'NONE', *, *, #5233, .F. ) ;
#797 = ADVANCED_FACE ( 'NONE', ( #867 ), #5632, .F. ) ;
#798 = CARTESIAN_POINT ( 'NONE',  ( 155.6855518527999607, 58.60000000000000142, -125.9870670429999961 ) ) ;
#799 = CARTESIAN_POINT ( 'NONE',  ( 20.00000000000000000, 82.48305456232999688, -199.1726188958000137 ) ) ;
#800 = ORIENTED_EDGE ( 'NONE', *, *, #2746, .F. ) ;
#801 = VECTOR ( 'NONE', #3294, 1000.000000000000114 ) ;
#802 = LINE ( 'NONE', #2709, #5391 ) ;
#803 = EDGE_CURVE ( 'NONE', #5676, #5112, #4272, .T. ) ;
#804 = DIRECTION ( 'NONE',  ( 0.7071067811865475727, 0.000000000000000000, -0.7071067811865475727 ) ) ;
#805 = DIRECTION ( 'NONE',  ( 0.000000000000000000, 0.000000000000000000, -1.000000000000000000 ) ) ;
#806 = CARTESIAN_POINT ( 'NONE',  ( 164.8077004861003729, 23.72909343994983544, -114.0364912848995260 ) ) ;
#807 = ORIENTED_EDGE ( 'NONE', *, *, #5858, .T. ) ;
#808 = CARTESIAN_POINT ( 'NONE',  ( -143.6647365726000203, 50.00000000000000000, -138.0078823230999774 ) ) ;
#809 = DIRECTION ( 'NONE',  ( -0.7071067811865474617, 0.000000000000000000, -0.7071067811865474617 ) ) ;
#810 = EDGE_CURVE ( 'NONE', #6047, #1453, #5180, .T. ) ;
#811 = CARTESIAN_POINT ( 'NONE',  ( -126.8355951803999915, 41.39999999999999858, -154.8370237153999938 ) ) ;
#812 = CARTESIAN_POINT ( 'NONE',  ( 166.1170931813722689, 43.99276203925818862, -115.5555257144275174 ) ) ;
#813 = ORIENTED_EDGE ( 'NONE', *, *, #316, .F. ) ;
#814 = VERTEX_POINT ( 'NONE', #4598 ) ;
#815 = CARTESIAN_POINT ( 'NONE',  ( 165.9386001800270094, 112.5000000000000000, -115.7340187157729900 ) ) ;
#816 = ORIENTED_EDGE ( 'NONE', *, *, #4590, .T. ) ;
#817 = CARTESIAN_POINT ( 'NONE',  ( 164.5243866176269876, 112.5000000000000000, -114.3198051533730109 ) ) ;
#818 = CARTESIAN_POINT ( 'NONE',  ( -165.2263753876909504, 114.2475727767085090, -113.6178163833090338 ) ) ;
#819 = ORIENTED_EDGE ( 'NONE', *, *, #5474, .T. ) ;
#820 = ORIENTED_EDGE ( 'NONE', *, *, #3387, .F. ) ;
#821 = CARTESIAN_POINT ( 'NONE',  ( 164.8077004861003445, 111.2709065600501788, -114.0364912848994976 ) ) ;
#822 = CARTESIAN_POINT ( 'NONE',  ( 167.3528137424000022, 114.5000000000000000, -114.3198051534000115 ) ) ;
#823 = ORIENTED_EDGE ( 'NONE', *, *, #1142, .T. ) ;
#824 = FILL_AREA_STYLE ('',( #1747 ) ) ;
#825 = CARTESIAN_POINT ( 'NONE',  ( 125.2799602618000279, 50.00000000000000000, -156.3926586340000142 ) ) ;
#826 = EDGE_CURVE ( 'NONE', #431, #4124, #4772, .T. ) ;
#827 = VERTEX_POINT ( 'NONE', #5067 ) ;
#828 = DIRECTION ( 'NONE',  ( 0.7071067811865475727, 0.000000000000000000, 0.7071067811865475727 ) ) ;
#829 = DIRECTION ( 'NONE',  ( 0.000000000000000000, -1.000000000000000000, 0.000000000000000000 ) ) ;
#830 = CARTESIAN_POINT ( 'NONE',  ( 167.1676936199767169, 65.50000000000001421, -114.5049252758232683 ) ) ;
#831 = DIRECTION ( 'NONE',  ( 0.7071067811865474617, 0.000000000000000000, 0.7071067811865474617 ) ) ;
#832 = AXIS2_PLACEMENT_3D ( 'NONE', #887, #2766, #4644 ) ;
#833 = ADVANCED_FACE ( 'NONE', ( #2717 ), #2257, .F. ) ;
#834 = ORIENTED_EDGE ( 'NONE', *, *, #5351, .F. ) ;
#835 = ADVANCED_FACE ( 'NONE', ( #6029 ), #4405, .F. ) ;
#836 = CARTESIAN_POINT ( 'NONE',  ( -164.8077004861003445, 46.22909343994982834, -114.0364912848994976 ) ) ;
#837 = LINE ( 'NONE', #2688, #5413 ) ;
#838 = FACE_OUTER_BOUND ( 'NONE', #3653, .T. ) ;
#839 = VECTOR ( 'NONE', #5633, 1000.000000000000114 ) ;
#840 = AXIS2_PLACEMENT_3D ( 'NONE', #1815, #5095, #406 ) ;
#841 = AXIS2_PLACEMENT_3D ( 'NONE', #3561, #4547, #4142 ) ;
#842 = ADVANCED_FACE ( 'NONE', ( #123 ), #2031, .F. ) ;
#843 = DIRECTION ( 'NONE',  ( 0.000000000000000000, 0.000000000000000000, -1.000000000000000000 ) ) ;
#844 = ORIENTED_EDGE ( 'NONE', *, *, #4524, .T. ) ;
#845 = ORIENTED_EDGE ( 'NONE', *, *, #3398, .T. ) ;
#846 = DIRECTION ( 'NONE',  ( -0.7071067811865969777, 0.000000000000000000, 0.7071067811864980568 ) ) ;
#847 = ORIENTED_EDGE ( 'NONE', *, *, #2270, .T. ) ;
#848 = DIRECTION ( 'NONE',  ( -0.7071067811865475727, 0.000000000000000000, -0.7071067811865475727 ) ) ;
#849 = DIRECTION ( 'NONE',  ( 0.7071067811865475727, 0.000000000000000000, -0.7071067811865475727 ) ) ;
#850 = ORIENTED_EDGE ( 'NONE', *, *, #2075, .T. ) ;
#851 = ORIENTED_EDGE ( 'NONE', *, *, #2855, .F. ) ;
#852 = CARTESIAN_POINT ( 'NONE',  ( -165.2314933988000121, 24.50000000000000000, -116.4411254970000016 ) ) ;
#853 = AXIS2_PLACEMENT_3D ( 'NONE', #4443, #4411, #4012 ) ;
#854 = CARTESIAN_POINT ( 'NONE',  ( -167.1743207410276568, 91.00723796074179006, -111.6698710299724553 ) ) ;
#855 = EDGE_LOOP ( 'NONE', ( #509, #872, #5034, #5371 ) ) ;
#856 = CIRCLE ( 'NONE', #3988, 1.200000000000001732 ) ;
#857 = CARTESIAN_POINT ( 'NONE',  ( -81.67157287524999276, 135.0000000000000000, -197.1726188958000137 ) ) ;
#858 = DIRECTION ( 'NONE',  ( 0.7071067811865475727, 0.000000000000000000, -0.7071067811865475727 ) ) ;
#859 = VERTEX_POINT ( 'NONE', #2402 ) ;
#860 = CARTESIAN_POINT ( 'NONE',  ( -98.40990257669999153, 12.00000000000000000, -183.2627163190999795 ) ) ;
#861 = CARTESIAN_POINT ( 'NONE',  ( 167.7229811503833616, 65.55205464666337889, -113.9496377454166804 ) ) ;
#862 = DIRECTION ( 'NONE',  ( 0.7071067811865012764, 0.000000000000000000, -0.7071067811865937580 ) ) ;
#863 = DIRECTION ( 'NONE',  ( -0.7071067811865474617, 0.000000000000000000, 0.7071067811865474617 ) ) ;
#864 = B_SPLINE_CURVE_WITH_KNOTS ( 'NONE', 3,
 ( #2603, #3586, #5893, #815 ),
 .UNSPECIFIED., .F., .F.,
 ( 4, 4 ),
 ( 0.000000000000000000, 1.000000000000000000 ),
 .UNSPECIFIED. ) ;
#865 = AXIS2_PLACEMENT_3D ( 'NONE', #2119, #2153, #4993 ) ;
#866 = PLANE ( 'NONE',  #5027 ) ;
#867 = FACE_OUTER_BOUND ( 'NONE', #5313, .T. ) ;
#868 = ADVANCED_FACE ( 'NONE', ( #555 ), #4812, .F. ) ;
#869 = AXIS2_PLACEMENT_3D ( 'NONE', #3239, #5060, #5226 ) ;
#870 = DIRECTION ( 'NONE',  ( -0.7071067811865474617, 0.000000000000000000, -0.7071067811865474617 ) ) ;
#871 = ORIENTED_EDGE ( 'NONE', *, *, #5716, .T. ) ;
#872 = ORIENTED_EDGE ( 'NONE', *, *, #5061, .T. ) ;
#873 = ADVANCED_FACE ( 'NONE', ( #4877 ), #3912, .F. ) ;
#874 = CARTESIAN_POINT ( 'NONE',  ( 131.6439212925000106, 50.00000000000000000, -150.0286976033000030 ) ) ;
#875 = DIRECTION ( 'NONE',  ( 0.7071067811864976127, 0.000000000000000000, -0.7071067811865975328 ) ) ;
#876 = EDGE_CURVE ( 'NONE', #5492, #534, #1818, .T. ) ;
#877 = CARTESIAN_POINT ( 'NONE',  ( -96.64213562372999888, 123.0000000000000000, -185.0304832719999979 ) ) ;
#878 = CARTESIAN_POINT ( 'NONE',  ( 165.0871860658000116, 45.00000000000000000, -112.0541774767999925 ) ) ;
#879 = VERTEX_POINT ( 'NONE', #1013 ) ;
#880 = VERTEX_POINT ( 'NONE', #5783 ) ;
#881 = DIRECTION ( 'NONE',  ( 0.7071067811865475727, 0.000000000000000000, -0.7071067811865475727 ) ) ;
#882 = CARTESIAN_POINT ( 'NONE',  ( 168.7670273047731939, 89.73820061220084199, -112.9055915910270187 ) ) ;
#883 = VERTEX_POINT ( 'NONE', #1572 ) ;
#884 = AXIS2_PLACEMENT_3D ( 'NONE', #4027, #2669, #357 ) ;
#885 = EDGE_CURVE ( 'NONE', #5824, #5611, #3450, .T. ) ;
#886 = VECTOR ( 'NONE', #4830, 1000.000000000000114 ) ;
#887 = CARTESIAN_POINT ( 'NONE',  ( 173.0096679918999882, 0.000000000000000000, -108.6629509039000112 ) ) ;
#888 = ORIENTED_EDGE ( 'NONE', *, *, #2127, .T. ) ;
#889 = AXIS2_PLACEMENT_3D ( 'NONE', #5486, #317, #4597 ) ;
#890 = DIRECTION ( 'NONE',  ( -0.7071067811864976127, 0.000000000000000000, -0.7071067811865975328 ) ) ;
#891 = FACE_OUTER_BOUND ( 'NONE', #373, .T. ) ;
#892 = CARTESIAN_POINT ( 'NONE',  ( 166.8077004861004866, 24.09933368479635618, -112.0364912848996397 ) ) ;
#893 = DIRECTION ( 'NONE',  ( 0.000000000000000000, 1.000000000000000000, 0.000000000000000000 ) ) ;
#894 = AXIS2_PLACEMENT_3D ( 'NONE', #3228, #1305, #2272 ) ;
#895 = DIRECTION ( 'NONE',  ( 0.7071067811865475727, 0.000000000000000000, -0.7071067811865475727 ) ) ;
#896 = ORIENTED_EDGE ( 'NONE', *, *, #5623, .T. ) ;
#897 = CARTESIAN_POINT ( 'NONE',  ( 164.8077004861003729, 91.22909343994983544, -114.0364912848995260 ) ) ;
#898 = CARTESIAN_POINT ( 'NONE',  ( 166.4837134362994959, 110.9006663152036651, -115.1889054595003756 ) ) ;
#899 = VECTOR ( 'NONE', #4422, 1000.000000000000114 ) ;
#900 = CARTESIAN_POINT ( 'NONE',  ( 167.3528137423732005, 89.73820061220085620, -111.4913780286270111 ) ) ;
#901 = EDGE_LOOP ( 'NONE', ( #5549, #2001 ) ) ;
#902 = ORIENTED_EDGE ( 'NONE', *, *, #1282, .T. ) ;
#903 = EDGE_CURVE ( 'NONE', #637, #4325, #5661, .T. ) ;
#904 = FACE_OUTER_BOUND ( 'NONE', #3039, .T. ) ;
#905 = CARTESIAN_POINT ( 'NONE',  ( 165.2314933988000121, 67.50000000000000000, -116.4411254970000016 ) ) ;
#906 = CARTESIAN_POINT ( 'NONE',  ( -165.0871860658000116, 112.5000000000000000, -112.0541774767999925 ) ) ;
#907 = DIRECTION ( 'NONE',  ( 0.7071067811865475727, 0.000000000000000000, -0.7071067811865475727 ) ) ;
#908 = ORIENTED_EDGE ( 'NONE', *, *, #5615, .F. ) ;
#909 = ORIENTED_EDGE ( 'NONE', *, *, #14, .F. ) ;
#910 = DIRECTION ( 'NONE',  ( 0.7071067811865475727, 0.000000000000000000, 0.7071067811865475727 ) ) ;
#911 = CARTESIAN_POINT ( 'NONE',  ( 165.9386001800270094, 90.00000000000000000, -115.7340187157729900 ) ) ;
#912 = EDGE_LOOP ( 'NONE', ( #665, #4080 ) ) ;
#913 = CYLINDRICAL_SURFACE ( 'NONE', #5123, 2.999999999999988898 ) ;
#914 = DIRECTION ( 'NONE',  ( 0.000000000000000000, 0.000000000000000000, -1.000000000000000000 ) ) ;
#915 = EDGE_CURVE ( 'NONE', #4595, #307, #5079, .T. ) ;
#916 = CARTESIAN_POINT ( 'NONE',  ( -168.7670273047731939, 90.26179938779914380, -112.9055915910270187 ) ) ;
#917 = CARTESIAN_POINT ( 'NONE',  ( 168.5885343034276502, 46.00723796074177585, -113.0840845923724629 ) ) ;
#918 = CARTESIAN_POINT ( 'NONE',  ( 66.99999999998438227, 9.499999999999896971, -199.1726188958000421 ) ) ;
#919 = DIRECTION ( 'NONE',  ( -0.7071067811865451302, 0.000000000000000000, 0.7071067811865497932 ) ) ;
#920 = CARTESIAN_POINT ( 'NONE',  ( 165.0871860658000116, 22.50000000000000000, -112.0541774767999925 ) ) ;
#921 = ORIENTED_EDGE ( 'NONE', *, *, #1246, .T. ) ;
#922 = CARTESIAN_POINT ( 'NONE',  ( -168.4837134362996665, 43.77090656005017877, -113.1889054595005035 ) ) ;
#923 = CARTESIAN_POINT ( 'NONE',  ( 165.9754083736748385, 111.9765042312814671, -115.6972105221250899 ) ) ;
#924 = CIRCLE ( 'NONE', #4568, 1.200000000000001732 ) ;
#925 = CARTESIAN_POINT ( 'NONE',  ( 125.9870670429999961, 41.39999999999999858, -155.6855518527999607 ) ) ;
#926 = VERTEX_POINT ( 'NONE', #2994 ) ;
#927 = VERTEX_POINT ( 'NONE', #2867 ) ;
#928 = FACE_BOUND ( 'NONE', #5468, .T. ) ;
#929 = ORIENTED_EDGE ( 'NONE', *, *, #429, .T. ) ;
#930 = OPEN_SHELL ( 'NONE', ( #1473, #2915 ) ) ;
#931 = EDGE_CURVE ( 'NONE', #517, #4638, #1075, .T. ) ;
#932 = CYLINDRICAL_SURFACE ( 'NONE', #5662, 3.000000000000019096 ) ;
#933 = AXIS2_PLACEMENT_3D ( 'NONE', #231, #2109, #4056 ) ;
#934 = DIRECTION ( 'NONE',  ( 0.7071067811865475727, 0.000000000000000000, -0.7071067811865475727 ) ) ;
#935 = ORIENTED_EDGE ( 'NONE', *, *, #4712, .F. ) ;
#936 = ORIENTED_EDGE ( 'NONE', *, *, #759, .F. ) ;
#937 = FACE_BOUND ( 'NONE', #4783, .T. ) ;
#938 = DIRECTION ( 'NONE',  ( -0.7071067811864976127, 0.000000000000000000, 0.7071067811865975328 ) ) ;
#939 = ORIENTED_EDGE ( 'NONE', *, *, #228, .F. ) ;
#940 = ADVANCED_FACE ( 'NONE', ( #622 ), #2434, .F. ) ;
#941 = LINE ( 'NONE', #5196, #2895 ) ;
#942 = EDGE_CURVE ( 'NONE', #1823, #5982, #58, .T. ) ;
#943 = APPLICATION_PROTOCOL_DEFINITION ( 'draft international standard', 'automotive_design', 1998, #3953 ) ;
#944 = EDGE_LOOP ( 'NONE', ( #2537, #274, #1034, #5743 ) ) ;
#945 = AXIS2_PLACEMENT_3D ( 'NONE', #3365, #1582, #2007 ) ;
#946 = ADVANCED_FACE ( 'NONE', ( #2964 ), #1933, .F. ) ;
#947 = CARTESIAN_POINT ( 'NONE',  ( 167.3528137423732005, 67.23820061220087041, -111.4913780286270111 ) ) ;
#948 = CARTESIAN_POINT ( 'NONE',  ( 165.2314933988000121, 67.50000000000000000, -116.4411254970000016 ) ) ;
#949 = EDGE_CURVE ( 'NONE', #3270, #1570, #2467, .T. ) ;
#950 = CYLINDRICAL_SURFACE ( 'NONE', #1253, 1.999999999999992895 ) ;
#951 = CARTESIAN_POINT ( 'NONE',  ( -125.9870670429999961, 41.39999999999999858, -155.6855518527999607 ) ) ;
#952 = EDGE_LOOP ( 'NONE', ( #1887, #4087, #939, #3714 ) ) ;
#953 = CYLINDRICAL_SURFACE ( 'NONE', #5879, 9.000000000000000000 ) ;
#954 = DIRECTION ( 'NONE',  ( 0.7071067811864976127, 0.000000000000000000, 0.7071067811865975328 ) ) ;
#955 = CARTESIAN_POINT ( 'NONE',  ( -124.5728534806000027, 41.39999999999999858, -154.2713382903999957 ) ) ;
#956 = ORIENTED_EDGE ( 'NONE', *, *, #2229, .F. ) ;
#957 = CIRCLE ( 'NONE', #3811, 1.199999999999999734 ) ;
#958 = EDGE_LOOP ( 'NONE', ( #3014, #2320, #5630, #2882 ) ) ;
#959 = DIRECTION ( 'NONE',  ( 0.000000000000000000, 0.000000000000000000, -1.000000000000000000 ) ) ;
#960 = CARTESIAN_POINT ( 'NONE',  ( 57.50000000000000000, 12.00000000000000000, -199.1726188958000137 ) ) ;
#961 = DIRECTION ( 'NONE',  ( -0.7071067811866001973, 0.000000000000000000, -0.7071067811864948371 ) ) ;
#962 = CARTESIAN_POINT ( 'NONE',  ( 168.7670273047731655, 67.76179938779912959, -112.9055915910270045 ) ) ;
#963 = ORIENTED_EDGE ( 'NONE', *, *, #2228, .F. ) ;
#964 = AXIS2_PLACEMENT_3D ( 'NONE', #2017, #4426, #5801 ) ;
#965 = ORIENTED_EDGE ( 'NONE', *, *, #1547, .F. ) ;
#966 = DIRECTION ( 'NONE',  ( 0.7071067811865475727, 0.000000000000000000, 0.7071067811865475727 ) ) ;
#967 = CARTESIAN_POINT ( 'NONE',  ( -126.8355951803999915, 58.60000000000000142, -154.8370237153999938 ) ) ;
#968 = EDGE_LOOP ( 'NONE', ( #5404, #823, #5866, #4881 ) ) ;
#969 = CARTESIAN_POINT ( 'NONE',  ( -163.8172798364999778, 110.7500000000000000, -115.0269119346000082 ) ) ;
#970 = AXIS2_PLACEMENT_3D ( 'NONE', #2651, #710, #5028 ) ;
#971 = ORIENTED_EDGE ( 'NONE', *, *, #1537, .F. ) ;
#972 = AXIS2_PLACEMENT_3D ( 'NONE', #2239, #4925, #4114 ) ;
#973 = EDGE_CURVE ( 'NONE', #1905, #4748, #3230, .T. ) ;
#974 = CARTESIAN_POINT ( 'NONE',  ( -165.2314933988000121, 92.00000000000000000, -116.4411254970000016 ) ) ;
#975 = B_SPLINE_CURVE_WITH_KNOTS ( 'NONE', 3,
 ( #4322, #1548, #1609, #5310, #1094, #99, #2041, #3486, #5340, #5247, #4854, #3923, #1978, #1120, #5368, #1151, #4914, #691 ),
 .UNSPECIFIED., .F., .F.,
 ( 4, 2, 2, 2, 2, 2, 2, 2, 4 ),
 ( -1.000000000000000000, -0.8750000000000000000, -0.7500000000000000000, -0.6250000000000000000, -0.5000000000000000000, -0.3750000000000000000, -0.2500000000000000000, -0.1250000000000000000, -0.000000000000000000 ),
 .UNSPECIFIED. ) ;
#976 = CARTESIAN_POINT ( 'NONE',  ( 150.0286976033000030, 50.00000000000000000, -131.6439212925000106 ) ) ;
#977 = CARTESIAN_POINT ( 'NONE',  ( 164.9957911384268812, 67.50000000000000000, -114.7912096741730892 ) ) ;
#978 = VECTOR ( 'NONE', #3666, 1000.000000000000000 ) ;
#979 = ADVANCED_FACE ( 'NONE', ( #2194 ), #3572, .F. ) ;
#980 = EDGE_CURVE ( 'NONE', #1097, #4856, #5429, .T. ) ;
#981 = DIRECTION ( 'NONE',  ( -0.7071067811865475727, 0.000000000000000000, -0.7071067811865475727 ) ) ;
#982 = ADVANCED_FACE ( 'NONE', ( #679 ), #1170, .F. ) ;
#983 = ORIENTED_EDGE ( 'NONE', *, *, #1915, .F. ) ;
#984 = CARTESIAN_POINT ( 'NONE',  ( 167.1743207410276852, 91.00723796074179006, -111.6698710299724695 ) ) ;
#985 = DIRECTION ( 'NONE',  ( 0.7071067811864976127, 0.000000000000000000, -0.7071067811865975328 ) ) ;
#986 = CARTESIAN_POINT ( 'NONE',  ( -20.00000000000000000, 92.48305456232999688, -197.1726188958000137 ) ) ;
#987 = AXIS2_PLACEMENT_3D ( 'NONE', #550, #1083, #584 ) ;
#988 = CARTESIAN_POINT ( 'NONE',  ( 167.7229811503833901, 24.44794535333663177, -113.9496377454166236 ) ) ;
#989 = ORIENTED_EDGE ( 'NONE', *, *, #4630, .T. ) ;
#990 = VERTEX_POINT ( 'NONE', #4007 ) ;
#991 = DIRECTION ( 'NONE',  ( -0.000000000000000000, -0.000000000000000000, -1.000000000000000000 ) ) ;
#992 = ADVANCED_FACE ( 'NONE', ( #185 ), #250, .F. ) ;
#993 = AXIS2_PLACEMENT_3D ( 'NONE', #2388, #535, #2816 ) ;
#994 = CARTESIAN_POINT ( 'NONE',  ( -165.2314933988000121, 110.7500000000000000, -116.4411254970000016 ) ) ;
#995 = DIRECTION ( 'NONE',  ( 0.7071067811864976127, 0.000000000000000000, 0.7071067811865975328 ) ) ;
#996 = LINE ( 'NONE', #3708, #3795 ) ;
#997 = DIRECTION ( 'NONE',  ( -0.000000000000000000, -0.000000000000000000, -1.000000000000000000 ) ) ;
#998 = ORIENTED_EDGE ( 'NONE', *, *, #4453, .T. ) ;
#999 = EDGE_LOOP ( 'NONE', ( #5817, #1613 ) ) ;
#1000 = CARTESIAN_POINT ( 'NONE',  ( -165.9386001800270094, 45.00000000000000000, -115.7340187157729900 ) ) ;
#1001 = CARTESIAN_POINT ( 'NONE',  ( -165.2314933988000121, 22.50000000000000000, -116.4411254970000016 ) ) ;
#1002 = ORIENTED_EDGE ( 'NONE', *, *, #4418, .T. ) ;
#1003 = DIRECTION ( 'NONE',  ( 1.110223024625155531E-13, 1.000000000000000000, -1.110223024625155531E-13 ) ) ;
#1004 = DIRECTION ( 'NONE',  ( 0.7071067811865475727, 0.000000000000000000, -0.7071067811865475727 ) ) ;
#1005 = EDGE_LOOP ( 'NONE', ( #5126, #4262 ) ) ;
#1006 = FACE_OUTER_BOUND ( 'NONE', #1914, .T. ) ;
#1007 = CARTESIAN_POINT ( 'NONE',  ( -165.0871860658000116, 90.00000000000000000, -112.0541774767999925 ) ) ;
#1008 = CARTESIAN_POINT ( 'NONE',  ( 169.4741340859000047, 92.00000000000000000, -112.1984848097999929 ) ) ;
#1009 = ADVANCED_FACE ( 'NONE', ( #4936 ), #3972, .F. ) ;
#1010 = DIRECTION ( 'NONE',  ( 0.000000000000000000, 0.000000000000000000, -1.000000000000000000 ) ) ;
#1011 = VERTEX_POINT ( 'NONE', #2560 ) ;
#1012 = DIRECTION ( 'NONE',  ( -0.7071067811865975328, 0.000000000000000000, -0.7071067811864976127 ) ) ;
#1013 = CARTESIAN_POINT ( 'NONE',  ( -164.5243866176269876, 112.5000000000000000, -114.3198051533730109 ) ) ;
#1014 = FACE_BOUND ( 'NONE', #1005, .T. ) ;
#1015 = EDGE_CURVE ( 'NONE', #642, #2631, #3718, .T. ) ;
#1016 = EDGE_CURVE ( 'NONE', #2089, #4976, #3026, .T. ) ;
#1017 = FACE_OUTER_BOUND ( 'NONE', #4088, .T. ) ;
#1018 = ORIENTED_EDGE ( 'NONE', *, *, #4348, .F. ) ;
#1019 = VECTOR ( 'NONE', #4508, 1000.000000000000000 ) ;
#1020 = ORIENTED_EDGE ( 'NONE', *, *, #1283, .T. ) ;
#1021 = CARTESIAN_POINT ( 'NONE',  ( 167.3528137423729731, 112.5000000000000000, -111.4913780286270111 ) ) ;
#1022 = AXIS2_PLACEMENT_3D ( 'NONE', #485, #3809, #3750 ) ;
#1023 = PLANE ( 'NONE',  #566 ) ;
#1024 = DIRECTION ( 'NONE',  ( 0.7071067811865475727, 0.000000000000000000, -0.7071067811865475727 ) ) ;
#1025 = LINE ( 'NONE', #4886, #5863 ) ;
#1026 = ADVANCED_FACE ( 'NONE', ( #711 ), #5482, .F. ) ;
#1027 = CIRCLE ( 'NONE', #5072, 9.000000000000007105 ) ;
#1028 = DIRECTION ( 'NONE',  ( 0.000000000000000000, -1.000000000000000000, 0.000000000000000000 ) ) ;
#1029 = ORIENTED_EDGE ( 'NONE', *, *, #1545, .F. ) ;
#1030 = VERTEX_POINT ( 'NONE', #4966 ) ;
#1031 = FACE_BOUND ( 'NONE', #200, .T. ) ;
#1032 = OPEN_SHELL ( 'NONE', ( #4294, #5791 ) ) ;
#1033 = DIRECTION ( 'NONE',  ( 0.7071067811865475727, -5.024295867787377658E-15, 0.7071067811865475727 ) ) ;
#1034 = ORIENTED_EDGE ( 'NONE', *, *, #4944, .T. ) ;
#1035 = VECTOR ( 'NONE', #2074, 1000.000000000000000 ) ;
#1036 = CARTESIAN_POINT ( 'NONE',  ( 167.3528137423732005, 22.76179938779915091, -111.4913780286270395 ) ) ;
#1037 = CARTESIAN_POINT ( 'NONE',  ( -165.9386001800268104, 45.26179938779913670, -115.7340187157729758 ) ) ;
#1038 = B_SPLINE_CURVE_WITH_KNOTS ( 'NONE', 3,
 ( #4734, #1803, #6049, #3716 ),
 .UNSPECIFIED., .F., .F.,
 ( 4, 4 ),
 ( 0.000000000000000000, 1.000000000000000000 ),
 .UNSPECIFIED. ) ;
#1039 = AXIS2_PLACEMENT_3D ( 'NONE', #1441, #3384, #2893 ) ;
#1040 = AXIS2_PLACEMENT_3D ( 'NONE', #986, #4349, #1969 ) ;
#1041 = CARTESIAN_POINT ( 'NONE',  ( -166.1237203024232940, 24.50000000000000000, -112.7204714685767470 ) ) ;
#1042 = AXIS2_PLACEMENT_3D ( 'NONE', #1824, #959, #2841 ) ;
#1043 = ORIENTED_EDGE ( 'NONE', *, *, #4189, .F. ) ;
#1044 = PLANE ( 'NONE',  #4530 ) ;
#1045 = CARTESIAN_POINT ( 'NONE',  ( -83.77336130941201020, 125.5000000000048317, -195.0708304616379962 ) ) ;
#1046 = CARTESIAN_POINT ( 'NONE',  ( -164.8077004861003729, 21.27090656005017166, -114.0364912848995260 ) ) ;
#1047 = DIRECTION ( 'NONE',  ( -0.7071067811865475727, 0.000000000000000000, -0.7071067811865475727 ) ) ;
#1048 = EDGE_CURVE ( 'NONE', #1715, #1300, #5299, .T. ) ;
#1049 = AXIS2_PLACEMENT_3D ( 'NONE', #2036, #4850, #30 ) ;
#1050 = ORIENTED_EDGE ( 'NONE', *, *, #5571, .T. ) ;
#1051 = CARTESIAN_POINT ( 'NONE',  ( -166.6405889500909439, 88.25242722329150524, -115.0320299457089988 ) ) ;
#1052 = DIRECTION ( 'NONE',  ( -0.7071067811865474617, 0.000000000000000000, -0.7071067811865474617 ) ) ;
#1053 = CARTESIAN_POINT ( 'NONE',  ( -164.7028796189723039, 111.4927620392582099, -114.1413121520274956 ) ) ;
#1054 = VECTOR ( 'NONE', #1885, 1000.000000000000114 ) ;
#1055 = FACE_OUTER_BOUND ( 'NONE', #3645, .T. ) ;
#1056 = CARTESIAN_POINT ( 'NONE',  ( 168.7670273047731655, 22.76179938779914735, -112.9055915910270045 ) ) ;
#1057 = VERTEX_POINT ( 'NONE', #3116 ) ;
#1058 = ORIENTED_EDGE ( 'NONE', *, *, #3386, .T. ) ;
#1059 = CARTESIAN_POINT ( 'NONE',  ( -20.00000000000000000, 102.4830545622999978, -199.1726188958000137 ) ) ;
#1060 = EDGE_CURVE ( 'NONE', #662, #5420, #3944, .T. ) ;
#1061 = EDGE_CURVE ( 'NONE', #2361, #2289, #1849, .T. ) ;
#1062 = CARTESIAN_POINT ( 'NONE',  ( -143.6647365726000203, 50.00000000000000000, -138.0078823230999774 ) ) ;
#1063 = CARTESIAN_POINT ( 'NONE',  ( -166.2219140485003948, 91.22909343994980702, -115.4507048472995052 ) ) ;
#1064 = CARTESIAN_POINT ( 'NONE',  ( 89.87818931574953751, 9.500000000000053291, -188.9660024553004689 ) ) ;
#1065 = DIRECTION ( 'NONE',  ( 0.7071067811865475727, 0.000000000000000000, -0.7071067811865475727 ) ) ;
#1066 = ORIENTED_EDGE ( 'NONE', *, *, #2409, .F. ) ;
#1067 = ORIENTED_EDGE ( 'NONE', *, *, #118, .F. ) ;
#1068 = LINE ( 'NONE', #696, #3557 ) ;
#1069 = EDGE_CURVE ( 'NONE', #5651, #2358, #4905, .T. ) ;
#1070 = LINE ( 'NONE', #2849, #1375 ) ;
#1071 = CIRCLE ( 'NONE', #2152, 2.999999999999988898 ) ;
#1072 = VERTEX_POINT ( 'NONE', #5843 ) ;
#1073 = CARTESIAN_POINT ( 'NONE',  ( 167.3528137423732005, 112.7617993877991296, -111.4913780286270395 ) ) ;
#1074 = DIRECTION ( 'NONE',  ( -0.7071067811865474617, 0.000000000000000000, 0.7071067811865474617 ) ) ;
#1075 = CIRCLE ( 'NONE', #4706, 9.000000000000007105 ) ;
#1076 = AXIS2_PLACEMENT_3D ( 'NONE', #46, #2744, #3802 ) ;
#1077 = CARTESIAN_POINT ( 'NONE',  ( -164.7028796189723323, 23.50723796074179361, -114.1413121520275240 ) ) ;
#1078 = EDGE_LOOP ( 'NONE', ( #4546, #4727, #4762, #2975 ) ) ;
#1079 = EDGE_CURVE ( 'NONE', #2786, #4335, #5461, .T. ) ;
#1080 = VERTEX_POINT ( 'NONE', #336 ) ;
#1081 = DIRECTION ( 'NONE',  ( -0.7071067811865475727, 0.000000000000000000, 0.7071067811865475727 ) ) ;
#1082 = CARTESIAN_POINT ( 'NONE',  ( -168.0599205235999989, 24.50000000000000000, -110.7842712475000155 ) ) ;
#1083 = DIRECTION ( 'NONE',  ( -0.000000000000000000, -0.000000000000000000, -1.000000000000000000 ) ) ;
#1084 = EDGE_LOOP ( 'NONE', ( #2176, #546, #1965, #4236 ) ) ;
#1085 = CARTESIAN_POINT ( 'NONE',  ( -166.2219140485003948, 88.77090656005015035, -115.4507048472995194 ) ) ;
#1086 = DIRECTION ( 'NONE',  ( -0.7071067811865475727, 0.000000000000000000, -0.7071067811865475727 ) ) ;
#1087 = DIRECTION ( 'NONE',  ( -0.7071067811865975328, 0.000000000000000000, 0.7071067811864976127 ) ) ;
#1088 = CIRCLE ( 'NONE', #889, 1.199999999999999734 ) ;
#1089 = FACE_BOUND ( 'NONE', #4656, .T. ) ;
#1090 = CARTESIAN_POINT ( 'NONE',  ( 124.5728534806000027, 58.60000000000000142, -154.2713382903999957 ) ) ;
#1091 = VERTEX_POINT ( 'NONE', #369 ) ;
#1092 = LINE ( 'NONE', #95, #1228 ) ;
#1093 = CARTESIAN_POINT ( 'NONE',  ( 166.1170931813722689, 21.49276203925819573, -115.5555257144275174 ) ) ;
#1094 = CARTESIAN_POINT ( 'NONE',  ( -166.2219140485003948, 68.72909343994982123, -115.4507048472995052 ) ) ;
#1095 = CARTESIAN_POINT ( 'NONE',  ( -163.8172798364999778, 65.50000000000000000, -115.0269119346000082 ) ) ;
#1096 = ORIENTED_EDGE ( 'NONE', *, *, #1437, .T. ) ;
#1097 = VERTEX_POINT ( 'NONE', #2710 ) ;
#1098 = VECTOR ( 'NONE', #3724, 1000.000000000000114 ) ;
#1099 = DIRECTION ( 'NONE',  ( 0.7071067811865995312, 0.000000000000000000, -0.7071067811864953923 ) ) ;
#1100 = DIRECTION ( 'NONE',  ( 0.000000000000000000, 0.000000000000000000, 1.000000000000000000 ) ) ;
#1101 = ORIENTED_EDGE ( 'NONE', *, *, #3033, .F. ) ;
#1102 = DIRECTION ( 'NONE',  ( 5.551115123125777653E-14, 1.000000000000000000, -5.551115123125777653E-14 ) ) ;
#1103 = LINE ( 'NONE', #576, #1675 ) ;
#1104 = CARTESIAN_POINT ( 'NONE',  ( -164.5611948112747598, 23.02349576871855064, -114.2829969597250823 ) ) ;
#1105 = ORIENTED_EDGE ( 'NONE', *, *, #2980, .F. ) ;
#1106 = ORIENTED_EDGE ( 'NONE', *, *, #2986, .F. ) ;
#1107 = FACE_BOUND ( 'NONE', #3610, .T. ) ;
#1108 = CARTESIAN_POINT ( 'NONE',  ( -166.9826463344166427, 20.55205464666336468, -114.6899725613833283 ) ) ;
#1109 = EDGE_CURVE ( 'NONE', #4258, #5070, #3392, .T. ) ;
#1110 = CARTESIAN_POINT ( 'NONE',  ( -169.4741340859000047, 20.50000000000000000, -112.1984848097999929 ) ) ;
#1111 = VERTEX_POINT ( 'NONE', #1288 ) ;
#1112 = DIRECTION ( 'NONE',  ( 0.000000000000000000, 0.000000000000000000, -1.000000000000000000 ) ) ;
#1113 = CARTESIAN_POINT ( 'NONE',  ( 167.3528137424000022, 69.50000000000000000, -114.3198051534000115 ) ) ;
#1114 = LINE ( 'NONE', #3881, #2279 ) ;
#1115 = CARTESIAN_POINT ( 'NONE',  ( 168.7670273047729950, 22.50000000000000000, -112.9055915910270045 ) ) ;
#1116 = CARTESIAN_POINT ( 'NONE',  ( 164.5243866176268455, 89.73820061220084199, -114.3198051533730251 ) ) ;
#1117 = ORIENTED_EDGE ( 'NONE', *, *, #4704, .T. ) ;
#1118 = CARTESIAN_POINT ( 'NONE',  ( -167.1743207410276852, 43.99276203925820283, -111.6698710299724695 ) ) ;
#1119 = CYLINDRICAL_SURFACE ( 'NONE', #4305, 1.199999999999999734 ) ;
#1120 = CARTESIAN_POINT ( 'NONE',  ( -168.4837134362996665, 68.72909343994986386, -113.1889054595004893 ) ) ;
#1121 = DIRECTION ( 'NONE',  ( -1.000000000000000000, 0.000000000000000000, 0.000000000000000000 ) ) ;
#1122 = ORIENTED_EDGE ( 'NONE', *, *, #42, .T. ) ;
#1123 = ORIENTED_EDGE ( 'NONE', *, *, #2894, .T. ) ;
#1124 = CARTESIAN_POINT ( 'NONE',  ( -156.5340799901999844, 58.60000000000000142, -125.1385389054999990 ) ) ;
#1125 = EDGE_CURVE ( 'NONE', #1551, #1343, #4127, .T. ) ;
#1126 = ORIENTED_EDGE ( 'NONE', *, *, #5387, .T. ) ;
#1127 = DIRECTION ( 'NONE',  ( -0.7071067811865475727, 0.000000000000000000, 0.7071067811865475727 ) ) ;
#1128 = DIRECTION ( 'NONE',  ( 0.7071067811865475727, 0.000000000000000000, 0.7071067811865475727 ) ) ;
#1129 = CIRCLE ( 'NONE', #3980, 2.000000000000001776 ) ;
#1130 = CARTESIAN_POINT ( 'NONE',  ( 154.8370237153999938, 41.39999999999999858, -126.8355951803999915 ) ) ;
#1131 = EDGE_LOOP ( 'NONE', ( #3683, #101, #1385, #3629 ) ) ;
#1132 = EDGE_CURVE ( 'NONE', #410, #6000, #2220, .T. ) ;
#1133 = VECTOR ( 'NONE', #4479, 1000.000000000000114 ) ;
#1134 = ORIENTED_EDGE ( 'NONE', *, *, #4704, .F. ) ;
#1135 = ADVANCED_FACE ( 'NONE', ( #1752 ), #3631, .F. ) ;
#1136 = DIRECTION ( 'NONE',  ( 0.000000000000000000, 0.000000000000000000, -1.000000000000000000 ) ) ;
#1137 = CARTESIAN_POINT ( 'NONE',  ( -164.7028796189723039, 21.49276203925819573, -114.1413121520274956 ) ) ;
#1138 = EDGE_CURVE ( 'NONE', #2358, #927, #1523, .T. ) ;
#1139 = B_SPLINE_CURVE_WITH_KNOTS ( 'NONE', 3,
 ( #2788, #3770, #4666, #854, #1799, #2243, #4172, #449, #4120, #5621, #421, #6046, #4203, #1342, #5592, #5561, #6076, #5987 ),
 .UNSPECIFIED., .F., .F.,
 ( 4, 2, 2, 2, 2, 2, 2, 2, 4 ),
 ( -1.000000000000000000, -0.8750000000000000000, -0.7500000000000000000, -0.6250000000000000000, -0.5000000000000000000, -0.3750000000000000000, -0.2500000000000000000, -0.1250000000000000000, -0.000000000000000000 ),
 .UNSPECIFIED. ) ;
#1140 = ORIENTED_EDGE ( 'NONE', *, *, #3023, .F. ) ;
#1141 = DIRECTION ( 'NONE',  ( 0.000000000000000000, 0.000000000000000000, -1.000000000000000000 ) ) ;
#1142 = EDGE_CURVE ( 'NONE', #2598, #1281, #864, .T. ) ;
#1143 = DIRECTION ( 'NONE',  ( 0.7071067811865475727, 0.000000000000000000, -0.7071067811865475727 ) ) ;
#1144 = CARTESIAN_POINT ( 'NONE',  ( -164.8077004861003729, 111.2709065600501930, -114.0364912848995260 ) ) ;
#1145 = DIRECTION ( 'NONE',  ( 0.7071067811864976127, 0.000000000000000000, 0.7071067811865975328 ) ) ;
#1146 = DIRECTION ( 'NONE',  ( 0.7071067811865975328, 0.000000000000000000, -0.7071067811864976127 ) ) ;
#1147 = EDGE_LOOP ( 'NONE', ( #22, #5213, #3433, #4187 ) ) ;
#1148 = CARTESIAN_POINT ( 'NONE',  ( 91.99950965930918301, 9.500000000000053291, -186.8446821117408092 ) ) ;
#1149 = AXIS2_PLACEMENT_3D ( 'NONE', #2843, #1484, #503 ) ;
#1150 = CARTESIAN_POINT ( 'NONE',  ( -168.0599205235999989, 22.50000000000000000, -110.7842712475000155 ) ) ;
#1151 = CARTESIAN_POINT ( 'NONE',  ( -168.7302191111252796, 68.02349576871857550, -112.9423997846749046 ) ) ;
#1152 = CARTESIAN_POINT ( 'NONE',  ( -168.2956227839730730, 112.5000000000000000, -112.4341870702269119 ) ) ;
#1153 = ORIENTED_EDGE ( 'NONE', *, *, #3431, .F. ) ;
#1154 = ORIENTED_EDGE ( 'NONE', *, *, #3022, .F. ) ;
#1155 = DIRECTION ( 'NONE',  ( -0.7071067811865475727, 0.000000000000000000, -0.7071067811865475727 ) ) ;
#1156 = VERTEX_POINT ( 'NONE', #2205 ) ;
#1157 = CIRCLE ( 'NONE', #2244, 2.999999999999975131 ) ;
#1158 = DIRECTION ( 'NONE',  ( -0.7071067811865975328, 0.000000000000000000, -0.7071067811864976127 ) ) ;
#1159 = CARTESIAN_POINT ( 'NONE',  ( -40.06702755360861090, 125.5000000000047748, -199.1726188958000137 ) ) ;
#1160 = CARTESIAN_POINT ( 'NONE',  ( -169.4741340859000047, 92.00000000000000000, -112.1984848097999929 ) ) ;
#1161 = ORIENTED_EDGE ( 'NONE', *, *, #570, .T. ) ;
#1162 = ORIENTED_EDGE ( 'NONE', *, *, #2568, .T. ) ;
#1163 = CIRCLE ( 'NONE', #4423, 1.200000000000011502 ) ;
#1164 = CARTESIAN_POINT ( 'NONE',  ( 165.2263753876909789, 69.24757277670852318, -113.6178163833089911 ) ) ;
#1165 = ORIENTED_EDGE ( 'NONE', *, *, #3548, .F. ) ;
#1166 = DIRECTION ( 'NONE',  ( 0.000000000000000000, 1.000000000000000000, 0.000000000000000000 ) ) ;
#1167 = CARTESIAN_POINT ( 'NONE',  ( -166.4837134362994959, 20.90066631520364027, -115.1889054595003898 ) ) ;
#1168 = ORIENTED_EDGE ( 'NONE', *, *, #3015, .F. ) ;
#1169 = CARTESIAN_POINT ( 'NONE',  ( -168.2219140485004800, 88.40066631520363671, -113.4507048472995905 ) ) ;
#1170 = CYLINDRICAL_SURFACE ( 'NONE', #3139, 2.500000000000010658 ) ;
#1171 = CARTESIAN_POINT ( 'NONE',  ( -62.50000000000000000, 12.00000000000000000, -197.1726188958000137 ) ) ;
#1172 = CARTESIAN_POINT ( 'NONE',  ( 19.80000000000000071, 58.60000000000000142, -199.1726188958000137 ) ) ;
#1173 = ADVANCED_FACE ( 'NONE', ( #1184 ), #4082, .F. ) ;
#1174 = DIRECTION ( 'NONE',  ( -0.7071067811865012764, 0.000000000000000000, -0.7071067811865937580 ) ) ;
#1175 = CARTESIAN_POINT ( 'NONE',  ( 166.4837134362994959, 91.59933368479637750, -115.1889054595003898 ) ) ;
#1176 = CARTESIAN_POINT ( 'NONE',  ( 96.99568901431999279, 123.0000000000000000, -181.8485027567000145 ) ) ;
#1177 = DIRECTION ( 'NONE',  ( 1.000000000000000000, 0.000000000000000000, 0.000000000000000000 ) ) ;
#1178 = EDGE_CURVE ( 'NONE', #6061, #697, #1226, .T. ) ;
#1179 = CIRCLE ( 'NONE', #4431, 2.999999999999988898 ) ;
#1180 = DIRECTION ( 'NONE',  ( 0.7071067811865437980, 0.000000000000000000, -0.7071067811865512365 ) ) ;
#1181 = ORIENTED_EDGE ( 'NONE', *, *, #4501, .F. ) ;
#1182 = ORIENTED_EDGE ( 'NONE', *, *, #1282, .F. ) ;
#1183 = CARTESIAN_POINT ( 'NONE',  ( -96.99568901431999279, 12.00000000000000000, -181.8485027567000145 ) ) ;
#1184 = FACE_OUTER_BOUND ( 'NONE', #4381, .T. ) ;
#1185 = ORIENTED_EDGE ( 'NONE', *, *, #3850, .T. ) ;
#1186 = CARTESIAN_POINT ( 'NONE',  ( 166.1237203024233224, 114.4999999999999716, -112.7204714685767328 ) ) ;
#1187 = CARTESIAN_POINT ( 'NONE',  ( -163.8172798364999778, 110.7500000000000000, -115.0269119346000082 ) ) ;
#1188 = CARTESIAN_POINT ( 'NONE',  ( -166.3087675879833682, 114.4479453533366211, -112.5354241830166586 ) ) ;
#1189 = ORIENTED_EDGE ( 'NONE', *, *, #3124, .T. ) ;
#1190 = ORIENTED_EDGE ( 'NONE', *, *, #6009, .T. ) ;
#1191 = CARTESIAN_POINT ( 'NONE',  ( 166.3087675879833682, 69.44794535333664953, -112.5354241830166586 ) ) ;
#1192 = ORIENTED_EDGE ( 'NONE', *, *, #1210, .T. ) ;
#1193 = CARTESIAN_POINT ( 'NONE',  ( 60.00000000000000000, 123.0000000000000000, -197.1726188958000137 ) ) ;
#1194 = FACE_OUTER_BOUND ( 'NONE', #559, .T. ) ;
#1195 = DIRECTION ( 'NONE',  ( -0.7071067811865475727, 0.000000000000000000, 0.7071067811865475727 ) ) ;
#1196 = CARTESIAN_POINT ( 'NONE',  ( 165.0871860658000116, 67.50000000000000000, -112.0541774767999925 ) ) ;
#1197 = CARTESIAN_POINT ( 'NONE',  ( 154.8370237153999938, 41.39999999999999858, -126.8355951803999915 ) ) ;
#1198 = DIRECTION ( 'NONE',  ( 0.7071067811865475727, 0.000000000000000000, -0.7071067811865475727 ) ) ;
#1199 = CARTESIAN_POINT ( 'NONE',  ( 148.6144840409000096, 50.00000000000000000, -130.2297077301000172 ) ) ;
#1200 = DIRECTION ( 'NONE',  ( 0.7071067811865975328, 0.000000000000000000, 0.7071067811864976127 ) ) ;
#1201 = ADVANCED_FACE ( 'NONE', ( #754, #1765, #2633, #4515, #4455, #297, #5467, #1238, #2178, #4952, #2693, #4574, #266, #1708, #3129, #5437 ), #5013, .T. ) ;
#1202 = EDGE_CURVE ( 'NONE', #506, #1825, #2144, .T. ) ;
#1203 = CARTESIAN_POINT ( 'NONE',  ( 165.2314933988000121, 112.6250000000000000, -116.4411254970000016 ) ) ;
#1204 = ORIENTED_EDGE ( 'NONE', *, *, #3760, .F. ) ;
#1205 = VERTEX_POINT ( 'NONE', #352 ) ;
#1206 = EDGE_CURVE ( 'NONE', #3134, #2448, #742, .T. ) ;
#1207 = CARTESIAN_POINT ( 'NONE',  ( -82.50000000000000000, 0.000000000000000000, -199.1726188958000137 ) ) ;
#1208 = CARTESIAN_POINT ( 'NONE',  ( 4.000000000000000000, 50.00000000000000000, -197.1726188958000137 ) ) ;
#1209 = ORIENTED_EDGE ( 'NONE', *, *, #1703, .F. ) ;
#1210 = EDGE_CURVE ( 'NONE', #534, #703, #2235, .T. ) ;
#1211 = DIRECTION ( 'NONE',  ( -0.7071067811865475727, 0.000000000000000000, -0.7071067811865475727 ) ) ;
#1212 = DIRECTION ( 'NONE',  ( 0.7071067811865475727, 0.000000000000000000, -0.7071067811865475727 ) ) ;
#1213 = FACE_OUTER_BOUND ( 'NONE', #2313, .T. ) ;
#1214 = ORIENTED_EDGE ( 'NONE', *, *, #949, .T. ) ;
#1215 = ORIENTED_EDGE ( 'NONE', *, *, #408, .T. ) ;
#1216 = CARTESIAN_POINT ( 'NONE',  ( 165.7534800575766951, 110.5000000000000000, -113.0907117134232607 ) ) ;
#1217 = CARTESIAN_POINT ( 'NONE',  ( 166.2219140485003948, 46.22909343994984965, -115.4507048472995194 ) ) ;
#1218 = ORIENTED_EDGE ( 'NONE', *, *, #3628, .T. ) ;
#1219 = CARTESIAN_POINT ( 'NONE',  ( 57.50000000000000000, 123.0000000000000000, -197.1726188958000137 ) ) ;
#1220 = CARTESIAN_POINT ( 'NONE',  ( -165.2314933988000121, 47.00000000000000000, -116.4411254970000016 ) ) ;
#1221 = OPEN_SHELL ( 'NONE', ( #1769, #4835 ) ) ;
#1222 = CARTESIAN_POINT ( 'NONE',  ( 166.1237203024232940, 20.49999999999999645, -112.7204714685767470 ) ) ;
#1223 = CARTESIAN_POINT ( 'NONE',  ( -167.3528137423729731, 22.50000000000000000, -111.4913780286270111 ) ) ;
#1224 = CARTESIAN_POINT ( 'NONE',  ( 169.4741340859000047, 114.5000000000000000, -112.1984848097999929 ) ) ;
#1225 = CARTESIAN_POINT ( 'NONE',  ( -168.2219140485004516, 114.0993336847963633, -113.4507048472996189 ) ) ;
#1226 = CIRCLE ( 'NONE', #147, 2.000000000000001776 ) ;
#1227 = AXIS2_PLACEMENT_3D ( 'NONE', #1203, #2597, #5920 ) ;
#1228 = VECTOR ( 'NONE', #3951, 999.9999999999998863 ) ;
#1229 = CARTESIAN_POINT ( 'NONE',  ( 169.4741340859000047, 69.50000000000000000, -112.1984848097999929 ) ) ;
#1230 = CARTESIAN_POINT ( 'NONE',  ( -164.9957911384268812, 89.99999999999998579, -114.7912096741730750 ) ) ;
#1231 = LINE ( 'NONE', #4075, #3190 ) ;
#1232 = CARTESIAN_POINT ( 'NONE',  ( 169.4741340859000047, 47.00000000000000000, -112.1984848097999929 ) ) ;
#1233 = EDGE_LOOP ( 'NONE', ( #3168, #2947, #524, #3416 ) ) ;
#1234 = VERTEX_POINT ( 'NONE', #1680 ) ;
#1235 = EDGE_CURVE ( 'NONE', #3242, #5614, #4480, .T. ) ;
#1236 = EDGE_CURVE ( 'NONE', #4651, #1072, #5978, .T. ) ;
#1237 = DIRECTION ( 'NONE',  ( 0.000000000000000000, 0.000000000000000000, 1.000000000000000000 ) ) ;
#1238 = FACE_BOUND ( 'NONE', #3301, .T. ) ;
#1239 = VECTOR ( 'NONE', #4909, 1000.000000000000000 ) ;
#1240 = VERTEX_POINT ( 'NONE', #5524 ) ;
#1241 = CARTESIAN_POINT ( 'NONE',  ( -166.2219140485003948, 111.2709065600501788, -115.4507048472995194 ) ) ;
#1242 = CARTESIAN_POINT ( 'NONE',  ( -165.5684327720166493, 114.4479453533366353, -113.2757589989833491 ) ) ;
#1243 = ORIENTED_EDGE ( 'NONE', *, *, #5571, .F. ) ;
#1244 = VECTOR ( 'NONE', #995, 1000.000000000000114 ) ;
#1245 = VERTEX_POINT ( 'NONE', #1208 ) ;
#1246 = EDGE_CURVE ( 'NONE', #2583, #1644, #2612, .T. ) ;
#1247 = EDGE_CURVE ( 'NONE', #3443, #2785, #3528, .T. ) ;
#1248 = DIRECTION ( 'NONE',  ( -0.000000000000000000, -0.000000000000000000, -1.000000000000000000 ) ) ;
#1249 = CARTESIAN_POINT ( 'NONE',  ( 164.8077004861003729, 68.72909343994986386, -114.0364912848995260 ) ) ;
#1250 = EDGE_LOOP ( 'NONE', ( #2087, #3179 ) ) ;
#1251 = LINE ( 'NONE', #3141, #640 ) ;
#1252 = DIRECTION ( 'NONE',  ( -0.7071067811864976127, 0.000000000000000000, -0.7071067811865975328 ) ) ;
#1253 = AXIS2_PLACEMENT_3D ( 'NONE', #4738, #2828, #4308 ) ;
#1254 = EDGE_CURVE ( 'NONE', #4047, #466, #5276, .T. ) ;
#1255 = VERTEX_POINT ( 'NONE', #1130 ) ;
#1256 = CARTESIAN_POINT ( 'NONE',  ( 88.95469720931397717, 125.5000000000048601, -189.8894945617361429 ) ) ;
#1257 = CARTESIAN_POINT ( 'NONE',  ( -19.80000000000000071, 41.39999999999999858, -199.1726188958000137 ) ) ;
#1258 = AXIS2_PLACEMENT_3D ( 'NONE', #2368, #3351, #549 ) ;
#1259 = DIRECTION ( 'NONE',  ( 0.7071067811865475727, 0.000000000000000000, -0.7071067811865475727 ) ) ;
#1260 = CARTESIAN_POINT ( 'NONE',  ( -165.2314933988000121, 112.6250000000000000, -116.4411254970000016 ) ) ;
#1261 = AXIS2_PLACEMENT_3D ( 'NONE', #371, #5568, #540 ) ;
#1262 = VERTEX_POINT ( 'NONE', #1987 ) ;
#1263 = LINE ( 'NONE', #1229, #4982 ) ;
#1264 = CARTESIAN_POINT ( 'NONE',  ( -164.5243866176269876, 90.00000000000000000, -114.3198051533730109 ) ) ;
#1265 = DIRECTION ( 'NONE',  ( 0.7071067811865475727, 0.000000000000000000, -0.7071067811865475727 ) ) ;
#1266 = CARTESIAN_POINT ( 'NONE',  ( 165.9386001800270094, 45.00000000000000000, -115.7340187157729900 ) ) ;
#1267 = VERTEX_POINT ( 'NONE', #668 ) ;
#1268 = ORIENTED_EDGE ( 'NONE', *, *, #5170, .F. ) ;
#1269 = VECTOR ( 'NONE', #3307, 1000.000000000000000 ) ;
#1270 = DIRECTION ( 'NONE',  ( 1.480297366166873915E-14, -1.000000000000000000, 1.480297366166873915E-14 ) ) ;
#1271 = ORIENTED_EDGE ( 'NONE', *, *, #3875, .T. ) ;
#1272 = EDGE_CURVE ( 'NONE', #1097, #3671, #715, .T. ) ;
#1273 = CARTESIAN_POINT ( 'NONE',  ( -167.5379338648232590, 110.5000000000000000, -114.1346850309767404 ) ) ;
#1274 = AXIS2_PLACEMENT_3D ( 'NONE', #3181, #4971, #376 ) ;
#1275 = CARTESIAN_POINT ( 'NONE',  ( -167.3160055487252862, 113.0234957687185613, -111.5281862222749680 ) ) ;
#1276 = ORIENTED_EDGE ( 'NONE', *, *, #2237, .F. ) ;
#1277 = ORIENTED_EDGE ( 'NONE', *, *, #1556, .T. ) ;
#1278 = CARTESIAN_POINT ( 'NONE',  ( 164.7028796189723323, 111.4927620392581957, -114.1413121520275240 ) ) ;
#1279 = AXIS2_PLACEMENT_3D ( 'NONE', #758, #1212, #4026 ) ;
#1280 = CARTESIAN_POINT ( 'NONE',  ( 168.2219140485004516, 88.40066631520363671, -113.4507048472996189 ) ) ;
#1281 = VERTEX_POINT ( 'NONE', #4428 ) ;
#1282 = EDGE_CURVE ( 'NONE', #1356, #2023, #1764, .T. ) ;
#1283 = EDGE_CURVE ( 'NONE', #498, #4391, #5259, .T. ) ;
#1284 = FACE_OUTER_BOUND ( 'NONE', #2552, .T. ) ;
#1285 = ORIENTED_EDGE ( 'NONE', *, *, #2302, .T. ) ;
#1286 = AXIS2_PLACEMENT_3D ( 'NONE', #4759, #448, #1949 ) ;
#1287 = CARTESIAN_POINT ( 'NONE',  ( 167.8242182631730941, 67.49999999999998579, -111.9627825494269047 ) ) ;
#1288 = CARTESIAN_POINT ( 'NONE',  ( 143.6647365726000203, 50.00000000000000000, -138.0078823230999774 ) ) ;
#1289 = CARTESIAN_POINT ( 'NONE',  ( -164.9957911384268812, 67.49999999999998579, -114.7912096741730750 ) ) ;
#1290 = EDGE_CURVE ( 'NONE', #3963, #1762, #5741, .T. ) ;
#1291 = DIRECTION ( 'NONE',  ( -0.7071067811865975328, 0.000000000000000000, -0.7071067811864976127 ) ) ;
#1292 = ORIENTED_EDGE ( 'NONE', *, *, #5652, .T. ) ;
#1293 = CYLINDRICAL_SURFACE ( 'NONE', #5395, 2.500000000000010658 ) ;
#1294 = CARTESIAN_POINT ( 'NONE',  ( -173.0096679918999882, 135.0000000000000000, -108.6629509039000112 ) ) ;
#1295 = DIRECTION ( 'NONE',  ( 0.7071067811865475727, -5.024295867787377658E-15, 0.7071067811865475727 ) ) ;
#1296 = DIRECTION ( 'NONE',  ( 0.7071067811865475727, 0.000000000000000000, 0.7071067811865475727 ) ) ;
#1297 = VERTEX_POINT ( 'NONE', #1160 ) ;
#1298 = EDGE_LOOP ( 'NONE', ( #2544, #4550 ) ) ;
#1299 = DIRECTION ( 'NONE',  ( -0.7071067811865475727, 0.000000000000000000, -0.7071067811865475727 ) ) ;
#1300 = VERTEX_POINT ( 'NONE', #544 ) ;
#1301 = CARTESIAN_POINT ( 'NONE',  ( 165.2314933988000121, 22.50000000000000000, -116.4411254970000016 ) ) ;
#1302 = CARTESIAN_POINT ( 'NONE',  ( -168.7670273047731939, 22.76179938779916156, -112.9055915910270187 ) ) ;
#1303 = VERTEX_POINT ( 'NONE', #2085 ) ;
#1304 = VERTEX_POINT ( 'NONE', #1621 ) ;
#1305 = DIRECTION ( 'NONE',  ( -0.000000000000000000, 1.000000000000000000, 0.000000000000000000 ) ) ;
#1306 = CARTESIAN_POINT ( 'NONE',  ( 13.00000000000000000, 50.00000000000000000, -199.1726188958000137 ) ) ;
#1307 = VERTEX_POINT ( 'NONE', #3962 ) ;
#1308 =( LENGTH_UNIT ( ) NAMED_UNIT ( * ) SI_UNIT ( .MILLI., .METRE. ) );
#1309 = DIRECTION ( 'NONE',  ( 0.000000000000000000, 0.000000000000000000, 1.000000000000000000 ) ) ;
#1310 = AXIS2_PLACEMENT_3D ( 'NONE', #260, #4016, #5887 ) ;
#1311 = ORIENTED_EDGE ( 'NONE', *, *, #1016, .T. ) ;
#1312 = EDGE_CURVE ( 'NONE', #1731, #883, #4302, .T. ) ;
#1313 = EDGE_CURVE ( 'NONE', #2077, #5533, #1956, .T. ) ;
#1314 = AXIS2_PLACEMENT_3D ( 'NONE', #2704, #2190, #1777 ) ;
#1315 = CARTESIAN_POINT ( 'NONE',  ( 125.9870670429999961, 58.60000000000000142, -155.6855518527999607 ) ) ;
#1316 = CARTESIAN_POINT ( 'NONE',  ( 168.7670273047729950, 67.50000000000000000, -112.9055915910270045 ) ) ;
#1317 = LINE ( 'NONE', #401, #577 ) ;
#1318 = VECTOR ( 'NONE', #6078, 999.9999999999998863 ) ;
#1319 = EDGE_CURVE ( 'NONE', #1234, #1653, #1493, .T. ) ;
#1320 = CARTESIAN_POINT ( 'NONE',  ( -164.5243866176268455, 45.26179938779914380, -114.3198051533730251 ) ) ;
#1321 = EDGE_CURVE ( 'NONE', #2847, #4856, #354, .T. ) ;
#1322 = PLANE ( 'NONE',  #2266 ) ;
#1323 = CARTESIAN_POINT ( 'NONE',  ( 155.6855518527999607, 41.39999999999999858, -125.9870670429999961 ) ) ;
#1324 = AXIS2_PLACEMENT_3D ( 'NONE', #2416, #1065, #3399 ) ;
#1325 = B_SPLINE_CURVE_WITH_KNOTS ( 'NONE', 3,
 ( #3969, #4932, #3908, #1137, #1046, #5745, #1531, #4371, #146, #2990, #5778, #3019, #4435, #4900, #5328, #5839, #2924, #4465 ),
 .UNSPECIFIED., .F., .F.,
 ( 4, 2, 2, 2, 2, 2, 2, 2, 4 ),
 ( -1.000000000000000000, -0.8750000000000000000, -0.7500000000000000000, -0.6250000000000000000, -0.5000000000000000000, -0.3750000000000000000, -0.2500000000000000000, -0.1250000000000000000, -0.000000000000000000 ),
 .UNSPECIFIED. ) ;
#1326 = AXIS2_PLACEMENT_3D ( 'NONE', #2347, #1295, #1413 ) ;
#1327 = CIRCLE ( 'NONE', #4486, 1.875000000000001776 ) ;
#1328 = CIRCLE ( 'NONE', #257, 1.199999999999999734 ) ;
#1329 = CYLINDRICAL_SURFACE ( 'NONE', #4685, 1.200000000000011502 ) ;
#1330 = EDGE_LOOP ( 'NONE', ( #4659, #5695, #4889, #1616 ) ) ;
#1331 = ORIENTED_EDGE ( 'NONE', *, *, #4842, .F. ) ;
#1332 = EDGE_CURVE ( 'NONE', #1705, #1267, #3931, .T. ) ;
#1333 = CYLINDRICAL_SURFACE ( 'NONE', #1934, 1.199999999999999734 ) ;
#1334 = CARTESIAN_POINT ( 'NONE',  ( 60.00000000000000000, 12.00000000000000000, -197.1726188958000137 ) ) ;
#1335 = CARTESIAN_POINT ( 'NONE',  ( -163.8172798364999778, 90.00000000000000000, -115.0269119346000082 ) ) ;
#1336 = DIRECTION ( 'NONE',  ( 0.000000000000000000, 0.000000000000000000, -1.000000000000000000 ) ) ;
#1337 = ORIENTED_EDGE ( 'NONE', *, *, #3753, .T. ) ;
#1338 = VERTEX_POINT ( 'NONE', #4578 ) ;
#1339 = B_SPLINE_CURVE_WITH_KNOTS ( 'NONE', 3,
 ( #4089, #329, #1716, #2641, #4117, #3593, #2732, #2212, #1798, #1216, #5957, #3941, #4522, #821, #1278, #360, #765, #5559 ),
 .UNSPECIFIED., .F., .F.,
 ( 4, 2, 2, 2, 2, 2, 2, 2, 4 ),
 ( -1.000000000000000000, -0.8750000000000000000, -0.7500000000000000000, -0.6250000000000000000, -0.5000000000000000000, -0.3750000000000000000, -0.2500000000000000000, -0.1250000000000000000, -0.000000000000000000 ),
 .UNSPECIFIED. ) ;
#1340 = FACE_OUTER_BOUND ( 'NONE', #2820, .T. ) ;
#1341 = AXIS2_PLACEMENT_3D ( 'NONE', #3330, #5211, #2870 ) ;
#1342 = CARTESIAN_POINT ( 'NONE',  ( -164.8077004861003445, 91.22909343994982123, -114.0364912848994976 ) ) ;
#1343 = VERTEX_POINT ( 'NONE', #5441 ) ;
#1344 = CIRCLE ( 'NONE', #945, 1.200000000000011502 ) ;
#1345 = CARTESIAN_POINT ( 'NONE',  ( 169.4741340859000047, 24.50000000000000000, -112.1984848097999929 ) ) ;
#1346 = VERTEX_POINT ( 'NONE', #5500 ) ;
#1347 = CARTESIAN_POINT ( 'NONE',  ( 164.5243866176269876, 22.50000000000000000, -114.3198051533730109 ) ) ;
#1348 = FACE_OUTER_BOUND ( 'NONE', #968, .T. ) ;
#1349 = CARTESIAN_POINT ( 'NONE',  ( 163.8172798364999778, 24.50000000000000000, -115.0269119346000082 ) ) ;
#1350 = FACE_OUTER_BOUND ( 'NONE', #5102, .T. ) ;
#1351 = VECTOR ( 'NONE', #1758, 1000.000000000000000 ) ;
#1352 = EDGE_CURVE ( 'NONE', #4359, #927, #5864, .T. ) ;
#1353 = B_SPLINE_CURVE_WITH_KNOTS ( 'NONE', 3,
 ( #1986, #541, #5376, #5828 ),
 .UNSPECIFIED., .F., .F.,
 ( 4, 4 ),
 ( 0.000000000000000000, 1.000000000000000000 ),
 .UNSPECIFIED. ) ;
#1354 = LINE ( 'NONE', #3180, #4387 ) ;
#1355 = VECTOR ( 'NONE', #4502, 1000.000000000000114 ) ;
#1356 = VERTEX_POINT ( 'NONE', #4059 ) ;
#1357 = CARTESIAN_POINT ( 'NONE',  ( 164.5611948112747598, 90.52349576871858972, -114.2829969597250681 ) ) ;
#1358 = CYLINDRICAL_SURFACE ( 'NONE', #6041, 1.200000000000011502 ) ;
#1359 = CIRCLE ( 'NONE', #2740, 9.000000000000007105 ) ;
#1360 = EDGE_CURVE ( 'NONE', #2448, #3134, #5119, .T. ) ;
#1361 = CARTESIAN_POINT ( 'NONE',  ( 167.7229811503833616, 43.05205464666337178, -113.9496377454166804 ) ) ;
#1362 = ORIENTED_EDGE ( 'NONE', *, *, #2035, .F. ) ;
#1363 = ORIENTED_EDGE ( 'NONE', *, *, #5607, .T. ) ;
#1364 = CARTESIAN_POINT ( 'NONE',  ( -21.00000000000000000, 41.39999999999999858, -199.1726188958000137 ) ) ;
#1365 = ORIENTED_EDGE ( 'NONE', *, *, #2824, .T. ) ;
#1366 = LINE ( 'NONE', #3254, #1054 ) ;
#1367 = LINE ( 'NONE', #2784, #5790 ) ;
#1368 = ORIENTED_EDGE ( 'NONE', *, *, #1808, .F. ) ;
#1369 = ORIENTED_EDGE ( 'NONE', *, *, #5394, .T. ) ;
#1370 = FACE_BOUND ( 'NONE', #5407, .T. ) ;
#1371 = CARTESIAN_POINT ( 'NONE',  ( 168.7670273047729950, 90.00000000000000000, -112.9055915910270045 ) ) ;
#1372 = CIRCLE ( 'NONE', #4034, 9.999999999999994671 ) ;
#1373 = ORIENTED_EDGE ( 'NONE', *, *, #6021, .T. ) ;
#1374 = AXIS2_PLACEMENT_3D ( 'NONE', #789, #4548, #326 ) ;
#1375 = VECTOR ( 'NONE', #1521, 1000.000000000000114 ) ;
#1376 = AXIS2_PLACEMENT_3D ( 'NONE', #2428, #1870, #52 ) ;
#1377 = DIRECTION ( 'NONE',  ( -0.7071067811865499042, 0.000000000000000000, -0.7071067811865451302 ) ) ;
#1378 = CIRCLE ( 'NONE', #2173, 3.000000000000002665 ) ;
#1379 = DIRECTION ( 'NONE',  ( -0.7071067811865474617, 0.000000000000000000, 0.7071067811865474617 ) ) ;
#1380 = CARTESIAN_POINT ( 'NONE',  ( -168.0599205235999989, 47.00000000000000000, -110.7842712475000155 ) ) ;
#1381 = PLANE ( 'NONE',  #3287 ) ;
#1382 = CARTESIAN_POINT ( 'NONE',  ( -79.89468165297162727, 125.5000000000048317, -186.9495101180783081 ) ) ;
#1383 = VECTOR ( 'NONE', #4186, 1000.000000000000114 ) ;
#1384 = CARTESIAN_POINT ( 'NONE',  ( 165.2314933988000121, 43.00000000000000000, -116.4411254970000016 ) ) ;
#1385 = ORIENTED_EDGE ( 'NONE', *, *, #3262, .F. ) ;
#1386 = DIRECTION ( 'NONE',  ( -1.000000000000000000, 0.000000000000000000, 0.000000000000000000 ) ) ;
#1387 = DIRECTION ( 'NONE',  ( -0.7071067811865474617, 0.000000000000000000, -0.7071067811865474617 ) ) ;
#1388 = CIRCLE ( 'NONE', #4843, 2.500000000000000888 ) ;
#1389 = CARTESIAN_POINT ( 'NONE',  ( 20.00000000000000000, 82.48305456232999688, -199.1726188958000137 ) ) ;
#1390 = ORIENTED_EDGE ( 'NONE', *, *, #4868, .T. ) ;
#1391 = ORIENTED_EDGE ( 'NONE', *, *, #4044, .T. ) ;
#1392 = EDGE_CURVE ( 'NONE', #3317, #2189, #2752, .T. ) ;
#1393 = EDGE_CURVE ( 'NONE', #5891, #879, #2471, .T. ) ;
#1394 = CARTESIAN_POINT ( 'NONE',  ( 131.6439212925000106, 50.00000000000000000, -150.0286976033000030 ) ) ;
#1395 = CYLINDRICAL_SURFACE ( 'NONE', #3504, 1.999999999999992895 ) ;
#1396 = CARTESIAN_POINT ( 'NONE',  ( 167.0694998738996446, 46.22909343994982834, -111.7746918971004675 ) ) ;
#1397 = CARTESIAN_POINT ( 'NONE',  ( -165.2314933988000121, 45.00000000000000000, -116.4411254970000016 ) ) ;
#1398 = ORIENTED_EDGE ( 'NONE', *, *, #5199, .T. ) ;
#1399 = ORIENTED_EDGE ( 'NONE', *, *, #42, .F. ) ;
#1400 = CARTESIAN_POINT ( 'NONE',  ( 21.00000000000000000, 58.60000000000000142, -199.1726188958000137 ) ) ;
#1401 = ADVANCED_FACE ( 'NONE', ( #2697 ), #2149, .F. ) ;
#1402 = FACE_OUTER_BOUND ( 'NONE', #5622, .T. ) ;
#1403 = ORIENTED_EDGE ( 'NONE', *, *, #5166, .T. ) ;
#1404 = DIRECTION ( 'NONE',  ( 0.000000000000000000, 0.000000000000000000, -1.000000000000000000 ) ) ;
#1405 = VERTEX_POINT ( 'NONE', #1685 ) ;
#1406 = CARTESIAN_POINT ( 'NONE',  ( 166.6508249723090671, 65.75242722329150524, -112.1933667986910166 ) ) ;
#1407 = CARTESIAN_POINT ( 'NONE',  ( -155.1198664278999786, 41.39999999999999858, -123.7243253431999932 ) ) ;
#1408 = CARTESIAN_POINT ( 'NONE',  ( 81.67157287524999276, 0.000000000000000000, -197.1726188958000137 ) ) ;
#1409 = AXIS2_PLACEMENT_3D ( 'NONE', #5263, #4899, #4434 ) ;
#1410 = CARTESIAN_POINT ( 'NONE',  ( -168.0599205235999989, 88.00000000000000000, -110.7842712475000155 ) ) ;
#1411 = ORIENTED_EDGE ( 'NONE', *, *, #229, .F. ) ;
#1412 = CYLINDRICAL_SURFACE ( 'NONE', #398, 2.500000000000002220 ) ;
#1413 = DIRECTION ( 'NONE',  ( 5.551115123125777653E-14, -1.000000000000000000, -6.245004513516500491E-14 ) ) ;
#1414 = AXIS2_PLACEMENT_3D ( 'NONE', #480, #1404, #6018 ) ;
#1415 = CARTESIAN_POINT ( 'NONE',  ( 20.00000000000000000, 92.48305456232999688, -199.1726188958000137 ) ) ;
#1416 = EDGE_LOOP ( 'NONE', ( #4137, #5635 ) ) ;
#1417 = EDGE_LOOP ( 'NONE', ( #2128, #4926, #4618, #3896 ) ) ;
#1418 = CARTESIAN_POINT ( 'NONE',  ( 37.06702755367646773, 125.5000000000048601, -199.1726188958000137 ) ) ;
#1419 = CARTESIAN_POINT ( 'NONE',  ( -60.00000000000000000, 123.0000000000000000, -197.1726188958000137 ) ) ;
#1420 = B_SPLINE_CURVE_WITH_KNOTS ( 'NONE', 3,
 ( #2695, #2636, #5075, #1738 ),
 .UNSPECIFIED., .F., .F.,
 ( 4, 4 ),
 ( 0.000000000000000000, 1.000000000000000000 ),
 .UNSPECIFIED. ) ;
#1421 = DIRECTION ( 'NONE',  ( 2.368475785866998264E-13, 1.000000000000000000, -2.442490654175341865E-13 ) ) ;
#1422 = ADVANCED_FACE ( 'NONE', ( #1213 ), #2638, .F. ) ;
#1423 = EDGE_CURVE ( 'NONE', #3475, #1234, #4086, .T. ) ;
#1424 = DIRECTION ( 'NONE',  ( 0.7071067811865475727, 0.000000000000000000, 0.7071067811865475727 ) ) ;
#1425 = ORIENTED_EDGE ( 'NONE', *, *, #4001, .T. ) ;
#1426 = VERTEX_POINT ( 'NONE', #5188 ) ;
#1427 = AXIS2_PLACEMENT_3D ( 'NONE', #1148, #4102, #5969 ) ;
#1428 = DIRECTION ( 'NONE',  ( -0.7071067811865475727, 0.000000000000000000, 0.7071067811865475727 ) ) ;
#1429 = DIRECTION ( 'NONE',  ( -0.7071067811865476838, -0.000000000000000000, -0.7071067811865474617 ) ) ;
#1430 = ORIENTED_EDGE ( 'NONE', *, *, #2680, .F. ) ;
#1431 = CARTESIAN_POINT ( 'NONE',  ( 164.9957911384268812, 90.00000000000000000, -114.7912096741730892 ) ) ;
#1432 = ORIENTED_EDGE ( 'NONE', *, *, #2156, .F. ) ;
#1433 = AXIS2_PLACEMENT_3D ( 'NONE', #5763, #4417, #195 ) ;
#1434 = CARTESIAN_POINT ( 'NONE',  ( 167.0694998738995878, 66.27090656005016456, -111.7746918971004959 ) ) ;
#1435 = CARTESIAN_POINT ( 'NONE',  ( 143.6647365726000203, 50.00000000000000000, -138.0078823230999774 ) ) ;
#1436 = DIRECTION ( 'NONE',  ( 1.000000000000000000, 0.000000000000000000, 0.000000000000000000 ) ) ;
#1437 = EDGE_CURVE ( 'NONE', #3104, #2076, #3337, .T. ) ;
#1438 = DIRECTION ( 'NONE',  ( 0.7071067811864976127, 0.000000000000000000, 0.7071067811865975328 ) ) ;
#1439 = EDGE_LOOP ( 'NONE', ( #5603, #4176, #2609, #5976 ) ) ;
#1440 = CARTESIAN_POINT ( 'NONE',  ( 166.6508249723090671, 91.74757277670852318, -112.1933667986910024 ) ) ;
#1441 = CARTESIAN_POINT ( 'NONE',  ( 165.0871860658000116, 22.50000000000000000, -112.0541774767999925 ) ) ;
#1442 = CIRCLE ( 'NONE', #4901, 1.200000000000001732 ) ;
#1443 = CARTESIAN_POINT ( 'NONE',  ( -169.4741340859000047, 114.5000000000000000, -112.1984848097999929 ) ) ;
#1444 = CARTESIAN_POINT ( 'NONE',  ( 168.5885343034276502, 23.50723796074179006, -113.0840845923724629 ) ) ;
#1445 = EDGE_LOOP ( 'NONE', ( #4024, #4694, #5161, #3935 ) ) ;
#1446 = CIRCLE ( 'NONE', #375, 9.000000000000000000 ) ;
#1447 = ORIENTED_EDGE ( 'NONE', *, *, #4248, .F. ) ;
#1448 = FACE_BOUND ( 'NONE', #5275, .T. ) ;
#1449 = FACE_OUTER_BOUND ( 'NONE', #3899, .T. ) ;
#1450 = AXIS2_PLACEMENT_3D ( 'NONE', #1382, #5145, #919 ) ;
#1451 = DIRECTION ( 'NONE',  ( -0.7071067811865475727, 0.000000000000000000, -0.7071067811865475727 ) ) ;
#1452 = CARTESIAN_POINT ( 'NONE',  ( 166.6405889500909439, 69.24757277670853739, -115.0320299457089988 ) ) ;
#1453 = VERTEX_POINT ( 'NONE', #445 ) ;
#1454 = ORIENTED_EDGE ( 'NONE', *, *, #2411, .T. ) ;
#1455 = DIRECTION ( 'NONE',  ( 0.000000000000000000, 0.000000000000000000, -1.000000000000000000 ) ) ;
#1456 = CYLINDRICAL_SURFACE ( 'NONE', #3153, 1.200000000000011502 ) ;
#1457 = ADVANCED_FACE ( 'NONE', ( #4145 ), #3256, .F. ) ;
#1458 = ORIENTED_EDGE ( 'NONE', *, *, #2834, .F. ) ;
#1459 = CARTESIAN_POINT ( 'NONE',  ( -125.9870670429999961, 58.60000000000000142, -155.6855518527999607 ) ) ;
#1460 = DIRECTION ( 'NONE',  ( 0.7071067811865475727, 0.000000000000000000, -0.7071067811865475727 ) ) ;
#1461 = AXIS2_PLACEMENT_3D ( 'NONE', #5358, #1141, #4376 ) ;
#1462 = ORIENTED_EDGE ( 'NONE', *, *, #4980, .T. ) ;
#1463 = AXIS2_PLACEMENT_3D ( 'NONE', #1485, #2447, #1028 ) ;
#1464 = ADVANCED_FACE ( 'NONE', ( #5134 ), #1795, .F. ) ;
#1465 = CARTESIAN_POINT ( 'NONE',  ( 167.3160055487252862, 66.97650423128145292, -111.5281862222749680 ) ) ;
#1466 = ADVANCED_FACE ( 'NONE', ( #3677 ), #4610, .F. ) ;
#1467 = CARTESIAN_POINT ( 'NONE',  ( 163.8172798364999778, 114.5000000000000000, -115.0269119346000082 ) ) ;
#1468 = CARTESIAN_POINT ( 'NONE',  ( 169.4741340859000047, 20.50000000000000000, -112.1984848097999929 ) ) ;
#1469 = VECTOR ( 'NONE', #4583, 1000.000000000000000 ) ;
#1470 = DIRECTION ( 'NONE',  ( 0.7071067811865474617, 0.000000000000000000, 0.7071067811865474617 ) ) ;
#1471 = ORIENTED_EDGE ( 'NONE', *, *, #1592, .T. ) ;
#1472 = CARTESIAN_POINT ( 'NONE',  ( 94.12083000286881429, 9.500000000000053291, -184.7233617681811779 ) ) ;
#1473 = ADVANCED_FACE ( 'NONE', ( #5586 ), #388, .F. ) ;
#1474 = CARTESIAN_POINT ( 'NONE',  ( 167.1743207410276568, 43.99276203925818862, -111.6698710299724553 ) ) ;
#1475 = CARTESIAN_POINT ( 'NONE',  ( -125.1385389054999990, 41.39999999999999858, -156.5340799901999844 ) ) ;
#1476 = AXIS2_PLACEMENT_3D ( 'NONE', #2359, #4696, #6075 ) ;
#1477 = CARTESIAN_POINT ( 'NONE',  ( -169.4741340859000047, 20.50000000000000000, -112.1984848097999929 ) ) ;
#1478 = ORIENTED_EDGE ( 'NONE', *, *, #4745, .F. ) ;
#1479 = VERTEX_POINT ( 'NONE', #4693 ) ;
#1480 = CARTESIAN_POINT ( 'NONE',  ( 156.5340799901999844, 58.60000000000000142, -125.1385389054999990 ) ) ;
#1481 = CIRCLE ( 'NONE', #993, 1.199999999999999734 ) ;
#1482 = CARTESIAN_POINT ( 'NONE',  ( 167.3528137424000022, 92.00000000000000000, -114.3198051534000115 ) ) ;
#1483 = CARTESIAN_POINT ( 'NONE',  ( -167.1676936199767169, 92.00000000000000000, -114.5049252758232683 ) ) ;
#1484 = DIRECTION ( 'NONE',  ( 0.7071067811865475727, 0.000000000000000000, 0.7071067811865475727 ) ) ;
#1485 = CARTESIAN_POINT ( 'NONE',  ( -163.8172798364999778, 67.50000000000000000, -115.0269119346000082 ) ) ;
#1486 = EDGE_LOOP ( 'NONE', ( #594, #2698, #3359, #4831, #5019 ) ) ;
#1487 = ORIENTED_EDGE ( 'NONE', *, *, #2376, .F. ) ;
#1488 = CARTESIAN_POINT ( 'NONE',  ( -164.5243866176269876, 45.00000000000000000, -114.3198051533730109 ) ) ;
#1489 = DIRECTION ( 'NONE',  ( -0.7071067811864976127, 0.000000000000000000, -0.7071067811865975328 ) ) ;
#1490 = EDGE_LOOP ( 'NONE', ( #2240, #2692, #4921, #6013 ) ) ;
#1491 = CARTESIAN_POINT ( 'NONE',  ( 166.1237203024233224, 24.49999999999999645, -112.7204714685767328 ) ) ;
#1492 = DIRECTION ( 'NONE',  ( -1.000000000000000000, 0.000000000000000000, 0.000000000000000000 ) ) ;
#1493 = LINE ( 'NONE', #3374, #3826 ) ;
#1494 = ORIENTED_EDGE ( 'NONE', *, *, #5645, .F. ) ;
#1495 = CARTESIAN_POINT ( 'NONE',  ( 165.2263753876909504, 65.75242722329146261, -113.6178163833090338 ) ) ;
#1496 = CARTESIAN_POINT ( 'NONE',  ( -166.1237203024232940, 69.50000000000000000, -112.7204714685767470 ) ) ;
#1497 = LINE ( 'NONE', #3378, #4911 ) ;
#1498 = EDGE_CURVE ( 'NONE', #2865, #1453, #4130, .T. ) ;
#1499 = EDGE_CURVE ( 'NONE', #1245, #4053, #5023, .T. ) ;
#1500 = CARTESIAN_POINT ( 'NONE',  ( -89.87818931577209014, 9.500000000000108358, -188.9660024552779305 ) ) ;
#1501 = ORIENTED_EDGE ( 'NONE', *, *, #1800, .T. ) ;
#1502 = CARTESIAN_POINT ( 'NONE',  ( -168.0650385347090321, 88.25242722329150524, -113.6075803610909958 ) ) ;
#1503 = CARTESIAN_POINT ( 'NONE',  ( 150.0286976033000030, 50.00000000000000000, -131.6439212925000106 ) ) ;
#1504 = LINE ( 'NONE', #3385, #2527 ) ;
#1505 = EDGE_CURVE ( 'NONE', #1517, #386, #5691, .T. ) ;
#1506 = CARTESIAN_POINT ( 'NONE',  ( 165.2263753876909504, 88.25242722329147682, -113.6178163833090338 ) ) ;
#1507 = ORIENTED_EDGE ( 'NONE', *, *, #1841, .T. ) ;
#1508 = AXIS2_PLACEMENT_3D ( 'NONE', #5367, #689, #2567 ) ;
#1509 = ORIENTED_EDGE ( 'NONE', *, *, #1595, .T. ) ;
#1510 = CARTESIAN_POINT ( 'NONE',  ( 168.0650385347090321, 91.74757277670852318, -113.6075803610909958 ) ) ;
#1511 = VECTOR ( 'NONE', #4679, 1000.000000000000114 ) ;
#1512 = FACE_OUTER_BOUND ( 'NONE', #694, .T. ) ;
#1513 = DIRECTION ( 'NONE',  ( -0.7071067811865475727, 0.000000000000000000, -0.7071067811865475727 ) ) ;
#1514 = CARTESIAN_POINT ( 'NONE',  ( 126.8355951803999915, 58.60000000000000142, -154.8370237153999938 ) ) ;
#1515 = EDGE_CURVE ( 'NONE', #5894, #4891, #4199, .T. ) ;
#1516 = CARTESIAN_POINT ( 'NONE',  ( 168.0650385347090321, 69.24757277670852318, -113.6075803610909958 ) ) ;
#1517 = VERTEX_POINT ( 'NONE', #417 ) ;
#1518 = ORIENTED_EDGE ( 'NONE', *, *, #1537, .T. ) ;
#1519 = CARTESIAN_POINT ( 'NONE',  ( -165.5684327720165641, 88.05205464666337889, -113.2757589989833349 ) ) ;
#1520 = OPEN_SHELL ( 'NONE', ( #2649, #1401 ) ) ;
#1521 = DIRECTION ( 'NONE',  ( 0.7071067811865474617, 0.000000000000000000, 0.7071067811865474617 ) ) ;
#1522 = EDGE_LOOP ( 'NONE', ( #3050, #5250 ) ) ;
#1523 = CIRCLE ( 'NONE', #442, 3.000000000000002665 ) ;
#1524 = CARTESIAN_POINT ( 'NONE',  ( 126.8355951803999915, 58.60000000000000142, -154.8370237153999938 ) ) ;
#1525 = CARTESIAN_POINT ( 'NONE',  ( 169.4741340859000047, 47.00000000000000000, -112.1984848097999929 ) ) ;
#1526 = AXIS2_PLACEMENT_3D ( 'NONE', #2625, #5366, #3518 ) ;
#1527 = CARTESIAN_POINT ( 'NONE',  ( -165.7534800575767235, 65.50000000000001421, -113.0907117134232465 ) ) ;
#1528 = EDGE_LOOP ( 'NONE', ( #1454, #751, #3625, #1050 ) ) ;
#1529 = VERTEX_POINT ( 'NONE', #1827 ) ;
#1530 = CARTESIAN_POINT ( 'NONE',  ( -165.2263753876909504, 69.24757277670852318, -113.6178163833090338 ) ) ;
#1531 = CARTESIAN_POINT ( 'NONE',  ( -165.2263753876909789, 20.75242722329148748, -113.6178163833089911 ) ) ;
#1532 = CARTESIAN_POINT ( 'NONE',  ( -165.9386001800270094, 112.5000000000000000, -115.7340187157729900 ) ) ;
#1533 = VECTOR ( 'NONE', #2564, 1000.000000000000000 ) ;
#1534 = ORIENTED_EDGE ( 'NONE', *, *, #1907, .F. ) ;
#1535 = DIRECTION ( 'NONE',  ( -0.000000000000000000, -0.000000000000000000, -1.000000000000000000 ) ) ;
#1536 = CARTESIAN_POINT ( 'NONE',  ( 155.6855518527999607, 58.60000000000000142, -125.9870670429999961 ) ) ;
#1537 = EDGE_CURVE ( 'NONE', #1994, #3411, #5506, .T. ) ;
#1538 = CYLINDRICAL_SURFACE ( 'NONE', #434, 2.999999999999988898 ) ;
#1539 = LINE ( 'NONE', #1475, #4273 ) ;
#1540 = CIRCLE ( 'NONE', #763, 2.500000000000002220 ) ;
#1541 = CARTESIAN_POINT ( 'NONE',  ( 168.0650385347090321, 24.24757277670851607, -113.6075803610909958 ) ) ;
#1542 = ORIENTED_EDGE ( 'NONE', *, *, #1882, .F. ) ;
#1543 = CARTESIAN_POINT ( 'NONE',  ( 167.5379338648232590, 92.00000000000000000, -114.1346850309767404 ) ) ;
#1544 = CARTESIAN_POINT ( 'NONE',  ( 166.6405889500909723, 20.75242722329148393, -115.0320299457089988 ) ) ;
#1545 = EDGE_CURVE ( 'NONE', #4730, #1262, #1367, .T. ) ;
#1546 = CARTESIAN_POINT ( 'NONE',  ( -167.5379338648232590, 92.00000000000001421, -114.1346850309767404 ) ) ;
#1547 = EDGE_CURVE ( 'NONE', #498, #3274, #3149, .T. ) ;
#1548 = CARTESIAN_POINT ( 'NONE',  ( -165.9386001800268104, 67.76179938779912959, -115.7340187157729758 ) ) ;
#1549 = DIRECTION ( 'NONE',  ( 0.000000000000000000, -1.000000000000000000, 0.000000000000000000 ) ) ;
#1550 = ORIENTED_EDGE ( 'NONE', *, *, #3077, .T. ) ;
#1551 = VERTEX_POINT ( 'NONE', #3193 ) ;
#1552 = CARTESIAN_POINT ( 'NONE',  ( -167.0694998738996446, 88.77090656005015035, -111.7746918971004675 ) ) ;
#1553 = CARTESIAN_POINT ( 'NONE',  ( 96.64213562372999888, 12.00000000000000000, -185.0304832719999979 ) ) ;
#1554 = VECTOR ( 'NONE', #2737, 1000.000000000000000 ) ;
#1555 = VERTEX_POINT ( 'NONE', #2729 ) ;
#1556 = EDGE_CURVE ( 'NONE', #4344, #3017, #2058, .T. ) ;
#1557 = CARTESIAN_POINT ( 'NONE',  ( -148.6144840409000096, 50.00000000000000000, -130.2297077301000172 ) ) ;
#1558 = CARTESIAN_POINT ( 'NONE',  ( -165.9386001800270094, 45.00000000000000000, -115.7340187157729900 ) ) ;
#1559 = AXIS2_PLACEMENT_3D ( 'NONE', #4277, #519, #1086 ) ;
#1560 = AXIS2_PLACEMENT_3D ( 'NONE', #1590, #3900, #4923 ) ;
#1562 = CARTESIAN_POINT ( 'NONE',  ( -164.8077004861003729, 66.27090656005016456, -114.0364912848995260 ) ) ;
#1561 = B_SPLINE_CURVE_WITH_KNOTS ( 'NONE', 3,
 ( #5596, #3266, #3207, #917, #2795, #4678, #455, #2338, #5087, #4154, #2742, #4619, #241, #1217, #5931, #1624, #2553, #733 ),
 .UNSPECIFIED., .F., .F.,
 ( 4, 2, 2, 2, 2, 2, 2, 2, 4 ),
 ( -1.000000000000000000, -0.8750000000000000000, -0.7500000000000000000, -0.6250000000000000000, -0.5000000000000000000, -0.3750000000000000000, -0.2500000000000000000, -0.1250000000000000000, -0.000000000000000000 ),
 .UNSPECIFIED. ) ;
#1563 = ORIENTED_EDGE ( 'NONE', *, *, #4046, .T. ) ;
#1564 = ORIENTED_EDGE ( 'NONE', *, *, #5105, .F. ) ;
#1565 = CARTESIAN_POINT ( 'NONE',  ( -166.8077004861005150, 69.09933368479637750, -112.0364912848996255 ) ) ;
#1566 = CARTESIAN_POINT ( 'NONE',  ( 166.9826463344166427, 114.4479453533366353, -114.6899725613833283 ) ) ;
#1567 = B_SPLINE_CURVE_WITH_KNOTS ( 'NONE', 3,
 ( #5360, #680, #4878, #1053, #1144, #5784, #4906, #2562, #3451, #3913, #4347, #3545, #2095, #5304, #2502, #2468, #3514, #4378 ),
 .UNSPECIFIED., .F., .F.,
 ( 4, 2, 2, 2, 2, 2, 2, 2, 4 ),
 ( -1.000000000000000000, -0.8750000000000000000, -0.7500000000000000000, -0.6250000000000000000, -0.5000000000000000000, -0.3750000000000000000, -0.2500000000000000000, -0.1250000000000000000, -0.000000000000000000 ),
 .UNSPECIFIED. ) ;
#1568 = VECTOR ( 'NONE', #2489, 1000.000000000000000 ) ;
#1569 = DIRECTION ( 'NONE',  ( 1.000000000000000000, 0.000000000000000000, 0.000000000000000000 ) ) ;
#1570 = VERTEX_POINT ( 'NONE', #472 ) ;
#1571 = CARTESIAN_POINT ( 'NONE',  ( -82.50000000000000000, 135.0000000000000000, -199.1726188958000137 ) ) ;
#1572 = CARTESIAN_POINT ( 'NONE',  ( 82.50000000000000000, 135.0000000000000000, -199.1726188958000137 ) ) ;
#1573 = CARTESIAN_POINT ( 'NONE',  ( 124.5728534806000027, 58.60000000000000142, -154.2713382903999957 ) ) ;
#1574 = CIRCLE ( 'NONE', #487, 1.200000000000011502 ) ;
#1575 = PLANE ( 'NONE',  #4581 ) ;
#1576 = CARTESIAN_POINT ( 'NONE',  ( 168.7670273047729950, 22.50000000000000000, -112.9055915910270045 ) ) ;
#1577 = ORIENTED_EDGE ( 'NONE', *, *, #5355, .T. ) ;
#1578 = EDGE_CURVE ( 'NONE', #5112, #6040, #192, .T. ) ;
#1579 = CARTESIAN_POINT ( 'NONE',  ( -165.5684327720165641, 43.05205464666336468, -113.2757589989833349 ) ) ;
#1580 = VECTOR ( 'NONE', #2181, 1000.000000000000114 ) ;
#1581 = LINE ( 'NONE', #4354, #67 ) ;
#1582 = DIRECTION ( 'NONE',  ( 0.7071067811864976127, 0.000000000000000000, -0.7071067811865975328 ) ) ;
#1583 = DIRECTION ( 'NONE',  ( -0.7071067811865474617, 0.000000000000000000, 0.7071067811865474617 ) ) ;
#1584 = ORIENTED_EDGE ( 'NONE', *, *, #1760, .F. ) ;
#1585 = ORIENTED_EDGE ( 'NONE', *, *, #2855, .T. ) ;
#1586 = EDGE_CURVE ( 'NONE', #3285, #3985, #5480, .T. ) ;
#1587 = EDGE_CURVE ( 'NONE', #1653, #2614, #688, .T. ) ;
#1588 = LINE ( 'NONE', #3928, #107 ) ;
#1589 = ORIENTED_EDGE ( 'NONE', *, *, #2446, .F. ) ;
#1590 = CARTESIAN_POINT ( 'NONE',  ( -131.6439212925000106, 50.00000000000000000, -150.0286976033000030 ) ) ;
#1591 = CARTESIAN_POINT ( 'NONE',  ( -167.5379338648232590, 47.00000000000000711, -114.1346850309767404 ) ) ;
#1592 = EDGE_CURVE ( 'NONE', #4412, #2289, #2480, .T. ) ;
#1593 = CARTESIAN_POINT ( 'NONE',  ( -166.8077004861004866, 65.90066631520365092, -112.0364912848996397 ) ) ;
#1594 = ORIENTED_EDGE ( 'NONE', *, *, #5056, .T. ) ;
#1595 = EDGE_CURVE ( 'NONE', #32, #5724, #3955, .T. ) ;
#1596 = ORIENTED_EDGE ( 'NONE', *, *, #3927, .T. ) ;
#1597 = CARTESIAN_POINT ( 'NONE',  ( -37.06702755360860380, 125.5000000000047748, -197.1726188958000137 ) ) ;
#1598 = CARTESIAN_POINT ( 'NONE',  ( -168.0650385347090321, 20.75242722329148393, -113.6075803610909958 ) ) ;
#1599 = DIRECTION ( 'NONE',  ( 0.000000000000000000, 0.000000000000000000, -1.000000000000000000 ) ) ;
#1600 = ORIENTED_EDGE ( 'NONE', *, *, #2411, .F. ) ;
#1601 = CARTESIAN_POINT ( 'NONE',  ( 21.00000000000000000, 58.60000000000000142, -197.1726188958000137 ) ) ;
#1602 = CARTESIAN_POINT ( 'NONE',  ( 166.1237203024232940, 42.99999999999999289, -112.7204714685767470 ) ) ;
#1603 = FACE_OUTER_BOUND ( 'NONE', #5766, .T. ) ;
#1604 = CARTESIAN_POINT ( 'NONE',  ( -168.7302191111252796, 113.0234957687185613, -112.9423997846749046 ) ) ;
#1605 = DIRECTION ( 'NONE',  ( 1.000000000000000000, 0.000000000000000000, 0.000000000000000000 ) ) ;
#1606 = ORIENTED_EDGE ( 'NONE', *, *, #285, .F. ) ;
#1607 = CARTESIAN_POINT ( 'NONE',  ( -167.3160055487252862, 44.47650423128143871, -111.5281862222749396 ) ) ;
#1608 = CARTESIAN_POINT ( 'NONE',  ( 168.5885343034276502, 21.49276203925820283, -113.0840845923724771 ) ) ;
#1609 = CARTESIAN_POINT ( 'NONE',  ( -165.9754083736748385, 68.02349576871857550, -115.6972105221250899 ) ) ;
#1610 = AXIS2_PLACEMENT_3D ( 'NONE', #1876, #3214, #4190 ) ;
#1611 = CARTESIAN_POINT ( 'NONE',  ( 166.4837134362994959, 43.40066631520362250, -115.1889054595003756 ) ) ;
#1612 = ORIENTED_EDGE ( 'NONE', *, *, #2115, .T. ) ;
#1613 = ORIENTED_EDGE ( 'NONE', *, *, #5830, .T. ) ;
#1614 = CIRCLE ( 'NONE', #3584, 2.000000000000001776 ) ;
#1615 = LINE ( 'NONE', #2574, #3264 ) ;
#1616 = ORIENTED_EDGE ( 'NONE', *, *, #2114, .T. ) ;
#1617 = EDGE_CURVE ( 'NONE', #2332, #1645, #4792, .T. ) ;
#1618 = DIRECTION ( 'NONE',  ( -0.7071067811865475727, 0.000000000000000000, -0.7071067811865475727 ) ) ;
#1619 = CYLINDRICAL_SURFACE ( 'NONE', #4832, 3.000000000000002665 ) ;
#1620 = AXIS2_PLACEMENT_3D ( 'NONE', #4122, #5990, #4554 ) ;
#1621 = CARTESIAN_POINT ( 'NONE',  ( 81.67157287524999276, 0.000000000000000000, -197.1726188958000137 ) ) ;
#1622 = ORIENTED_EDGE ( 'NONE', *, *, #4383, .F. ) ;
#1623 = EDGE_LOOP ( 'NONE', ( #512, #5412, #5165, #2009 ) ) ;
#1624 = CARTESIAN_POINT ( 'NONE',  ( 165.9754083736747532, 45.52349576871857550, -115.6972105221250615 ) ) ;
#1625 = EDGE_CURVE ( 'NONE', #814, #3978, #2805, .T. ) ;
#1626 = AXIS2_PLACEMENT_3D ( 'NONE', #2661, #4541, #5490 ) ;
#1627 = EDGE_LOOP ( 'NONE', ( #2418, #3926, #5294, #3074 ) ) ;
#1628 = AXIS2_PLACEMENT_3D ( 'NONE', #5016, #325, #2207 ) ;
#1629 = CARTESIAN_POINT ( 'NONE',  ( -167.0694998738995878, 68.72909343994986386, -111.7746918971004959 ) ) ;
#1630 = CARTESIAN_POINT ( 'NONE',  ( 166.2219140485003948, 113.7290934399498497, -115.4507048472995194 ) ) ;
#1631 = ORIENTED_EDGE ( 'NONE', *, *, #167, .F. ) ;
#1632 = DIRECTION ( 'NONE',  ( 0.7071067811865475727, 0.000000000000000000, -0.7071067811865475727 ) ) ;
#1633 = CARTESIAN_POINT ( 'NONE',  ( 165.5684327720166493, 43.05205464666337178, -113.2757589989833491 ) ) ;
#1634 = CARTESIAN_POINT ( 'NONE',  ( 165.2314933988000121, 24.50000000000000000, -116.4411254970000016 ) ) ;
#1635 = FACE_OUTER_BOUND ( 'NONE', #2184, .T. ) ;
#1636 = LINE ( 'NONE', #3516, #1239 ) ;
#1637 = ORIENTED_EDGE ( 'NONE', *, *, #1545, .T. ) ;
#1638 = VECTOR ( 'NONE', #1145, 1000.000000000000114 ) ;
#1639 = CARTESIAN_POINT ( 'NONE',  ( 167.8242182631730941, 89.99999999999998579, -111.9627825494269047 ) ) ;
#1640 = CIRCLE ( 'NONE', #1926, 2.500000000000000888 ) ;
#1641 = DIRECTION ( 'NONE',  ( 4.163336342344333240E-14, 1.000000000000000000, -4.163336342344333240E-14 ) ) ;
#1642 = LINE ( 'NONE', #3522, #4894 ) ;
#1643 = DIRECTION ( 'NONE',  ( 0.7071067811865475727, 0.000000000000000000, -0.7071067811865475727 ) ) ;
#1644 = VERTEX_POINT ( 'NONE', #631 ) ;
#1645 = VERTEX_POINT ( 'NONE', #5249 ) ;
#1646 = FACE_OUTER_BOUND ( 'NONE', #2956, .T. ) ;
#1647 = CARTESIAN_POINT ( 'NONE',  ( -164.5243866176269876, 67.50000000000000000, -114.3198051533730109 ) ) ;
#1648 = ORIENTED_EDGE ( 'NONE', *, *, #2894, .F. ) ;
#1649 = VECTOR ( 'NONE', #2005, 1000.000000000000114 ) ;
#1650 = DIRECTION ( 'NONE',  ( 0.000000000000000000, 1.000000000000000000, 0.000000000000000000 ) ) ;
#1651 = CARTESIAN_POINT ( 'NONE',  ( 165.2314933988000121, 22.50000000000000000, -116.4411254970000016 ) ) ;
#1652 = DIRECTION ( 'NONE',  ( 0.7071067811865475727, 0.000000000000000000, 0.7071067811865475727 ) ) ;
#1653 = VERTEX_POINT ( 'NONE', #1095 ) ;
#1654 = ORIENTED_EDGE ( 'NONE', *, *, #5432, .T. ) ;
#1655 = CIRCLE ( 'NONE', #3717, 9.000000000000007105 ) ;
#1656 = EDGE_CURVE ( 'NONE', #2206, #451, #3924, .T. ) ;
#1657 = CARTESIAN_POINT ( 'NONE',  ( 164.5243866176269876, 67.50000000000000000, -114.3198051533730109 ) ) ;
#1658 = ORIENTED_EDGE ( 'NONE', *, *, #2042, .T. ) ;
#1659 = AXIS2_PLACEMENT_3D ( 'NONE', #299, #4985, #4576 ) ;
#1660 = DIRECTION ( 'NONE',  ( -0.7071067811865474617, 0.000000000000000000, -0.7071067811865474617 ) ) ;
#1661 = CARTESIAN_POINT ( 'NONE',  ( 20.00000000000000000, 102.4830545622999978, -199.1726188958000137 ) ) ;
#1662 = EDGE_CURVE ( 'NONE', #1267, #6000, #149, .T. ) ;
#1663 = EDGE_CURVE ( 'NONE', #1772, #1994, #2974, .T. ) ;
#1664 = VERTEX_POINT ( 'NONE', #100 ) ;
#1665 = CARTESIAN_POINT ( 'NONE',  ( 167.3528137423732005, 22.23820061220084909, -111.4913780286270111 ) ) ;
#1666 = DIRECTION ( 'NONE',  ( -1.000000000000000000, 0.000000000000000000, 0.000000000000000000 ) ) ;
#1667 = FACE_OUTER_BOUND ( 'NONE', #4613, .T. ) ;
#1668 = DIRECTION ( 'NONE',  ( 0.7071067811865437980, 0.000000000000000000, -0.7071067811865512365 ) ) ;
#1669 = CARTESIAN_POINT ( 'NONE',  ( -169.4741340859000047, 90.00000000000000000, -112.1984848097999929 ) ) ;
#1670 = DIRECTION ( 'NONE',  ( -0.7071067811865475727, -0.000000000000000000, 0.7071067811865475727 ) ) ;
#1671 = VECTOR ( 'NONE', #5710, 1000.000000000000000 ) ;
#1672 = DIRECTION ( 'NONE',  ( 0.7071067811865475727, 5.359248925637517014E-15, 0.7071067811865475727 ) ) ;
#1673 = VECTOR ( 'NONE', #4260, 1000.000000000000000 ) ;
#1674 = CARTESIAN_POINT ( 'NONE',  ( -125.2799602618000279, 50.00000000000000000, -156.3926586340000142 ) ) ;
#1675 = VECTOR ( 'NONE', #2488, 1000.000000000000000 ) ;
#1676 = CARTESIAN_POINT ( 'NONE',  ( -163.8172798364999778, 65.50000000000000000, -115.0269119346000082 ) ) ;
#1677 = EDGE_LOOP ( 'NONE', ( #4557, #3048, #3820, #3288 ) ) ;
#1678 = EDGE_LOOP ( 'NONE', ( #3437, #5975 ) ) ;
#1679 = FACE_OUTER_BOUND ( 'NONE', #2029, .T. ) ;
#1680 = CARTESIAN_POINT ( 'NONE',  ( -165.2314933988000121, 65.50000000000000000, -116.4411254970000016 ) ) ;
#1681 = ORIENTED_EDGE ( 'NONE', *, *, #5157, .F. ) ;
#1682 = CARTESIAN_POINT ( 'NONE',  ( 98.76345596729001386, 12.00000000000000000, -180.0807358037000085 ) ) ;
#1683 = CARTESIAN_POINT ( 'NONE',  ( -57.50000000000000000, 123.0000000000000000, -199.1726188958000137 ) ) ;
#1684 = CIRCLE ( 'NONE', #402, 1.199999999999999734 ) ;
#1685 = CARTESIAN_POINT ( 'NONE',  ( 168.7670273047729950, 45.00000000000000000, -112.9055915910270045 ) ) ;
#1686 = VERTEX_POINT ( 'NONE', #1946 ) ;
#1687 = VERTEX_POINT ( 'NONE', #5795 ) ;
#1688 = CARTESIAN_POINT ( 'NONE',  ( -125.9870670429999961, 41.39999999999999858, -155.6855518527999607 ) ) ;
#1689 = VECTOR ( 'NONE', #1237, 1000.000000000000000 ) ;
#1690 = VERTEX_POINT ( 'NONE', #601 ) ;
#1691 = CARTESIAN_POINT ( 'NONE',  ( -82.50000000000000000, 0.000000000000000000, -199.1726188958000137 ) ) ;
#1692 = DIRECTION ( 'NONE',  ( 0.000000000000000000, 0.000000000000000000, -1.000000000000000000 ) ) ;
#1693 = ADVANCED_FACE ( 'NONE', ( #4324 ), #5341, .F. ) ;
#1694 = CARTESIAN_POINT ( 'NONE',  ( -21.00000000000000000, 58.60000000000000142, -199.1726188958000137 ) ) ;
#1695 = CARTESIAN_POINT ( 'NONE',  ( 165.0694998738995025, 43.40066631520362961, -113.7746918971003964 ) ) ;
#1696 = CYLINDRICAL_SURFACE ( 'NONE', #5153, 1.874999999999998446 ) ;
#1697 = CARTESIAN_POINT ( 'NONE',  ( -155.6855518527999607, 41.39999999999999858, -125.9870670429999961 ) ) ;
#1698 = ADVANCED_FACE ( 'NONE', ( #3005 ), #196, .F. ) ;
#1699 = EDGE_CURVE ( 'NONE', #3300, #5682, #5700, .T. ) ;
#1700 = CARTESIAN_POINT ( 'NONE',  ( 90.36891077168893105, 125.5000000000048601, -191.3037081241110684 ) ) ;
#1701 = CARTESIAN_POINT ( 'NONE',  ( 163.8172798364269056, 90.00000000000000000, -117.8553390593730938 ) ) ;
#1702 = CARTESIAN_POINT ( 'NONE',  ( -19.80000000000000071, 41.39999999999999858, -199.1726188958000137 ) ) ;
#1703 = EDGE_CURVE ( 'NONE', #5732, #27, #4771, .T. ) ;
#1704 = CARTESIAN_POINT ( 'NONE',  ( 163.8172798364999778, 92.00000000000000000, -115.0269119346000082 ) ) ;
#1705 = VERTEX_POINT ( 'NONE', #5218 ) ;
#1706 = EDGE_LOOP ( 'NONE', ( #3903, #4688, #5555, #4520, #2248 ) ) ;
#1707 = DIRECTION ( 'NONE',  ( 0.000000000000000000, -1.000000000000000000, 0.000000000000000000 ) ) ;
#1708 = FACE_BOUND ( 'NONE', #469, .T. ) ;
#1709 = ORIENTED_EDGE ( 'NONE', *, *, #2790, .T. ) ;
#1710 = CARTESIAN_POINT ( 'NONE',  ( -168.7302191111251943, 111.9765042312814671, -112.9423997846749188 ) ) ;
#1711 = EDGE_CURVE ( 'NONE', #3494, #3300, #253, .T. ) ;
#1712 = CIRCLE ( 'NONE', #2601, 2.500000000000002220 ) ;
#1713 = CARTESIAN_POINT ( 'NONE',  ( -165.9754083736748385, 23.02349576871855064, -115.6972105221250899 ) ) ;
#1714 = ORIENTED_EDGE ( 'NONE', *, *, #5240, .T. ) ;
#1715 = VERTEX_POINT ( 'NONE', #3366 ) ;
#1716 = CARTESIAN_POINT ( 'NONE',  ( 167.3160055487252862, 111.9765042312814671, -111.5281862222749680 ) ) ;
#1717 = CARTESIAN_POINT ( 'NONE',  ( 164.7028796189723039, 68.50723796074179006, -114.1413121520274956 ) ) ;
#1718 = ORIENTED_EDGE ( 'NONE', *, *, #3237, .T. ) ;
#1719 = DIRECTION ( 'NONE',  ( -0.7071067811865475727, 0.000000000000000000, -0.7071067811865475727 ) ) ;
#1720 = CARTESIAN_POINT ( 'NONE',  ( -67.00000000001537614, 9.499999999999953815, -199.1726188958000421 ) ) ;
#1721 = CARTESIAN_POINT ( 'NONE',  ( 153.4228101530000004, 41.39999999999999858, -125.4213816179999839 ) ) ;
#1722 = DIRECTION ( 'NONE',  ( 0.000000000000000000, 0.000000000000000000, -1.000000000000000000 ) ) ;
#1723 = CARTESIAN_POINT ( 'NONE',  ( -165.2314933988000121, 20.50000000000000000, -116.4411254970000016 ) ) ;
#1724 = CARTESIAN_POINT ( 'NONE',  ( -155.6855518527999607, 58.60000000000000142, -125.9870670429999961 ) ) ;
#1725 = AXIS2_PLACEMENT_3D ( 'NONE', #4474, #1198, #716 ) ;
#1726 = CARTESIAN_POINT ( 'NONE',  ( 166.2219140485003948, 91.22909343994983544, -115.4507048472995194 ) ) ;
#1727 = EDGE_CURVE ( 'NONE', #627, #4344, #5076, .T. ) ;
#1728 = CARTESIAN_POINT ( 'NONE',  ( 125.9870670429999961, 41.39999999999999858, -155.6855518527999607 ) ) ;
#1729 = CARTESIAN_POINT ( 'NONE',  ( 20.00000000000000000, 82.48305456232999688, -197.1726188958000137 ) ) ;
#1730 = CARTESIAN_POINT ( 'NONE',  ( 168.0599205235999989, 20.50000000000000000, -110.7842712475000155 ) ) ;
#1731 = VERTEX_POINT ( 'NONE', #5822 ) ;
#1732 = VERTEX_POINT ( 'NONE', #3487 ) ;
#1733 = AXIS2_PLACEMENT_3D ( 'NONE', #5722, #4744, #3357 ) ;
#1734 = EDGE_CURVE ( 'NONE', #5796, #4730, #719, .T. ) ;
#1735 = ADVANCED_FACE ( 'NONE', ( #5402 ), #749, .F. ) ;
#1736 = CARTESIAN_POINT ( 'NONE',  ( -165.2314933988000121, 24.50000000000000000, -116.4411254970000016 ) ) ;
#1737 = ORIENTED_EDGE ( 'NONE', *, *, #2988, .F. ) ;
#1738 = CARTESIAN_POINT ( 'NONE',  ( 165.9386001800270094, 45.00000000000000000, -115.7340187157729900 ) ) ;
#1739 = CARTESIAN_POINT ( 'NONE',  ( -167.3528137423729731, 112.5000000000000000, -111.4913780286270111 ) ) ;
#1740 = EDGE_CURVE ( 'NONE', #4091, #3443, #2410, .T. ) ;
#1741 = ORIENTED_EDGE ( 'NONE', *, *, #5532, .T. ) ;
#1742 = ORIENTED_EDGE ( 'NONE', *, *, #915, .T. ) ;
#1743 = CARTESIAN_POINT ( 'NONE',  ( 69.99999999998435385, 9.499999999999896971, -197.1726188958000137 ) ) ;
#1744 = ADVANCED_FACE ( 'NONE', ( #4570 ), #5369, .F. ) ;
#1745 = CARTESIAN_POINT ( 'NONE',  ( -22.19999999999999929, 58.60000000000000142, -199.1726188958000137 ) ) ;
#1746 = ORIENTED_EDGE ( 'NONE', *, *, #5207, .T. ) ;
#1747 = FILL_AREA_STYLE_COLOUR ( '', #5637 ) ;
#1748 = CARTESIAN_POINT ( 'NONE',  ( 165.2314933988000121, 65.50000000000000000, -116.4411254970000016 ) ) ;
#1749 = VECTOR ( 'NONE', #3145, 1000.000000000000114 ) ;
#1750 = ORIENTED_EDGE ( 'NONE', *, *, #4590, .F. ) ;
#1751 = CARTESIAN_POINT ( 'NONE',  ( 100.1776695296999975, 123.0000000000000000, -181.4949493661000020 ) ) ;
#1752 = FACE_OUTER_BOUND ( 'NONE', #2987, .T. ) ;
#1753 = CARTESIAN_POINT ( 'NONE',  ( -165.4671956592269453, 67.49999999999998579, -115.2626141949730822 ) ) ;
#1754 = DIRECTION ( 'NONE',  ( 0.7071067811865475727, 0.000000000000000000, -0.7071067811865475727 ) ) ;
#1755 = ORIENTED_EDGE ( 'NONE', *, *, #3761, .T. ) ;
#1756 = FACE_OUTER_BOUND ( 'NONE', #2349, .T. ) ;
#1757 = DIRECTION ( 'NONE',  ( 0.7071067811865475727, 0.000000000000000000, -0.7071067811865475727 ) ) ;
#1758 = DIRECTION ( 'NONE',  ( 0.000000000000000000, 0.000000000000000000, 1.000000000000000000 ) ) ;
#1759 = VECTOR ( 'NONE', #5389, 1000.000000000000114 ) ;
#1760 = EDGE_CURVE ( 'NONE', #1823, #4398, #2707, .T. ) ;
#1761 = DIRECTION ( 'NONE',  ( 0.000000000000000000, 0.000000000000000000, 1.000000000000000000 ) ) ;
#1762 = VERTEX_POINT ( 'NONE', #5853 ) ;
#1763 = VERTEX_POINT ( 'NONE', #4974 ) ;
#1764 = CIRCLE ( 'NONE', #5209, 2.000000000000001776 ) ;
#1765 = FACE_BOUND ( 'NONE', #3502, .T. ) ;
#1766 = VERTEX_POINT ( 'NONE', #1730 ) ;
#1767 = DIRECTION ( 'NONE',  ( -0.7071067811865975328, 0.000000000000000000, 0.7071067811864976127 ) ) ;
#1768 = VECTOR ( 'NONE', #1100, 1000.000000000000000 ) ;
#1769 = ADVANCED_FACE ( 'NONE', ( #293 ), #2174, .F. ) ;
#1770 = CARTESIAN_POINT ( 'NONE',  ( 93.41372322168420794, 9.500000000000053291, -188.2588956741158484 ) ) ;
#1771 = ORIENTED_EDGE ( 'NONE', *, *, #5984, .T. ) ;
#1772 = VERTEX_POINT ( 'NONE', #1704 ) ;
#1773 = DIRECTION ( 'NONE',  ( 0.000000000000000000, 0.000000000000000000, 1.000000000000000000 ) ) ;
#1774 = DIRECTION ( 'NONE',  ( 1.000000000000000000, 0.000000000000000000, 0.000000000000000000 ) ) ;
#1775 = ORIENTED_EDGE ( 'NONE', *, *, #4564, .F. ) ;
#1776 = VECTOR ( 'NONE', #1438, 1000.000000000000114 ) ;
#1777 = DIRECTION ( 'NONE',  ( -0.7071067811865937580, 0.000000000000000000, 0.7071067811865012764 ) ) ;
#1778 = CARTESIAN_POINT ( 'NONE',  ( -165.0871860658000116, 67.50000000000000000, -112.0541774767999925 ) ) ;
#1779 = ADVANCED_FACE ( 'NONE', ( #2139 ), #3038, .F. ) ;
#1780 = ORIENTED_EDGE ( 'NONE', *, *, #2798, .T. ) ;
#1781 = AXIS2_PLACEMENT_3D ( 'NONE', #2532, #4938, #5880 ) ;
#1782 = FACE_OUTER_BOUND ( 'NONE', #5189, .T. ) ;
#1783 = CARTESIAN_POINT ( 'NONE',  ( 168.0650385347090321, 65.75242722329149103, -113.6075803610909958 ) ) ;
#1784 = DIRECTION ( 'NONE',  ( 0.7071067811865475727, 0.000000000000000000, 0.7071067811865475727 ) ) ;
#1785 = DIRECTION ( 'NONE',  ( -1.480297366166873915E-14, -1.000000000000000000, -1.480297366166873915E-14 ) ) ;
#1786 = ORIENTED_EDGE ( 'NONE', *, *, #4152, .F. ) ;
#1787 = LINE ( 'NONE', #291, #4529 ) ;
#1788 = CARTESIAN_POINT ( 'NONE',  ( 167.1676936199767169, 110.5000000000000000, -114.5049252758232683 ) ) ;
#1789 = CARTESIAN_POINT ( 'NONE',  ( 165.2314933988000121, 88.00000000000000000, -116.4411254970000016 ) ) ;
#1790 = ORIENTED_EDGE ( 'NONE', *, *, #5280, .F. ) ;
#1791 = ORIENTED_EDGE ( 'NONE', *, *, #2869, .F. ) ;
#1792 = CARTESIAN_POINT ( 'NONE',  ( 163.8172798364999778, 47.00000000000000000, -115.0269119346000082 ) ) ;
#1793 = CARTESIAN_POINT ( 'NONE',  ( 98.40990257669999153, 12.00000000000000000, -183.2627163190999795 ) ) ;
#1794 = FACE_OUTER_BOUND ( 'NONE', #1627, .T. ) ;
#1795 = CYLINDRICAL_SURFACE ( 'NONE', #3540, 2.999999999999988898 ) ;
#1796 = ORIENTED_EDGE ( 'NONE', *, *, #5874, .T. ) ;
#1797 = ORIENTED_EDGE ( 'NONE', *, *, #4085, .T. ) ;
#1798 = CARTESIAN_POINT ( 'NONE',  ( 166.1237203024232940, 110.5000000000000000, -112.7204714685767470 ) ) ;
#1799 = CARTESIAN_POINT ( 'NONE',  ( -167.0694998738995878, 91.22909343994983544, -111.7746918971004959 ) ) ;
#1800 = EDGE_CURVE ( 'NONE', #1653, #226, #3581, .T. ) ;
#1801 = ORIENTED_EDGE ( 'NONE', *, *, #4410, .F. ) ;
#1802 = DIRECTION ( 'NONE',  ( 0.7071067811865969777, 0.000000000000000000, -0.7071067811864980568 ) ) ;
#1803 = CARTESIAN_POINT ( 'NONE',  ( 168.2956227839730730, 44.99999999999999289, -112.4341870702269119 ) ) ;
#1804 = VECTOR ( 'NONE', #3981, 1000.000000000000114 ) ;
#1805 = ORIENTED_EDGE ( 'NONE', *, *, #4564, .T. ) ;
#1806 = EDGE_CURVE ( 'NONE', #673, #5379, #2104, .T. ) ;
#1807 = LINE ( 'NONE', #1380, #3523 ) ;
#1808 = EDGE_CURVE ( 'NONE', #5891, #725, #2019, .T. ) ;
#1809 = DIRECTION ( 'NONE',  ( -1.000000000000000000, 0.000000000000000000, 0.000000000000000000 ) ) ;
#1810 = DIRECTION ( 'NONE',  ( -0.7071067811865975328, 0.000000000000000000, -0.7071067811864976127 ) ) ;
#1811 = CARTESIAN_POINT ( 'NONE',  ( -165.0694998738995025, 46.59933368479635618, -113.7746918971003964 ) ) ;
#1812 = OPEN_SHELL ( 'NONE', ( #4640, #4143 ) ) ;
#1813 = DIRECTION ( 'NONE',  ( -0.7071067811865476838, 0.000000000000000000, 0.7071067811865474617 ) ) ;
#1814 = EDGE_CURVE ( 'NONE', #431, #4433, #4018, .T. ) ;
#1815 = CARTESIAN_POINT ( 'NONE',  ( 169.4741340859000047, 88.00000000000000000, -112.1984848097999929 ) ) ;
#1816 = AXIS2_PLACEMENT_3D ( 'NONE', #3513, #5390, #829 ) ;
#1817 = AXIS2_PLACEMENT_3D ( 'NONE', #225, #4510, #2230 ) ;
#1818 = CIRCLE ( 'NONE', #3688, 1.200000000000011502 ) ;
#1819 = VECTOR ( 'NONE', #5278, 1000.000000000000000 ) ;
#1820 = AXIS2_PLACEMENT_3D ( 'NONE', #3735, #5666, #2754 ) ;
#1821 = DIRECTION ( 'NONE',  ( 0.7071067811865475727, 0.000000000000000000, 0.7071067811865475727 ) ) ;
#1822 = ORIENTED_EDGE ( 'NONE', *, *, #3922, .T. ) ;
#1823 = VERTEX_POINT ( 'NONE', #781 ) ;
#1824 = CARTESIAN_POINT ( 'NONE',  ( 13.00000000000000000, 50.00000000000000000, -199.1726188958000137 ) ) ;
#1825 = VERTEX_POINT ( 'NONE', #3608 ) ;
#1826 = LINE ( 'NONE', #2812, #2904 ) ;
#1827 = CARTESIAN_POINT ( 'NONE',  ( -165.2314933988000121, 88.00000000000000000, -116.4411254970000016 ) ) ;
#1828 = EDGE_LOOP ( 'NONE', ( #5890, #4687 ) ) ;
#1829 = ORIENTED_EDGE ( 'NONE', *, *, #3612, .F. ) ;
#1830 = FACE_BOUND ( 'NONE', #6072, .T. ) ;
#1831 = AXIS2_PLACEMENT_3D ( 'NONE', #218, #741, #2623 ) ;
#1832 = CARTESIAN_POINT ( 'NONE',  ( 168.7302191111252796, 89.47650423128146713, -112.9423997846749046 ) ) ;
#1833 = ORIENTED_EDGE ( 'NONE', *, *, #3167, .T. ) ;
#1834 = CARTESIAN_POINT ( 'NONE',  ( 85.99950965930916880, 9.500000000000053291, -180.8446821117408092 ) ) ;
#1835 = CARTESIAN_POINT ( 'NONE',  ( 169.4741340859000047, 114.5000000000000000, -112.1984848097999929 ) ) ;
#1836 = ORIENTED_EDGE ( 'NONE', *, *, #3468, .T. ) ;
#1837 = DIRECTION ( 'NONE',  ( -0.000000000000000000, 1.000000000000000000, 0.000000000000000000 ) ) ;
#1838 = CARTESIAN_POINT ( 'NONE',  ( 165.2314933988000121, 92.00000000000000000, -116.4411254970000016 ) ) ;
#1839 = LINE ( 'NONE', #83, #1511 ) ;
#1840 = CARTESIAN_POINT ( 'NONE',  ( -168.7670273047729950, 90.00000000000000000, -112.9055915910270045 ) ) ;
#1841 = EDGE_CURVE ( 'NONE', #5319, #2777, #4577, .T. ) ;
#1842 = EDGE_CURVE ( 'NONE', #4101, #1405, #4300, .T. ) ;
#1843 = DIRECTION ( 'NONE',  ( 0.000000000000000000, 0.000000000000000000, 1.000000000000000000 ) ) ;
#1844 = AXIS2_PLACEMENT_3D ( 'NONE', #458, #2340, #4270 ) ;
#1845 = VERTEX_POINT ( 'NONE', #4223 ) ;
#1846 = CARTESIAN_POINT ( 'NONE',  ( -166.2219140485003948, 43.77090656005017877, -115.4507048472995194 ) ) ;
#1847 = CARTESIAN_POINT ( 'NONE',  ( 166.9826463344166427, 110.5520546466633647, -114.6899725613833567 ) ) ;
#1848 = EDGE_CURVE ( 'NONE', #4124, #5505, #4601, .T. ) ;
#1849 = CIRCLE ( 'NONE', #3110, 2.000000000000001776 ) ;
#1850 = VECTOR ( 'NONE', #1650, 1000.000000000000000 ) ;
#1851 = B_SPLINE_CURVE_WITH_KNOTS ( 'NONE', 3,
 ( #1000, #5673, #5222, #1488 ),
 .UNSPECIFIED., .F., .F.,
 ( 4, 4 ),
 ( 0.000000000000000000, 1.000000000000000000 ),
 .UNSPECIFIED. ) ;
#1852 = ADVANCED_FACE ( 'NONE', ( #3247 ), #5609, .F. ) ;
#1853 = CARTESIAN_POINT ( 'NONE',  ( 62.50000000000000000, 123.0000000000000000, -199.1726188958000137 ) ) ;
#1854 = ORIENTED_EDGE ( 'NONE', *, *, #1662, .F. ) ;
#1855 = ORIENTED_EDGE ( 'NONE', *, *, #1061, .F. ) ;
#1856 = DIRECTION ( 'NONE',  ( -1.000000000000000000, 0.000000000000000000, 0.000000000000000000 ) ) ;
#1857 = CARTESIAN_POINT ( 'NONE',  ( -20.00000000000000000, 82.48305456232999688, -199.1726188958000137 ) ) ;
#1858 = CARTESIAN_POINT ( 'NONE',  ( -169.4741340859000047, 112.6250000000000000, -112.1984848097999929 ) ) ;
#1859 = CARTESIAN_POINT ( 'NONE',  ( -20.00000000000000000, 92.48305456232999688, -199.1726188958000137 ) ) ;
#1860 = ORIENTED_EDGE ( 'NONE', *, *, #1247, .F. ) ;
#1861 = ORIENTED_EDGE ( 'NONE', *, *, #2103, .F. ) ;
#1862 = DIRECTION ( 'NONE',  ( 0.000000000000000000, 1.000000000000000000, 0.000000000000000000 ) ) ;
#1863 = CARTESIAN_POINT ( 'NONE',  ( -167.8242182631730941, 67.50000000000000000, -111.9627825494269047 ) ) ;
#1864 = EDGE_LOOP ( 'NONE', ( #1002, #695, #1786, #820 ) ) ;
#1865 = CIRCLE ( 'NONE', #692, 2.500000000000000888 ) ;
#1866 = CIRCLE ( 'NONE', #5312, 2.000000000000001776 ) ;
#1867 = CARTESIAN_POINT ( 'NONE',  ( -173.0096679918999882, 1.894780628694000185E-14, -108.6629509039000112 ) ) ;
#1868 = EDGE_LOOP ( 'NONE', ( #5121, #3871, #965, #1020, #935 ) ) ;
#1869 = VECTOR ( 'NONE', #2606, 1000.000000000000000 ) ;
#1870 = DIRECTION ( 'NONE',  ( 0.000000000000000000, 0.000000000000000000, -1.000000000000000000 ) ) ;
#1871 = DIRECTION ( 'NONE',  ( 0.7071067811865475727, 0.000000000000000000, -0.7071067811865475727 ) ) ;
#1872 = DIRECTION ( 'NONE',  ( -0.7071067811865475727, 0.000000000000000000, -0.7071067811865475727 ) ) ;
#1873 = CARTESIAN_POINT ( 'NONE',  ( -163.8172798364999778, 20.50000000000000000, -115.0269119346000082 ) ) ;
#1874 = ORIENTED_EDGE ( 'NONE', *, *, #1015, .T. ) ;
#1875 = CARTESIAN_POINT ( 'NONE',  ( -142.2505230103000144, 50.00000000000000000, -136.5936687608000000 ) ) ;
#1876 = CARTESIAN_POINT ( 'NONE',  ( -124.5728534806000027, 58.60000000000000142, -154.2713382903999957 ) ) ;
#1877 = EDGE_CURVE ( 'NONE', #1981, #1479, #2016, .T. ) ;
#1878 = EDGE_CURVE ( 'NONE', #1529, #190, #5846, .T. ) ;
#1879 = CARTESIAN_POINT ( 'NONE',  ( -60.00000000000000000, 12.00000000000000000, -197.1726188958000137 ) ) ;
#1880 = EDGE_LOOP ( 'NONE', ( #1190, #1067, #2780, #1658 ) ) ;
#1881 = VERTEX_POINT ( 'NONE', #2721 ) ;
#1882 = EDGE_CURVE ( 'NONE', #27, #4344, #5547, .T. ) ;
#1883 = DIRECTION ( 'NONE',  ( 0.000000000000000000, 0.000000000000000000, -1.000000000000000000 ) ) ;
#1884 = CARTESIAN_POINT ( 'NONE',  ( -30.00000000000000000, 92.48305456232999688, -197.1726188958000137 ) ) ;
#1885 = DIRECTION ( 'NONE',  ( 0.7071067811865474617, 0.000000000000000000, 0.7071067811865474617 ) ) ;
#1886 = DIRECTION ( 'NONE',  ( -1.387778780781444413E-14, -1.000000000000000000, -1.387778780781444413E-14 ) ) ;
#1887 = ORIENTED_EDGE ( 'NONE', *, *, #1592, .F. ) ;
#1888 = ORIENTED_EDGE ( 'NONE', *, *, #4103, .F. ) ;
#1889 = CARTESIAN_POINT ( 'NONE',  ( -168.0599205235999989, 90.00000000000000000, -110.7842712475000155 ) ) ;
#1890 = DIRECTION ( 'NONE',  ( -0.000000000000000000, 1.000000000000000000, 0.000000000000000000 ) ) ;
#1891 = VERTEX_POINT ( 'NONE', #2348 ) ;
#1892 = ADVANCED_FACE ( 'NONE', ( #2838 ), #4161, .F. ) ;
#1893 = CARTESIAN_POINT ( 'NONE',  ( 165.4671956592269453, 90.00000000000000000, -115.2626141949730822 ) ) ;
#1894 = CARTESIAN_POINT ( 'NONE',  ( 0.000000000000000000, 0.000000000000000000, 0.000000000000000000 ) ) ;
#1895 = VERTEX_POINT ( 'NONE', #4627 ) ;
#1896 = CARTESIAN_POINT ( 'NONE',  ( -168.0650385347090321, 91.74757277670852318, -113.6075803610909958 ) ) ;
#1897 = CARTESIAN_POINT ( 'NONE',  ( 0.000000000000000000, 0.000000000000000000, 0.000000000000000000 ) ) ;
#1898 = DIRECTION ( 'NONE',  ( -0.7071067811865475727, 0.000000000000000000, -0.7071067811865475727 ) ) ;
#1899 = AXIS2_PLACEMENT_3D ( 'NONE', #1196, #4560, #4504 ) ;
#1900 = CARTESIAN_POINT ( 'NONE',  ( 163.8172798364269056, 45.00000000000000000, -117.8553390593730938 ) ) ;
#1901 = ORIENTED_EDGE ( 'NONE', *, *, #384, .F. ) ;
#1902 = CARTESIAN_POINT ( 'NONE',  ( -168.7670273047729950, 45.00000000000000000, -112.9055915910270045 ) ) ;
#1903 = DIRECTION ( 'NONE',  ( 0.7071067811865937580, 0.000000000000000000, 0.7071067811865012764 ) ) ;
#1904 = CARTESIAN_POINT ( 'NONE',  ( 166.1170931813723541, 23.50723796074179717, -115.5555257144275316 ) ) ;
#1905 = VERTEX_POINT ( 'NONE', #3729 ) ;
#1906 = VERTEX_POINT ( 'NONE', #465 ) ;
#1907 = EDGE_CURVE ( 'NONE', #4682, #5472, #45, .T. ) ;
#1908 = AXIS2_PLACEMENT_3D ( 'NONE', #3184, #1296, #4686 ) ;
#1909 = DIRECTION ( 'NONE',  ( 0.7071067811865475727, 0.000000000000000000, -0.7071067811865475727 ) ) ;
#1910 = DIRECTION ( 'NONE',  ( 0.7071067811865975328, 0.000000000000000000, 0.7071067811864976127 ) ) ;
#1911 = CARTESIAN_POINT ( 'NONE',  ( 165.5684327720165641, 46.94794535333664953, -113.2757589989833349 ) ) ;
#1912 = CARTESIAN_POINT ( 'NONE',  ( 168.5885343034276502, 68.50723796074179006, -113.0840845923724629 ) ) ;
#1913 = ORIENTED_EDGE ( 'NONE', *, *, #2687, .T. ) ;
#1914 = EDGE_LOOP ( 'NONE', ( #4777, #178, #3257, #1390 ) ) ;
#1915 = EDGE_CURVE ( 'NONE', #3978, #814, #3889, .T. ) ;
#1916 = EDGE_CURVE ( 'NONE', #1307, #3463, #496, .T. ) ;
#1917 = CARTESIAN_POINT ( 'NONE',  ( -82.50000000000000000, 0.000000000000000000, -199.1726188958000137 ) ) ;
#1918 = CARTESIAN_POINT ( 'NONE',  ( -163.8172798364269056, 45.00000000000000000, -117.8553390593730938 ) ) ;
#1919 = ORIENTED_EDGE ( 'NONE', *, *, #4803, .F. ) ;
#1920 = CARTESIAN_POINT ( 'NONE',  ( 168.0599205235999989, 112.6250000000000000, -110.7842712475000155 ) ) ;
#1921 = PLANE ( 'NONE',  #3484 ) ;
#1922 =( NAMED_UNIT ( * ) SI_UNIT ( $, .STERADIAN. ) SOLID_ANGLE_UNIT ( ) );
#1923 = ORIENTED_EDGE ( 'NONE', *, *, #158, .F. ) ;
#1924 = AXIS2_PLACEMENT_3D ( 'NONE', #1260, #3028, #1668 ) ;
#1925 = ADVANCED_FACE ( 'NONE', ( #5125 ), #1329, .F. ) ;
#1926 = AXIS2_PLACEMENT_3D ( 'NONE', #565, #2939, #3429 ) ;
#1927 = LINE ( 'NONE', #974, #2166 ) ;
#1928 = LINE ( 'NONE', #1435, #4472 ) ;
#1929 = CARTESIAN_POINT ( 'NONE',  ( -165.9386001800270094, 112.5000000000000000, -115.7340187157729900 ) ) ;
#1930 = LINE ( 'NONE', #3381, #1776 ) ;
#1931 = EDGE_LOOP ( 'NONE', ( #367, #242, #4918, #5155 ) ) ;
#1932 = CARTESIAN_POINT ( 'NONE',  ( -21.00000000000000000, 41.39999999999999858, -197.1726188958000137 ) ) ;
#1933 = CYLINDRICAL_SURFACE ( 'NONE', #2051, 9.000000000000007105 ) ;
#1934 = AXIS2_PLACEMENT_3D ( 'NONE', #3789, #1883, #3333 ) ;
#1935 = CARTESIAN_POINT ( 'NONE',  ( -167.3528137424000022, 47.00000000000000000, -114.3198051534000115 ) ) ;
#1936 = CARTESIAN_POINT ( 'NONE',  ( -162.4030662740769060, 45.00000000000000000, -116.4411254970230942 ) ) ;
#1937 = ORIENTED_EDGE ( 'NONE', *, *, #2679, .F. ) ;
#1938 = VECTOR ( 'NONE', #5842, 1000.000000000000000 ) ;
#1939 = ORIENTED_EDGE ( 'NONE', *, *, #4248, .T. ) ;
#1940 = LINE ( 'NONE', #1480, #744 ) ;
#1941 = CARTESIAN_POINT ( 'NONE',  ( -168.0599205235999989, 114.5000000000000000, -110.7842712475000155 ) ) ;
#1942 = VECTOR ( 'NONE', #4332, 1000.000000000000114 ) ;
#1943 = CARTESIAN_POINT ( 'NONE',  ( 163.9056681840752390, 112.6250000000000000, -117.7669507117247747 ) ) ;
#1944 = ADVANCED_FACE ( 'NONE', ( #2749 ), #4106, .F. ) ;
#1945 = CARTESIAN_POINT ( 'NONE',  ( 165.2263753876909789, 46.74757277670852318, -113.6178163833089911 ) ) ;
#1946 = CARTESIAN_POINT ( 'NONE',  ( 123.7243253431999932, 58.60000000000000142, -155.1198664278999786 ) ) ;
#1947 = EDGE_LOOP ( 'NONE', ( #5522, #1594, #4549, #3164 ) ) ;
#1948 = EDGE_LOOP ( 'NONE', ( #2581, #3448, #4329, #1368 ) ) ;
#1949 = DIRECTION ( 'NONE',  ( -0.7071067811865451302, 0.000000000000000000, 0.7071067811865497932 ) ) ;
#1950 = LINE ( 'NONE', #2946, #1768 ) ;
#1951 = ORIENTED_EDGE ( 'NONE', *, *, #2718, .T. ) ;
#1952 = EDGE_CURVE ( 'NONE', #105, #3441, #4353, .T. ) ;
#1953 = CARTESIAN_POINT ( 'NONE',  ( -91.99950965933174984, 9.500000000000108358, -186.8446821117182708 ) ) ;
#1954 = DIRECTION ( 'NONE',  ( -0.000000000000000000, -0.000000000000000000, -1.000000000000000000 ) ) ;
#1955 = EDGE_CURVE ( 'NONE', #1686, #1881, #5282, .T. ) ;
#1956 = LINE ( 'NONE', #3838, #1671 ) ;
#1957 = ORIENTED_EDGE ( 'NONE', *, *, #5351, .T. ) ;
#1958 = AXIS2_PLACEMENT_3D ( 'NONE', #1770, #236, #2607 ) ;
#1959 = CARTESIAN_POINT ( 'NONE',  ( -165.2314933988000121, 22.50000000000000000, -116.4411254970000016 ) ) ;
#1960 = CARTESIAN_POINT ( 'NONE',  ( -93.41372322170677478, 9.500000000000108358, -188.2588956740932815 ) ) ;
#1961 = ADVANCED_FACE ( 'NONE', ( #1017 ), #2968, .T. ) ;
#1962 = CARTESIAN_POINT ( 'NONE',  ( -167.3528137423729731, 112.5000000000000000, -111.4913780286270111 ) ) ;
#1963 = CIRCLE ( 'NONE', #2851, 1.200000000000011502 ) ;
#1964 = DIRECTION ( 'NONE',  ( 0.7071067811865969777, 0.000000000000000000, -0.7071067811864980568 ) ) ;
#1965 = ORIENTED_EDGE ( 'NONE', *, *, #3435, .T. ) ;
#1966 = LINE ( 'NONE', #5720, #2043 ) ;
#1967 = DIRECTION ( 'NONE',  ( 0.7071067811866001973, 0.000000000000000000, 0.7071067811864948371 ) ) ;
#1968 = ADVANCED_FACE ( 'NONE', ( #4279 ), #2000, .F. ) ;
#1969 = DIRECTION ( 'NONE',  ( 0.000000000000000000, -1.000000000000000000, 0.000000000000000000 ) ) ;
#1970 = AXIS2_PLACEMENT_3D ( 'NONE', #2027, #1010, #86 ) ;
#1971 = CARTESIAN_POINT ( 'NONE',  ( 167.1676936199767454, 24.49999999999999645, -114.5049252758232683 ) ) ;
#1972 = ORIENTED_EDGE ( 'NONE', *, *, #1595, .F. ) ;
#1973 = ORIENTED_EDGE ( 'NONE', *, *, #1312, .T. ) ;
#1974 = LINE ( 'NONE', #5308, #5172 ) ;
#1975 = CIRCLE ( 'NONE', #407, 1.200000000000011502 ) ;
#1976 = CARTESIAN_POINT ( 'NONE',  ( 166.2219140485003948, 21.27090656005016811, -115.4507048472995052 ) ) ;
#1977 = DIRECTION ( 'NONE',  ( 0.000000000000000000, 0.000000000000000000, -1.000000000000000000 ) ) ;
#1978 = CARTESIAN_POINT ( 'NONE',  ( -168.2219140485004516, 69.09933368479637750, -113.4507048472996189 ) ) ;
#1979 = CARTESIAN_POINT ( 'NONE',  ( -20.00000000000000000, 92.48305456232999688, -199.1726188958000137 ) ) ;
#1980 = ORIENTED_EDGE ( 'NONE', *, *, #3794, .T. ) ;
#1981 = VERTEX_POINT ( 'NONE', #626 ) ;
#1982 = CARTESIAN_POINT ( 'NONE',  ( -164.7028796189723039, 88.99276203925819573, -114.1413121520274956 ) ) ;
#1983 = DIRECTION ( 'NONE',  ( -0.7071067811865451302, 0.000000000000000000, 0.7071067811865497932 ) ) ;
#1984 = ORIENTED_EDGE ( 'NONE', *, *, #683, .F. ) ;
#1985 = LINE ( 'NONE', #5827, #1850 ) ;
#1986 = CARTESIAN_POINT ( 'NONE',  ( 164.5243866176269876, 22.50000000000000000, -114.3198051533730109 ) ) ;
#1987 = CARTESIAN_POINT ( 'NONE',  ( -163.8172798364999778, 69.50000000000000000, -115.0269119346000082 ) ) ;
#1988 = VERTEX_POINT ( 'NONE', #4747 ) ;
#1989 = EDGE_CURVE ( 'NONE', #3270, #3471, #2897, .T. ) ;
#1990 = EDGE_LOOP ( 'NONE', ( #5109, #5590, #56, #5286 ) ) ;
#1991 = CARTESIAN_POINT ( 'NONE',  ( -166.3087675879833682, 69.44794535333660690, -112.5354241830166586 ) ) ;
#1992 = CARTESIAN_POINT ( 'NONE',  ( 165.0871860658000116, 112.5000000000000000, -112.0541774767999925 ) ) ;
#1993 = CARTESIAN_POINT ( 'NONE',  ( 171.5954544295000233, 135.0000000000000000, -107.2487373414999894 ) ) ;
#1994 = VERTEX_POINT ( 'NONE', #5786 ) ;
#1995 = CARTESIAN_POINT ( 'NONE',  ( -165.9386001800270094, 90.00000000000000000, -115.7340187157729900 ) ) ;
#1996 = DIRECTION ( 'NONE',  ( -0.000000000000000000, 1.000000000000000000, 0.000000000000000000 ) ) ;
#1997 = DIRECTION ( 'NONE',  ( 0.000000000000000000, -1.000000000000000000, 0.000000000000000000 ) ) ;
#1998 = DIRECTION ( 'NONE',  ( 0.000000000000000000, 1.000000000000000000, 0.000000000000000000 ) ) ;
#1999 = B_SPLINE_CURVE_WITH_KNOTS ( 'NONE', 3,
 ( #128, #2068, #2475, #4852, #656, #5788, #526, #1579, #163, #628, #4382, #2538, #5338, #2038, #1118, #1607, #2408, #2900 ),
 .UNSPECIFIED., .F., .F.,
 ( 4, 2, 2, 2, 2, 2, 2, 2, 4 ),
 ( -1.000000000000000000, -0.8750000000000000000, -0.7500000000000000000, -0.6250000000000000000, -0.5000000000000000000, -0.3750000000000000000, -0.2500000000000000000, -0.1250000000000000000, -0.000000000000000000 ),
 .UNSPECIFIED. ) ;
#2000 = PLANE ( 'NONE',  #1049 ) ;
#2001 = ORIENTED_EDGE ( 'NONE', *, *, #79, .T. ) ;
#2002 = CARTESIAN_POINT ( 'NONE',  ( -169.4741340859000047, 43.00000000000000000, -112.1984848097999929 ) ) ;
#2003 = EDGE_CURVE ( 'NONE', #5665, #4366, #3791, .T. ) ;
#2004 = AXIS2_PLACEMENT_3D ( 'NONE', #4399, #1136, #179 ) ;
#2005 = DIRECTION ( 'NONE',  ( 0.7071067811864976127, 0.000000000000000000, 0.7071067811865975328 ) ) ;
#2006 = CARTESIAN_POINT ( 'NONE',  ( -166.9826463344166427, 91.94794535333662111, -114.6899725613833567 ) ) ;
#2007 = DIRECTION ( 'NONE',  ( -0.7071067811865937580, 0.000000000000000000, -0.7071067811865012764 ) ) ;
#2008 = DIRECTION ( 'NONE',  ( 0.000000000000000000, 0.000000000000000000, -1.000000000000000000 ) ) ;
#2009 = ORIENTED_EDGE ( 'NONE', *, *, #346, .T. ) ;
#2010 = ORIENTED_EDGE ( 'NONE', *, *, #4600, .T. ) ;
#2011 = DIRECTION ( 'NONE',  ( -0.7071067811864976127, 0.000000000000000000, -0.7071067811865975328 ) ) ;
#2012 = VECTOR ( 'NONE', #6008, 1000.000000000000114 ) ;
#2013 = CARTESIAN_POINT ( 'NONE',  ( -167.3528137424000022, 69.50000000000000000, -114.3198051534000115 ) ) ;
#2014 = VERTEX_POINT ( 'NONE', #3853 ) ;
#2015 = VECTOR ( 'NONE', #2094, 1000.000000000000000 ) ;
#2016 = CIRCLE ( 'NONE', #443, 1.200000000000001732 ) ;
#2017 = CARTESIAN_POINT ( 'NONE',  ( 169.4741340859000047, 45.00000000000000000, -112.1984848097999929 ) ) ;
#2018 = DIRECTION ( 'NONE',  ( 0.000000000000000000, -1.000000000000000000, 0.000000000000000000 ) ) ;
#2019 = B_SPLINE_CURVE_WITH_KNOTS ( 'NONE', 3,
 ( #5460, #2201, #1152, #5946 ),
 .UNSPECIFIED., .F., .F.,
 ( 4, 4 ),
 ( 0.000000000000000000, 1.000000000000000000 ),
 .UNSPECIFIED. ) ;
#2020 = VECTOR ( 'NONE', #596, 999.9999999999998863 ) ;
#2021 = CARTESIAN_POINT ( 'NONE',  ( -167.1743207410276568, 23.50723796074179717, -111.6698710299724553 ) ) ;
#2022 = ORIENTED_EDGE ( 'NONE', *, *, #186, .F. ) ;
#2023 = VERTEX_POINT ( 'NONE', #1936 ) ;
#2024 = FACE_BOUND ( 'NONE', #4170, .T. ) ;
#2025 = CARTESIAN_POINT ( 'NONE',  ( 168.4837134362996665, 113.7290934399498354, -113.1889054595005035 ) ) ;
#2026 = ADVANCED_FACE ( 'NONE', ( #92 ), #3455, .T. ) ;
#2027 = CARTESIAN_POINT ( 'NONE',  ( -21.00000000000000000, 58.60000000000000142, -197.1726188958000137 ) ) ;
#2028 = CIRCLE ( 'NONE', #552, 1.199999999999999734 ) ;
#2029 = EDGE_LOOP ( 'NONE', ( #44, #3261, #786, #1331 ) ) ;
#2030 = DIRECTION ( 'NONE',  ( 0.000000000000000000, 0.000000000000000000, 1.000000000000000000 ) ) ;
#2031 = CYLINDRICAL_SURFACE ( 'NONE', #1039, 1.999999999999992895 ) ;
#2032 = DIRECTION ( 'NONE',  ( -0.7071067811865475727, -0.000000000000000000, 0.7071067811865474617 ) ) ;
#2033 = CARTESIAN_POINT ( 'NONE',  ( -81.67157287524999276, 0.000000000000000000, -197.1726188958000137 ) ) ;
#2034 = EDGE_CURVE ( 'NONE', #4861, #926, #6055, .T. ) ;
#2035 = EDGE_CURVE ( 'NONE', #4165, #3186, #3835, .T. ) ;
#2036 = CARTESIAN_POINT ( 'NONE',  ( 169.4741340859000047, 110.7500000000000000, -112.1984848097999929 ) ) ;
#2037 = EDGE_LOOP ( 'NONE', ( #4461, #207, #5688, #4257, #3771 ) ) ;
#2038 = CARTESIAN_POINT ( 'NONE',  ( -167.0694998738996446, 43.77090656005017877, -111.7746918971004675 ) ) ;
#2039 = LINE ( 'NONE', #2442, #1649 ) ;
#2040 = EDGE_CURVE ( 'NONE', #5682, #294, #3507, .T. ) ;
#2041 = CARTESIAN_POINT ( 'NONE',  ( -166.6405889500909723, 69.24757277670852318, -115.0320299457089988 ) ) ;
#2042 = EDGE_CURVE ( 'NONE', #1551, #71, #4789, .T. ) ;
#2043 = VECTOR ( 'NONE', #5270, 1000.000000000000114 ) ;
#2044 = CARTESIAN_POINT ( 'NONE',  ( 163.8172798364269056, 22.50000000000000000, -117.8553390593730938 ) ) ;
#2045 = ORIENTED_EDGE ( 'NONE', *, *, #384, .T. ) ;
#2046 = ORIENTED_EDGE ( 'NONE', *, *, #561, .F. ) ;
#2047 = CARTESIAN_POINT ( 'NONE',  ( -166.8077004861004866, 88.40066631520363671, -112.0364912848996397 ) ) ;
#2048 = ORIENTED_EDGE ( 'NONE', *, *, #4501, .T. ) ;
#2049 = CARTESIAN_POINT ( 'NONE',  ( 22.19999999999999929, 41.39999999999999858, -197.1726188958000137 ) ) ;
#2050 = CARTESIAN_POINT ( 'NONE',  ( -166.1170931813722689, 46.00723796074177585, -115.5555257144275174 ) ) ;
#2051 = AXIS2_PLACEMENT_3D ( 'NONE', #1503, #3851, #3817 ) ;
#2052 = AXIS2_PLACEMENT_3D ( 'NONE', #2712, #1784, #1754 ) ;
#2053 = CARTESIAN_POINT ( 'NONE',  ( -164.5243866176268455, 22.76179938779915091, -114.3198051533730251 ) ) ;
#2054 = ORIENTED_EDGE ( 'NONE', *, *, #770, .F. ) ;
#2055 = ORIENTED_EDGE ( 'NONE', *, *, #3573, .T. ) ;
#2056 = CARTESIAN_POINT ( 'NONE',  ( -163.8172798364269056, 22.50000000000000000, -117.8553390593730938 ) ) ;
#2057 = CARTESIAN_POINT ( 'NONE',  ( -168.2219140485004800, 20.90066631520364027, -113.4507048472995905 ) ) ;
#2058 = CIRCLE ( 'NONE', #483, 9.999999999999994671 ) ;
#2059 = CYLINDRICAL_SURFACE ( 'NONE', #5325, 1.200000000000011502 ) ;
#2060 = ORIENTED_EDGE ( 'NONE', *, *, #4712, .T. ) ;
#2061 = CARTESIAN_POINT ( 'NONE',  ( -168.5885343034276502, 88.99276203925820994, -113.0840845923724629 ) ) ;
#2062 = DIRECTION ( 'NONE',  ( 1.000000000000000000, 0.000000000000000000, 0.000000000000000000 ) ) ;
#2063 = DIRECTION ( 'NONE',  ( 0.7071067811864953923, 0.000000000000000000, 0.7071067811865995312 ) ) ;
#2064 = CIRCLE ( 'NONE', #5898, 2.000000000000001776 ) ;
#2065 = LINE ( 'NONE', #4879, #5960 ) ;
#2066 = DIRECTION ( 'NONE',  ( 0.7071067811865475727, 0.000000000000000000, 0.7071067811865475727 ) ) ;
#2067 = EDGE_LOOP ( 'NONE', ( #5054, #4019, #4251, #3069, #2328, #1648, #3725, #2380 ) ) ;
#2068 = CARTESIAN_POINT ( 'NONE',  ( -164.5243866176267886, 44.73820061220084909, -114.3198051533729824 ) ) ;
#2069 = VECTOR ( 'NONE', #699, 1000.000000000000000 ) ;
#2070 = EDGE_CURVE ( 'NONE', #1763, #479, #1636, .T. ) ;
#2071 = EDGE_CURVE ( 'NONE', #2520, #4362, #5566, .T. ) ;
#2072 = FACE_OUTER_BOUND ( 'NONE', #4571, .T. ) ;
#2073 = DIRECTION ( 'NONE',  ( 0.7071067811864976127, 0.000000000000000000, -0.7071067811865975328 ) ) ;
#2074 = DIRECTION ( 'NONE',  ( -0.000000000000000000, -0.000000000000000000, -1.000000000000000000 ) ) ;
#2075 = EDGE_CURVE ( 'NONE', #3995, #1245, #3030, .T. ) ;
#2076 = VERTEX_POINT ( 'NONE', #4941 ) ;
#2077 = VERTEX_POINT ( 'NONE', #2133 ) ;
#2078 = VECTOR ( 'NONE', #1470, 1000.000000000000114 ) ;
#2079 = DIRECTION ( 'NONE',  ( 0.7071067811864976127, 0.000000000000000000, -0.7071067811865975328 ) ) ;
#2080 = EDGE_CURVE ( 'NONE', #2785, #2801, #3216, .T. ) ;
#2081 = EDGE_CURVE ( 'NONE', #2807, #499, #3699, .T. ) ;
#2082 = EDGE_LOOP ( 'NONE', ( #5510, #162 ) ) ;
#2083 = DIRECTION ( 'NONE',  ( -0.7071067811865012764, 0.000000000000000000, 0.7071067811865937580 ) ) ;
#2084 = LINE ( 'NONE', #3406, #3155 ) ;
#2085 = CARTESIAN_POINT ( 'NONE',  ( -168.0599205235999989, 43.00000000000000000, -110.7842712475000155 ) ) ;
#2086 = ORIENTED_EDGE ( 'NONE', *, *, #3060, .F. ) ;
#2087 = ORIENTED_EDGE ( 'NONE', *, *, #122, .T. ) ;
#2088 = DIRECTION ( 'NONE',  ( 0.7071067811865474617, 0.000000000000000000, -0.7071067811865474617 ) ) ;
#2089 = VERTEX_POINT ( 'NONE', #5848 ) ;
#2090 = DIRECTION ( 'NONE',  ( -0.7071067811865451302, 0.000000000000000000, 0.7071067811865497932 ) ) ;
#2091 = CARTESIAN_POINT ( 'NONE',  ( 165.9386001800268389, 112.7617993877991580, -115.7340187157730043 ) ) ;
#2092 = EDGE_LOOP ( 'NONE', ( #1509, #3560, #4990, #3138 ) ) ;
#2093 = CARTESIAN_POINT ( 'NONE',  ( -154.8370237153999938, 58.60000000000000142, -126.8355951803999915 ) ) ;
#2094 = DIRECTION ( 'NONE',  ( -0.000000000000000000, -0.000000000000000000, -1.000000000000000000 ) ) ;
#2095 = CARTESIAN_POINT ( 'NONE',  ( -166.8077004861004866, 110.9006663152036509, -112.0364912848996397 ) ) ;
#2096 = CARTESIAN_POINT ( 'NONE',  ( -166.4837134362994959, 114.0993336847963633, -115.1889054595003756 ) ) ;
#2097 = CARTESIAN_POINT ( 'NONE',  ( 130.6442175641321057, 125.5000000000048601, -148.1999742069180286 ) ) ;
#2098 = ORIENTED_EDGE ( 'NONE', *, *, #4077, .T. ) ;
#2099 = CARTESIAN_POINT ( 'NONE',  ( 91.29240287812456245, 9.500000000000053291, -190.3802160176754796 ) ) ;
#2100 = DIRECTION ( 'NONE',  ( 0.7071067811864976127, 0.000000000000000000, -0.7071067811865975328 ) ) ;
#2101 = CARTESIAN_POINT ( 'NONE',  ( 81.67157287524999276, 135.0000000000000000, -197.1726188958000137 ) ) ;
#2102 = CIRCLE ( 'NONE', #5254, 2.500000000000000888 ) ;
#2103 = EDGE_CURVE ( 'NONE', #1307, #382, #267, .T. ) ;
#2104 = LINE ( 'NONE', #1232, #1133 ) ;
#2105 = ORIENTED_EDGE ( 'NONE', *, *, #5166, .F. ) ;
#2106 = ORIENTED_EDGE ( 'NONE', *, *, #383, .F. ) ;
#2107 = MECHANICAL_DESIGN_GEOMETRIC_PRESENTATION_REPRESENTATION (  '', ( #2998 ), #4573 ) ;
#2108 = DIRECTION ( 'NONE',  ( 1.000000000000000000, 0.000000000000000000, 0.000000000000000000 ) ) ;
#2109 = DIRECTION ( 'NONE',  ( 0.7071067811865476838, 0.000000000000000000, -0.7071067811865474617 ) ) ;
#2110 = VERTEX_POINT ( 'NONE', #2536 ) ;
#2111 = CARTESIAN_POINT ( 'NONE',  ( -154.2713382903999957, 41.39999999999999858, -124.5728534806000027 ) ) ;
#2112 = DIRECTION ( 'NONE',  ( 0.7071067811865475727, 0.000000000000000000, 0.7071067811865475727 ) ) ;
#2113 = VECTOR ( 'NONE', #308, 1000.000000000000000 ) ;
#2114 = EDGE_CURVE ( 'NONE', #4563, #3736, #2028, .T. ) ;
#2115 = EDGE_CURVE ( 'NONE', #1297, #5242, #4287, .T. ) ;
#2116 = CARTESIAN_POINT ( 'NONE',  ( -167.0694998738995878, 113.7290934399498497, -111.7746918971004959 ) ) ;
#2117 = ORIENTED_EDGE ( 'NONE', *, *, #2114, .F. ) ;
#2118 = VERTEX_POINT ( 'NONE', #5816 ) ;
#2119 = CARTESIAN_POINT ( 'NONE',  ( -125.9870670429999961, 41.39999999999999858, -155.6855518527999607 ) ) ;
#2120 = AXIS2_PLACEMENT_3D ( 'NONE', #319, #5007, #261 ) ;
#2121 = ORIENTED_EDGE ( 'NONE', *, *, #4531, .T. ) ;
#2122 = AXIS2_PLACEMENT_3D ( 'NONE', #2374, #3183, #4247 ) ;
#2123 = CIRCLE ( 'NONE', #1433, 3.000000000000002665 ) ;
#2124 = CARTESIAN_POINT ( 'NONE',  ( 167.3528137424000022, 24.50000000000000000, -114.3198051534000115 ) ) ;
#2125 = CARTESIAN_POINT ( 'NONE',  ( 168.0599205235999989, 20.50000000000000000, -110.7842712475000155 ) ) ;
#2126 = CIRCLE ( 'NONE', #3990, 2.500000000000002220 ) ;
#2127 = EDGE_CURVE ( 'NONE', #5014, #1338, #3481, .T. ) ;
#2128 = ORIENTED_EDGE ( 'NONE', *, *, #1699, .F. ) ;
#2129 = LINE ( 'NONE', #1751, #1355 ) ;
#2130 = DIRECTION ( 'NONE',  ( -0.7071067811865475727, 0.000000000000000000, -0.7071067811865475727 ) ) ;
#2131 = CYLINDRICAL_SURFACE ( 'NONE', #243, 1.199999999999999734 ) ;
#2132 = DIRECTION ( 'NONE',  ( 0.000000000000000000, -1.000000000000000000, 0.000000000000000000 ) ) ;
#2133 = CARTESIAN_POINT ( 'NONE',  ( -19.80000000000000071, 58.60000000000000142, -199.1726188958000137 ) ) ;
#2134 = AXIS2_PLACEMENT_3D ( 'NONE', #3061, #685, #714 ) ;
#2135 = CARTESIAN_POINT ( 'NONE',  ( 167.3528137423729731, 90.00000000000000000, -111.4913780286270111 ) ) ;
#2136 = DIRECTION ( 'NONE',  ( -0.7071067811865474617, 0.000000000000000000, 0.7071067811865474617 ) ) ;
#2137 = VECTOR ( 'NONE', #4388, 1000.000000000000114 ) ;
#2138 = DIRECTION ( 'NONE',  ( -0.7071067811865995312, 0.000000000000000000, -0.7071067811864953923 ) ) ;
#2139 = FACE_OUTER_BOUND ( 'NONE', #394, .T. ) ;
#2140 = ORIENTED_EDGE ( 'NONE', *, *, #1332, .F. ) ;
#2141 = ORIENTED_EDGE ( 'NONE', *, *, #4599, .F. ) ;
#2142 = MANIFOLD_SURFACE_SHAPE_REPRESENTATION ( '\X2\7b2c4e005c42591658f3\X0\', ( #2286, #3215 ), #3407 ) ;
#2143 = FACE_BOUND ( 'NONE', #1416, .T. ) ;
#2144 = LINE ( 'NONE', #1736, #4673 ) ;
#2145 = EDGE_CURVE ( 'NONE', #5776, #725, #4703, .T. ) ;
#2146 = EDGE_LOOP ( 'NONE', ( #3787, #8, #1204, #3788 ) ) ;
#2147 = CARTESIAN_POINT ( 'NONE',  ( -165.9386001800268389, 112.2382006122008704, -115.7340187157730043 ) ) ;
#2148 = DIRECTION ( 'NONE',  ( -1.000000000000000000, 0.000000000000000000, 0.000000000000000000 ) ) ;
#2149 = CYLINDRICAL_SURFACE ( 'NONE', #884, 1.999999999999992895 ) ;
#2150 = ORIENTED_EDGE ( 'NONE', *, *, #2343, .F. ) ;
#2151 = ORIENTED_EDGE ( 'NONE', *, *, #2783, .F. ) ;
#2152 = AXIS2_PLACEMENT_3D ( 'NONE', #1256, #3174, #828 ) ;
#2153 = DIRECTION ( 'NONE',  ( -0.7071067811865475727, 0.000000000000000000, -0.7071067811865475727 ) ) ;
#2154 = EDGE_CURVE ( 'NONE', #3475, #226, #3479, .T. ) ;
#2155 = ORIENTED_EDGE ( 'NONE', *, *, #4954, .F. ) ;
#2156 = EDGE_CURVE ( 'NONE', #637, #5993, #456, .T. ) ;
#2157 = CIRCLE ( 'NONE', #964, 2.000000000000001776 ) ;
#2158 = DIRECTION ( 'NONE',  ( 0.7071067811864976127, 0.000000000000000000, 0.7071067811865975328 ) ) ;
#2159 = FACE_OUTER_BOUND ( 'NONE', #4827, .T. ) ;
#2160 = CARTESIAN_POINT ( 'NONE',  ( 168.2956227839730730, 67.49999999999998579, -112.4341870702269119 ) ) ;
#2161 = EDGE_CURVE ( 'NONE', #3959, #4107, #3904, .T. ) ;
#2162 = DIRECTION ( 'NONE',  ( -0.7071067811865475727, 0.000000000000000000, 0.7071067811865475727 ) ) ;
#2163 = DIRECTION ( 'NONE',  ( 0.7071067811865475727, 0.000000000000000000, 0.7071067811865475727 ) ) ;
#2164 = CARTESIAN_POINT ( 'NONE',  ( -163.8172798364999778, 22.50000000000000000, -115.0269119346000082 ) ) ;
#2165 = DIRECTION ( 'NONE',  ( 0.7071067811865475727, 0.000000000000000000, -0.7071067811865475727 ) ) ;
#2166 = VECTOR ( 'NONE', #1379, 1000.000000000000114 ) ;
#2167 = AXIS2_PLACEMENT_3D ( 'NONE', #878, #907, #2758 ) ;
#2168 = DIRECTION ( 'NONE',  ( -0.7071067811865975328, 0.000000000000000000, 0.7071067811864976127 ) ) ;
#2169 = EDGE_CURVE ( 'NONE', #2289, #1072, #5479, .T. ) ;
#2170 = AXIS2_PLACEMENT_3D ( 'NONE', #636, #259, #5192 ) ;
#2171 = LINE ( 'NONE', #4972, #4761 ) ;
#2172 = VECTOR ( 'NONE', #484, 1000.000000000000114 ) ;
#2173 = AXIS2_PLACEMENT_3D ( 'NONE', #1159, #3076, #3045 ) ;
#2174 = CYLINDRICAL_SURFACE ( 'NONE', #4271, 1.999999999999992895 ) ;
#2175 = EDGE_LOOP ( 'NONE', ( #2778, #1161, #3702, #4628, #1215 ) ) ;
#2176 = ORIENTED_EDGE ( 'NONE', *, *, #2221, .F. ) ;
#2177 = FACE_BOUND ( 'NONE', #2425, .T. ) ;
#2178 = FACE_BOUND ( 'NONE', #5771, .T. ) ;
#2179 = EDGE_LOOP ( 'NONE', ( #3105, #5733, #644, #1218 ) ) ;
#2180 = DIRECTION ( 'NONE',  ( 0.7071067811865451302, 0.000000000000000000, -0.7071067811865497932 ) ) ;
#2181 = DIRECTION ( 'NONE',  ( -0.7071067811865474617, 0.000000000000000000, -0.7071067811865474617 ) ) ;
#2182 = VECTOR ( 'NONE', #1773, 1000.000000000000000 ) ;
#2183 = CARTESIAN_POINT ( 'NONE',  ( -167.1676936199767169, 24.50000000000000000, -114.5049252758232683 ) ) ;
#2184 = EDGE_LOOP ( 'NONE', ( #3172, #1447, #2506, #3082 ) ) ;
#2185 = ORIENTED_EDGE ( 'NONE', *, *, #4282, .F. ) ;
#2186 = DIRECTION ( 'NONE',  ( 0.7071067811865012764, 0.000000000000000000, -0.7071067811865937580 ) ) ;
#2187 = DIRECTION ( 'NONE',  ( 6.938893903907222067E-14, -1.000000000000000000, -6.245004513516500491E-14 ) ) ;
#2188 = AXIS2_PLACEMENT_3D ( 'NONE', #3491, #1155, #3402 ) ;
#2189 = VERTEX_POINT ( 'NONE', #3575 ) ;
#2190 = DIRECTION ( 'NONE',  ( -0.7071067811864976127, 0.000000000000000000, -0.7071067811865975328 ) ) ;
#2191 = CARTESIAN_POINT ( 'NONE',  ( 163.8172798364999778, 69.50000000000000000, -115.0269119346000082 ) ) ;
#2192 = ADVANCED_FACE ( 'NONE', ( #1635 ), #286, .F. ) ;
#2193 = PLANE ( 'NONE',  #5103 ) ;
#2194 = FACE_OUTER_BOUND ( 'NONE', #3278, .T. ) ;
#2195 = FACE_OUTER_BOUND ( 'NONE', #1677, .T. ) ;
#2196 = CARTESIAN_POINT ( 'NONE',  ( -165.9386001800268104, 112.7617993877991438, -115.7340187157729758 ) ) ;
#2197 = DIRECTION ( 'NONE',  ( 0.7071067811865475727, 0.000000000000000000, -0.7071067811865475727 ) ) ;
#2198 = DIRECTION ( 'NONE',  ( -0.7071067811864976127, 0.000000000000000000, 0.7071067811865975328 ) ) ;
#2199 = CARTESIAN_POINT ( 'NONE',  ( -167.3528137424000022, 92.00000000000000000, -114.3198051534000115 ) ) ;
#2200 = EDGE_CURVE ( 'NONE', #2189, #5136, #2817, .T. ) ;
#2201 = CARTESIAN_POINT ( 'NONE',  ( -167.8242182631730941, 112.5000000000000000, -111.9627825494269047 ) ) ;
#2202 = ORIENTED_EDGE ( 'NONE', *, *, #2568, .F. ) ;
#2203 = EDGE_LOOP ( 'NONE', ( #3949, #1185, #3382, #1430 ) ) ;
#2204 = DIRECTION ( 'NONE',  ( 0.7071067811865475727, 0.000000000000000000, -0.7071067811865475727 ) ) ;
#2205 = CARTESIAN_POINT ( 'NONE',  ( 167.3528137423729731, 67.50000000000000000, -111.4913780286270111 ) ) ;
#2206 = VERTEX_POINT ( 'NONE', #252 ) ;
#2207 = DIRECTION ( 'NONE',  ( 1.000000000000000000, 0.000000000000000000, 0.000000000000000000 ) ) ;
#2208 = AXIS2_PLACEMENT_3D ( 'NONE', #1960, #3051, #2090 ) ;
#2209 = CARTESIAN_POINT ( 'NONE',  ( -166.4837134362994959, 24.09933368479635973, -115.1889054595003756 ) ) ;
#2210 = VERTEX_POINT ( 'NONE', #2684 ) ;
#2211 = ORIENTED_EDGE ( 'NONE', *, *, #3662, .T. ) ;
#2212 = CARTESIAN_POINT ( 'NONE',  ( 166.3087675879833682, 110.5520546466633647, -112.5354241830166586 ) ) ;
#2213 = FACE_OUTER_BOUND ( 'NONE', #5295, .T. ) ;
#2214 = ORIENTED_EDGE ( 'NONE', *, *, #4401, .F. ) ;
#2215 = AXIS2_PLACEMENT_3D ( 'NONE', #798, #3200, #1660 ) ;
#2216 =( NAMED_UNIT ( * ) PLANE_ANGLE_UNIT ( ) SI_UNIT ( $, .RADIAN. ) );
#2217 = DIRECTION ( 'NONE',  ( 0.7071067811865937580, 0.000000000000000000, -0.7071067811865012764 ) ) ;
#2218 = VERTEX_POINT ( 'NONE', #5452 ) ;
#2219 = DIRECTION ( 'NONE',  ( -0.7071067811865474617, 0.000000000000000000, -0.7071067811865474617 ) ) ;
#2220 = LINE ( 'NONE', #5058, #2316 ) ;
#2221 = EDGE_CURVE ( 'NONE', #5614, #4281, #165, .T. ) ;
#2222 = DIRECTION ( 'NONE',  ( 0.7071067811864976127, 0.000000000000000000, 0.7071067811865975328 ) ) ;
#2223 = CARTESIAN_POINT ( 'NONE',  ( -166.1170931813722689, 113.5072379607418043, -115.5555257144275174 ) ) ;
#2224 = VERTEX_POINT ( 'NONE', #775 ) ;
#2225 = CARTESIAN_POINT ( 'NONE',  ( 166.9826463344166427, 91.94794535333662111, -114.6899725613833283 ) ) ;
#2226 = CARTESIAN_POINT ( 'NONE',  ( 168.0599205235999989, 110.7500000000000000, -110.7842712475000155 ) ) ;
#2227 = CARTESIAN_POINT ( 'NONE',  ( 169.4741340859000047, 65.50000000000000000, -112.1984848097999929 ) ) ;
#2228 = EDGE_CURVE ( 'NONE', #1255, #5471, #3515, .T. ) ;
#2229 = EDGE_CURVE ( 'NONE', #5365, #2110, #5373, .T. ) ;
#2230 = DIRECTION ( 'NONE',  ( -0.7071067811865475727, 0.000000000000000000, -0.7071067811865475727 ) ) ;
#2231 = VERTEX_POINT ( 'NONE', #1172 ) ;
#2232 = ORIENTED_EDGE ( 'NONE', *, *, #5399, .F. ) ;
#2233 = VECTOR ( 'NONE', #6037, 1000.000000000000114 ) ;
#2234 = ADVANCED_FACE ( 'NONE', ( #338 ), #314, .T. ) ;
#2235 = LINE ( 'NONE', #4023, #4384 ) ;
#2236 = EDGE_LOOP ( 'NONE', ( #1518, #3482, #102, #5269, #5900 ) ) ;
#2237 = EDGE_CURVE ( 'NONE', #2670, #2872, #671, .T. ) ;
#2238 = CYLINDRICAL_SURFACE ( 'NONE', #841, 1.999999999999992895 ) ;
#2239 = CARTESIAN_POINT ( 'NONE',  ( 163.8172798364999778, 67.50000000000000000, -115.0269119346000082 ) ) ;
#2240 = ORIENTED_EDGE ( 'NONE', *, *, #5668, .T. ) ;
#2241 = ORIENTED_EDGE ( 'NONE', *, *, #2228, .T. ) ;
#2242 = DIRECTION ( 'NONE',  ( 0.7071067811865475727, 0.000000000000000000, 0.7071067811865475727 ) ) ;
#2243 = CARTESIAN_POINT ( 'NONE',  ( -166.8077004861005150, 91.59933368479634908, -112.0364912848996255 ) ) ;
#2244 = AXIS2_PLACEMENT_3D ( 'NONE', #3222, #563, #2902 ) ;
#2245 = EDGE_LOOP ( 'NONE', ( #4297, #1501, #3203, #1637, #3701 ) ) ;
#2246 = CARTESIAN_POINT ( 'NONE',  ( -169.4741340859000047, 20.50000000000000000, -112.1984848097999929 ) ) ;
#2247 = FACE_OUTER_BOUND ( 'NONE', #4358, .T. ) ;
#2248 = ORIENTED_EDGE ( 'NONE', *, *, #5685, .T. ) ;
#2249 = DIRECTION ( 'NONE',  ( -0.7071067811865475727, 0.000000000000000000, -0.7071067811865475727 ) ) ;
#2250 = DIRECTION ( 'NONE',  ( 0.7071067811864976127, 0.000000000000000000, -0.7071067811865975328 ) ) ;
#2251 = AXIS2_PLACEMENT_3D ( 'NONE', #3293, #2888, #1436 ) ;
#2252 = CARTESIAN_POINT ( 'NONE',  ( 125.4213816179999839, 41.39999999999999858, -153.4228101530000004 ) ) ;
#2253 = CARTESIAN_POINT ( 'NONE',  ( -169.4741340859000047, 67.50000000000000000, -112.1984848097999929 ) ) ;
#2254 = EDGE_LOOP ( 'NONE', ( #908, #2850 ) ) ;
#2255 = CARTESIAN_POINT ( 'NONE',  ( -165.5684327720166493, 46.94794535333664243, -113.2757589989833491 ) ) ;
#2256 = CARTESIAN_POINT ( 'NONE',  ( -165.4671956592269453, 89.99999999999998579, -115.2626141949730822 ) ) ;
#2257 = PLANE ( 'NONE',  #840 ) ;
#2258 = VECTOR ( 'NONE', #2430, 1000.000000000000114 ) ;
#2259 = DIRECTION ( 'NONE',  ( -0.7071067811865475727, 0.000000000000000000, 0.7071067811865475727 ) ) ;
#2260 = ORIENTED_EDGE ( 'NONE', *, *, #4282, .T. ) ;
#2261 = ORIENTED_EDGE ( 'NONE', *, *, #3435, .F. ) ;
#2262 = AXIS2_PLACEMENT_3D ( 'NONE', #5981, #1652, #5927 ) ;
#2263 = CARTESIAN_POINT ( 'NONE',  ( 163.8172798364269056, 90.00000000000000000, -117.8553390593730938 ) ) ;
#2264 = DIRECTION ( 'NONE',  ( -0.7071067811865474617, 0.000000000000000000, 0.7071067811865474617 ) ) ;
#2265 = CYLINDRICAL_SURFACE ( 'NONE', #3703, 1.999999999999992895 ) ;
#2266 = AXIS2_PLACEMENT_3D ( 'NONE', #3213, #4104, #4132 ) ;
#2267 = DIRECTION ( 'NONE',  ( -1.000000000000000000, 0.000000000000000000, 0.000000000000000000 ) ) ;
#2268 = ORIENTED_EDGE ( 'NONE', *, *, #3794, .F. ) ;
#2269 = ORIENTED_EDGE ( 'NONE', *, *, #450, .F. ) ;
#2270 = EDGE_CURVE ( 'NONE', #3339, #2452, #777, .T. ) ;
#2271 = EDGE_CURVE ( 'NONE', #5824, #1994, #6025, .T. ) ;
#2272 = DIRECTION ( 'NONE',  ( 1.000000000000000000, 0.000000000000000000, 0.000000000000000000 ) ) ;
#2273 = CARTESIAN_POINT ( 'NONE',  ( -22.19999999999999929, 41.39999999999999858, -199.1726188958000137 ) ) ;
#2274 = EDGE_LOOP ( 'NONE', ( #1654, #989 ) ) ;
#2275 = AXIS2_PLACEMENT_3D ( 'NONE', #4596, #5093, #5629 ) ;
#2276 = CARTESIAN_POINT ( 'NONE',  ( 98.76345596729001386, 123.0000000000000000, -180.0807358037000085 ) ) ;
#2277 = EDGE_CURVE ( 'NONE', #3195, #2118, #3235, .T. ) ;
#2278 = ORIENTED_EDGE ( 'NONE', *, *, #3304, .T. ) ;
#2279 = VECTOR ( 'NONE', #4848, 1000.000000000000114 ) ;
#2280 = DIRECTION ( 'NONE',  ( 0.7071067811866001973, 0.000000000000000000, -0.7071067811864948371 ) ) ;
#2281 = LINE ( 'NONE', #1224, #3096 ) ;
#2282 = CARTESIAN_POINT ( 'NONE',  ( 165.2263753876909789, 24.24757277670852318, -113.6178163833089911 ) ) ;
#2283 = DIRECTION ( 'NONE',  ( -1.000000000000000000, 0.000000000000000000, 0.000000000000000000 ) ) ;
#2284 = CARTESIAN_POINT ( 'NONE',  ( -168.7302191111251943, 44.47650423128145292, -112.9423997846749188 ) ) ;
#2285 = DIRECTION ( 'NONE',  ( 0.7071067811866001973, 0.000000000000000000, -0.7071067811864948371 ) ) ;
#2286 = SHELL_BASED_SURFACE_MODEL ( 'NONE', ( #4973, #440, #930, #1812, #1221, #4672, #4477, #4175, #5262, #1032, #1520 ) );
#2287 = CARTESIAN_POINT ( 'NONE',  ( 167.3528137423729731, 90.00000000000000000, -111.4913780286270111 ) ) ;
#2288 = ORIENTED_EDGE ( 'NONE', *, *, #1109, .F. ) ;
#2289 = VERTEX_POINT ( 'NONE', #3693 ) ;
#2290 = CARTESIAN_POINT ( 'NONE',  ( 95.22792206136000459, 123.0000000000000000, -183.6162697096999921 ) ) ;
#2291 = EDGE_LOOP ( 'NONE', ( #290, #1126 ) ) ;
#2292 = EDGE_CURVE ( 'NONE', #5724, #1664, #3812, .T. ) ;
#2293 = DIRECTION ( 'NONE',  ( 0.7071067811865475727, 0.000000000000000000, -0.7071067811865475727 ) ) ;
#2294 = DIRECTION ( 'NONE',  ( -0.7071067811865475727, -0.000000000000000000, 0.7071067811865474617 ) ) ;
#2295 = EDGE_LOOP ( 'NONE', ( #5979, #4225 ) ) ;
#2296 = EDGE_LOOP ( 'NONE', ( #2288, #5040 ) ) ;
#2297 = CARTESIAN_POINT ( 'NONE',  ( -163.8172798364999778, 45.00000000000000000, -115.0269119346000082 ) ) ;
#2298 = CARTESIAN_POINT ( 'NONE',  ( 169.4741340859000047, 65.50000000000000000, -112.1984848097999929 ) ) ;
#2299 = ORIENTED_EDGE ( 'NONE', *, *, #5316, .T. ) ;
#2300 = EDGE_CURVE ( 'NONE', #4450, #827, #5011, .T. ) ;
#2301 = CYLINDRICAL_SURFACE ( 'NONE', #202, 2.999999999999999112 ) ;
#2302 = EDGE_CURVE ( 'NONE', #4903, #1111, #378, .T. ) ;
#2303 = CARTESIAN_POINT ( 'NONE',  ( 169.4741340859000047, 69.50000000000000000, -112.1984848097999929 ) ) ;
#2304 = B_SPLINE_CURVE_WITH_KNOTS ( 'NONE', 3,
 ( #5244, #562, #2441, #4318, #3856, #5726, #1510, #3887, #1543, #5941, #2225, #687, #1175, #1726, #5850, #4013, #3032, #4506 ),
 .UNSPECIFIED., .F., .F.,
 ( 4, 2, 2, 2, 2, 2, 2, 2, 4 ),
 ( -1.000000000000000000, -0.8750000000000000000, -0.7500000000000000000, -0.6250000000000000000, -0.5000000000000000000, -0.3750000000000000000, -0.2500000000000000000, -0.1250000000000000000, -0.000000000000000000 ),
 .UNSPECIFIED. ) ;
#2305 = EDGE_LOOP ( 'NONE', ( #5959, #3970 ) ) ;
#2306 = VECTOR ( 'NONE', #5354, 1000.000000000000114 ) ;
#2307 = CARTESIAN_POINT ( 'NONE',  ( -168.5885343034276502, 91.00723796074179006, -113.0840845923724771 ) ) ;
#2308 = DIRECTION ( 'NONE',  ( -0.7071067811864976127, 0.000000000000000000, 0.7071067811865975328 ) ) ;
#2309 = DIRECTION ( 'NONE',  ( 0.7071067811865475727, 0.000000000000000000, 0.7071067811865475727 ) ) ;
#2310 = ADVANCED_FACE ( 'NONE', ( #2883 ), #4129, .F. ) ;
#2311 = LINE ( 'NONE', #5656, #2547 ) ;
#2312 = LINE ( 'NONE', #2800, #1098 ) ;
#2313 = EDGE_LOOP ( 'NONE', ( #2840, #1606, #4804, #3670 ) ) ;
#2314 = DIRECTION ( 'NONE',  ( -0.7071067811865475727, 0.000000000000000000, -0.7071067811865475727 ) ) ;
#2315 = CARTESIAN_POINT ( 'NONE',  ( 168.2219140485004516, 110.9006663152036367, -113.4507048472996189 ) ) ;
#2316 = VECTOR ( 'NONE', #4097, 1000.000000000000114 ) ;
#2317 = VECTOR ( 'NONE', #3068, 1000.000000000000000 ) ;
#2318 = CIRCLE ( 'NONE', #3597, 1.199999999999999734 ) ;
#2319 = CARTESIAN_POINT ( 'NONE',  ( 167.0694998738995878, 88.77090656005015035, -111.7746918971004959 ) ) ;
#2320 = ORIENTED_EDGE ( 'NONE', *, *, #3805, .F. ) ;
#2321 = ORIENTED_EDGE ( 'NONE', *, *, #538, .T. ) ;
#2322 = DIRECTION ( 'NONE',  ( 1.000000000000000000, 0.000000000000000000, 0.000000000000000000 ) ) ;
#2323 = LINE ( 'NONE', #6068, #3106 ) ;
#2324 = PRODUCT_DEFINITION_FORMATION_WITH_SPECIFIED_SOURCE ( '‰ª', '', #497, .NOT_KNOWN. ) ;
#2325 = CARTESIAN_POINT ( 'NONE',  ( 165.0694998738995309, 46.59933368479637039, -113.7746918971003964 ) ) ;
#2326 = CARTESIAN_POINT ( 'NONE',  ( 138.0584311265070312, 125.5000000000048601, -155.6141877692929256 ) ) ;
#2327 = ORIENTED_EDGE ( 'NONE', *, *, #2746, .T. ) ;
#2328 = ORIENTED_EDGE ( 'NONE', *, *, #2728, .F. ) ;
#2329 = DIRECTION ( 'NONE',  ( 0.000000000000000000, 1.000000000000000000, 0.000000000000000000 ) ) ;
#2330 = AXIS2_PLACEMENT_3D ( 'NONE', #2164, #4441, #2132 ) ;
#2331 = CARTESIAN_POINT ( 'NONE',  ( 168.5885343034276502, 88.99276203925819573, -113.0840845923724771 ) ) ;
#2332 = VERTEX_POINT ( 'NONE', #1349 ) ;
#2333 = CARTESIAN_POINT ( 'NONE',  ( 165.9386001800270094, 90.00000000000000000, -115.7340187157729900 ) ) ;
#2334 = AXIS2_PLACEMENT_3D ( 'NONE', #1793, #3673, #5552 ) ;
#2335 = ADVANCED_FACE ( 'NONE', ( #4763 ), #5256, .F. ) ;
#2336 = ADVANCED_FACE ( 'NONE', ( #5117 ), #2422, .F. ) ;
#2337 = CARTESIAN_POINT ( 'NONE',  ( -168.7302191111252796, 90.52349576871858972, -112.9423997846749046 ) ) ;
#2338 = CARTESIAN_POINT ( 'NONE',  ( 167.7229811503833901, 46.94794535333663532, -113.9496377454166236 ) ) ;
#2339 = DIRECTION ( 'NONE',  ( -0.000000000000000000, 1.000000000000000000, 0.000000000000000000 ) ) ;
#2340 = DIRECTION ( 'NONE',  ( -0.7071067811865475727, 0.000000000000000000, -0.7071067811865475727 ) ) ;
#2341 = ADVANCED_FACE ( 'NONE', ( #5541 ), #3633, .F. ) ;
#2342 = CARTESIAN_POINT ( 'NONE',  ( -168.0599205235999989, 110.7500000000000000, -110.7842712475000155 ) ) ;
#2343 = EDGE_CURVE ( 'NONE', #133, #2614, #1317, .T. ) ;
#2344 = AXIS2_PLACEMENT_3D ( 'NONE', #1778, #5535, #858 ) ;
#2345 = ORIENTED_EDGE ( 'NONE', *, *, #2782, .T. ) ;
#2346 = DIRECTION ( 'NONE',  ( 0.7071067811865475727, 0.000000000000000000, 0.7071067811865475727 ) ) ;
#2347 = CARTESIAN_POINT ( 'NONE',  ( -165.2314933988000121, 45.00000000000000000, -116.4411254970000016 ) ) ;
#2348 = CARTESIAN_POINT ( 'NONE',  ( 156.5340799901999844, 41.39999999999999858, -125.1385389054999990 ) ) ;
#2349 = EDGE_LOOP ( 'NONE', ( #5041, #1984, #5370, #525 ) ) ;
#2350 = ORIENTED_EDGE ( 'NONE', *, *, #4755, .T. ) ;
#2351 = EDGE_CURVE ( 'NONE', #5796, #3475, #475, .T. ) ;
#2352 = CARTESIAN_POINT ( 'NONE',  ( 72.99999999998432543, 9.499999999999896971, -107.2477373414999846 ) ) ;
#2353 = DIRECTION ( 'NONE',  ( -0.7071067811865475727, 0.000000000000000000, -0.7071067811865475727 ) ) ;
#2354 = CARTESIAN_POINT ( 'NONE',  ( -167.8242182631730941, 45.00000000000000711, -111.9627825494269047 ) ) ;
#2355 = AXIS2_PLACEMENT_3D ( 'NONE', #3709, #849, #6071 ) ;
#2356 = DIRECTION ( 'NONE',  ( -1.000000000000000000, 0.000000000000000000, 0.000000000000000000 ) ) ;
#2357 = ORIENTED_EDGE ( 'NONE', *, *, #4786, .F. ) ;
#2358 = VERTEX_POINT ( 'NONE', #4732 ) ;
#2359 = CARTESIAN_POINT ( 'NONE',  ( -169.4741340859000047, 45.00000000000000000, -112.1984848097999929 ) ) ;
#2360 = DIRECTION ( 'NONE',  ( 0.000000000000000000, 0.000000000000000000, -1.000000000000000000 ) ) ;
#2361 = VERTEX_POINT ( 'NONE', #76 ) ;
#2362 = CARTESIAN_POINT ( 'NONE',  ( 165.2314933988000121, 90.00000000000000000, -116.4411254970000016 ) ) ;
#2363 = ORIENTED_EDGE ( 'NONE', *, *, #810, .F. ) ;
#2364 = AXIS2_PLACEMENT_3D ( 'NONE', #5897, #2112, #4458 ) ;
#2365 = DIRECTION ( 'NONE',  ( -0.7071067811864976127, 0.000000000000000000, 0.7071067811865975328 ) ) ;
#2366 = B_SPLINE_CURVE_WITH_KNOTS ( 'NONE', 3,
 ( #1657, #330, #209, #1717, #1249, #4497, #1164, #4523, #4960, #3535, #1191, #3137, #5021, #5445, #4030, #3624, #5903, #4090 ),
 .UNSPECIFIED., .F., .F.,
 ( 4, 2, 2, 2, 2, 2, 2, 2, 4 ),
 ( -1.000000000000000000, -0.8750000000000000000, -0.7500000000000000000, -0.6250000000000000000, -0.5000000000000000000, -0.3750000000000000000, -0.2500000000000000000, -0.1250000000000000000, -0.000000000000000000 ),
 .UNSPECIFIED. ) ;
#2367 = DIRECTION ( 'NONE',  ( -0.7071067811865475727, 0.000000000000000000, -0.7071067811865475727 ) ) ;
#2368 = CARTESIAN_POINT ( 'NONE',  ( 90.36891077168893105, 125.5000000000048601, -191.3037081241110684 ) ) ;
#2369 = EDGE_CURVE ( 'NONE', #4351, #3499, #5882, .T. ) ;
#2370 = AXIS2_PLACEMENT_3D ( 'NONE', #2700, #2242, #3622 ) ;
#2371 = LINE ( 'NONE', #1384, #4337 ) ;
#2372 = ORIENTED_EDGE ( 'NONE', *, *, #2270, .F. ) ;
#2373 = CARTESIAN_POINT ( 'NONE',  ( -168.2219140485004800, 43.40066631520362250, -113.4507048472995905 ) ) ;
#2374 = CARTESIAN_POINT ( 'NONE',  ( 60.00000000000000000, 123.0000000000000000, -199.1726188958000137 ) ) ;
#2375 = EDGE_CURVE ( 'NONE', #2118, #3195, #3140, .T. ) ;
#2376 = EDGE_CURVE ( 'NONE', #5080, #3741, #5375, .T. ) ;
#2377 = B_SPLINE_CURVE_WITH_KNOTS ( 'NONE', 3,
 ( #4073, #343, #3151, #2830, #430, #3636, #2715, #5517, #490, #6059, #2255, #6026, #1811, #836, #5542, #3696, #1320, #26 ),
 .UNSPECIFIED., .F., .F.,
 ( 4, 2, 2, 2, 2, 2, 2, 2, 4 ),
 ( -1.000000000000000000, -0.8750000000000000000, -0.7500000000000000000, -0.6250000000000000000, -0.5000000000000000000, -0.3750000000000000000, -0.2500000000000000000, -0.1250000000000000000, -0.000000000000000000 ),
 .UNSPECIFIED. ) ;
#2378 = CARTESIAN_POINT ( 'NONE',  ( 168.7302191111251943, 23.02349576871855064, -112.9423997846749188 ) ) ;
#2379 = ORIENTED_EDGE ( 'NONE', *, *, #1727, .T. ) ;
#2380 = ORIENTED_EDGE ( 'NONE', *, *, #3059, .T. ) ;
#2381 = CARTESIAN_POINT ( 'NONE',  ( 20.00000000000000000, 82.48305456232999688, -197.1726188958000137 ) ) ;
#2382 = CARTESIAN_POINT ( 'NONE',  ( -164.5243866176269876, 45.00000000000000000, -114.3198051533730109 ) ) ;
#2383 = CARTESIAN_POINT ( 'NONE',  ( 164.5243866176267886, 45.26179938779915801, -114.3198051533729824 ) ) ;
#2384 = EDGE_CURVE ( 'NONE', #2847, #3671, #3707, .T. ) ;
#2385 = DIRECTION ( 'NONE',  ( 5.551115123125777653E-14, -1.000000000000000000, -6.245004513516500491E-14 ) ) ;
#2386 = ORIENTED_EDGE ( 'NONE', *, *, #3202, .F. ) ;
#2387 = ORIENTED_EDGE ( 'NONE', *, *, #4367, .F. ) ;
#2388 = CARTESIAN_POINT ( 'NONE',  ( -21.00000000000000000, 58.60000000000000142, -197.1726188958000137 ) ) ;
#2389 = CARTESIAN_POINT ( 'NONE',  ( -83.87818931577204751, 9.500000000000108358, -182.9660024552778737 ) ) ;
#2390 = ORIENTED_EDGE ( 'NONE', *, *, #4569, .T. ) ;
#2391 = DIRECTION ( 'NONE',  ( -0.7071067811864976127, 0.000000000000000000, 0.7071067811865975328 ) ) ;
#2392 = CARTESIAN_POINT ( 'NONE',  ( 22.19999999999999929, 41.39999999999999858, -199.1726188958000137 ) ) ;
#2393 = ORIENTED_EDGE ( 'NONE', *, *, #5228, .F. ) ;
#2394 = DIRECTION ( 'NONE',  ( -2.368475785866998264E-13, 1.000000000000000000, -2.442490654175341865E-13 ) ) ;
#2395 = CARTESIAN_POINT ( 'NONE',  ( -73.00000000001539036, 9.499999999999953815, -107.2477373414999846 ) ) ;
#2396 = CARTESIAN_POINT ( 'NONE',  ( 60.00000000000000000, 12.00000000000000000, -197.1726188958000137 ) ) ;
#2397 = CIRCLE ( 'NONE', #2889, 2.000000000000001776 ) ;
#2398 = LINE ( 'NONE', #5530, #2182 ) ;
#2399 = ADVANCED_FACE ( 'NONE', ( #5772 ), #2487, .F. ) ;
#2400 = ORIENTED_EDGE ( 'NONE', *, *, #6058, .T. ) ;
#2401 = CARTESIAN_POINT ( 'NONE',  ( 164.5243866176269876, 90.00000000000000000, -114.3198051533730109 ) ) ;
#2402 = CARTESIAN_POINT ( 'NONE',  ( -167.3528137423729731, 45.00000000000000000, -111.4913780286270111 ) ) ;
#2403 = CIRCLE ( 'NONE', #1620, 2.000000000000001776 ) ;
#2404 = DIRECTION ( 'NONE',  ( 0.7071067811865475727, 0.000000000000000000, 0.7071067811865475727 ) ) ;
#2405 = CARTESIAN_POINT ( 'NONE',  ( 164.5243866176269876, 90.00000000000000000, -114.3198051533730109 ) ) ;
#2406 = EDGE_LOOP ( 'NONE', ( #5009, #1577, #844, #3111 ) ) ;
#2407 = ORIENTED_EDGE ( 'NONE', *, *, #2455, .F. ) ;
#2408 = CARTESIAN_POINT ( 'NONE',  ( -167.3528137423732005, 44.73820061220084909, -111.4913780286270395 ) ) ;
#2409 = EDGE_CURVE ( 'NONE', #880, #3079, #4021, .T. ) ;
#2410 = CIRCLE ( 'NONE', #1817, 2.999999999999988898 ) ;
#2411 = EDGE_CURVE ( 'NONE', #2807, #1881, #3466, .T. ) ;
#2412 = CYLINDRICAL_SURFACE ( 'NONE', #4014, 2.500000000000002220 ) ;
#2413 = AXIS2_PLACEMENT_3D ( 'NONE', #4779, #985, #1967 ) ;
#2414 = CARTESIAN_POINT ( 'NONE',  ( -168.0599205235999989, 92.00000000000000000, -110.7842712475000155 ) ) ;
#2415 = DIRECTION ( 'NONE',  ( 0.7071067811864976127, 0.000000000000000000, 0.7071067811865975328 ) ) ;
#2416 = CARTESIAN_POINT ( 'NONE',  ( 163.8172798364999778, 67.50000000000000000, -115.0269119346000082 ) ) ;
#2417 = ORIENTED_EDGE ( 'NONE', *, *, #2115, .F. ) ;
#2418 = ORIENTED_EDGE ( 'NONE', *, *, #5636, .T. ) ;
#2419 = CARTESIAN_POINT ( 'NONE',  ( 22.19999999999999929, 58.60000000000000142, -197.1726188958000137 ) ) ;
#2420 = DIRECTION ( 'NONE',  ( 0.7071067811865474617, 0.000000000000000000, 0.7071067811865474617 ) ) ;
#2421 = EDGE_LOOP ( 'NONE', ( #1855, #6016, #2054, #5528, #3462 ) ) ;
#2422 = CYLINDRICAL_SURFACE ( 'NONE', #2937, 1.200000000000011502 ) ;
#2423 = CARTESIAN_POINT ( 'NONE',  ( -168.7302191111252796, 45.52349576871857550, -112.9423997846749046 ) ) ;
#2424 = CARTESIAN_POINT ( 'NONE',  ( -166.6508249723090671, 24.24757277670852318, -112.1933667986910166 ) ) ;
#2425 = EDGE_LOOP ( 'NONE', ( #6005, #2846 ) ) ;
#2426 = AXIS2_PLACEMENT_3D ( 'NONE', #1697, #5845, #2590 ) ;
#2427 = EDGE_CURVE ( 'NONE', #4201, #5285, #1359, .T. ) ;
#2428 = CARTESIAN_POINT ( 'NONE',  ( 21.00000000000000000, 58.60000000000000142, -199.1726188958000137 ) ) ;
#2429 = FACE_OUTER_BOUND ( 'NONE', #3130, .T. ) ;
#2430 = DIRECTION ( 'NONE',  ( 0.7071067811864976127, 0.000000000000000000, 0.7071067811865975328 ) ) ;
#2431 = CYLINDRICAL_SURFACE ( 'NONE', #604, 9.000000000000007105 ) ;
#2432 = ORIENTED_EDGE ( 'NONE', *, *, #2081, .F. ) ;
#2433 = DIRECTION ( 'NONE',  ( -1.000000000000000000, 0.000000000000000000, 0.000000000000000000 ) ) ;
#2434 = CYLINDRICAL_SURFACE ( 'NONE', #1559, 2.500000000000010658 ) ;
#2435 = VECTOR ( 'NONE', #3672, 1000.000000000000114 ) ;
#2436 = PLANE ( 'NONE',  #50 ) ;
#2437 = CARTESIAN_POINT ( 'NONE',  ( 0.000000000000000000, 135.0000000000000000, 0.000000000000000000 ) ) ;
#2438 = ORIENTED_EDGE ( 'NONE', *, *, #2762, .T. ) ;
#2439 = AXIS2_PLACEMENT_3D ( 'NONE', #860, #890, #2280 ) ;
#2440 = ORIENTED_EDGE ( 'NONE', *, *, #612, .F. ) ;
#2441 = CARTESIAN_POINT ( 'NONE',  ( 168.7302191111251943, 90.52349576871856129, -112.9423997846749188 ) ) ;
#2442 = CARTESIAN_POINT ( 'NONE',  ( -169.4741340859000047, 24.50000000000000000, -112.1984848097999929 ) ) ;
#2443 = AXIS2_PLACEMENT_3D ( 'NONE', #5515, #1291, #5678 ) ;
#2444 = LINE ( 'NONE', #2938, #3123 ) ;
#2445 = LINE ( 'NONE', #2101, #4791 ) ;
#2446 = EDGE_CURVE ( 'NONE', #3471, #1731, #108, .T. ) ;
#2447 = DIRECTION ( 'NONE',  ( 0.7071067811865475727, 0.000000000000000000, 0.7071067811865475727 ) ) ;
#2448 = VERTEX_POINT ( 'NONE', #3438 ) ;
#2449 = EDGE_LOOP ( 'NONE', ( #4512, #851, #3587, #5869 ) ) ;
#2450 = CARTESIAN_POINT ( 'NONE',  ( -164.8077004861003729, 88.77090656005015035, -114.0364912848995260 ) ) ;
#2451 = CYLINDRICAL_SURFACE ( 'NONE', #2459, 3.000000000000019096 ) ;
#2452 = VERTEX_POINT ( 'NONE', #4363 ) ;
#2453 = CARTESIAN_POINT ( 'NONE',  ( 167.0694998738996446, 113.7290934399498212, -111.7746918971004675 ) ) ;
#2454 = CARTESIAN_POINT ( 'NONE',  ( -168.4837134362996665, 46.22909343994984965, -113.1889054595004893 ) ) ;
#2455 = EDGE_CURVE ( 'NONE', #5921, #2685, #5494, .T. ) ;
#2456 = CARTESIAN_POINT ( 'NONE',  ( -167.3160055487252862, 66.97650423128143871, -111.5281862222749396 ) ) ;
#2457 = ORIENTED_EDGE ( 'NONE', *, *, #5201, .T. ) ;
#2458 = AXIS2_PLACEMENT_3D ( 'NONE', #5106, #3765, #2356 ) ;
#2459 = AXIS2_PLACEMENT_3D ( 'NONE', #5318, #1429, #1983 ) ;
#2460 = ORIENTED_EDGE ( 'NONE', *, *, #1178, .T. ) ;
#2461 = CARTESIAN_POINT ( 'NONE',  ( 169.4741340859000047, 110.7500000000000000, -112.1984848097999929 ) ) ;
#2462 = FACE_OUTER_BOUND ( 'NONE', #4463, .T. ) ;
#2463 = EDGE_CURVE ( 'NONE', #4311, #4325, #3626, .T. ) ;
#2464 = CARTESIAN_POINT ( 'NONE',  ( -163.9056681840752390, 112.6250000000000000, -117.7669507117247889 ) ) ;
#2465 = ORIENTED_EDGE ( 'NONE', *, *, #1907, .T. ) ;
#2466 = CARTESIAN_POINT ( 'NONE',  ( -13.00000000000000000, 50.00000000000000000, -197.1726188958000137 ) ) ;
#2467 = LINE ( 'NONE', #5690, #474 ) ;
#2468 = CARTESIAN_POINT ( 'NONE',  ( -167.3160055487252862, 111.9765042312814245, -111.5281862222749396 ) ) ;
#2469 = LINE ( 'NONE', #2033, #272 ) ;
#2470 = CIRCLE ( 'NONE', #2967, 2.999999999999975131 ) ;
#2471 = B_SPLINE_CURVE_WITH_KNOTS ( 'NONE', 3,
 ( #1739, #5470, #1275, #3648, #2116, #4494, #5045, #1188, #3563, #2579, #1242, #818, #5017, #4459, #5899, #273, #3532, #3994 ),
 .UNSPECIFIED., .F., .F.,
 ( 4, 2, 2, 2, 2, 2, 2, 2, 4 ),
 ( -1.000000000000000000, -0.8750000000000000000, -0.7500000000000000000, -0.6250000000000000000, -0.5000000000000000000, -0.3750000000000000000, -0.2500000000000000000, -0.1250000000000000000, -0.000000000000000000 ),
 .UNSPECIFIED. ) ;
#2472 = CARTESIAN_POINT ( 'NONE',  ( -163.8172798364999778, 112.6250000000000000, -115.0269119346000082 ) ) ;
#2473 = ORIENTED_EDGE ( 'NONE', *, *, #4607, .F. ) ;
#2474 = EDGE_LOOP ( 'NONE', ( #1182, #1709, #1919, #896, #4208 ) ) ;
#2475 = CARTESIAN_POINT ( 'NONE',  ( -164.5611948112747598, 44.47650423128145292, -114.2829969597250681 ) ) ;
#2476 = AXIS2_PLACEMENT_3D ( 'NONE', #4295, #4171, #3743 ) ;
#2477 = CARTESIAN_POINT ( 'NONE',  ( 167.7229811503833616, 20.55205464666336468, -113.9496377454166804 ) ) ;
#2478 = LINE ( 'NONE', #2414, #3248 ) ;
#2479 = CARTESIAN_POINT ( 'NONE',  ( -162.4030662740769060, 90.00000000000000000, -116.4411254970230942 ) ) ;
#2480 = LINE ( 'NONE', #2044, #3053 ) ;
#2481 = ORIENTED_EDGE ( 'NONE', *, *, #2300, .T. ) ;
#2482 = EDGE_LOOP ( 'NONE', ( #2979, #3080, #2417, #5529 ) ) ;
#2483 = CARTESIAN_POINT ( 'NONE',  ( -167.7229811503833901, 65.55205464666336468, -113.9496377454166236 ) ) ;
#2484 = CARTESIAN_POINT ( 'NONE',  ( -171.5954544295000233, 135.0000000000000000, -107.2487373414999894 ) ) ;
#2485 = EDGE_CURVE ( 'NONE', #5242, #1529, #3405, .T. ) ;
#2486 = EDGE_LOOP ( 'NONE', ( #1168, #2879, #5836, #4949 ) ) ;
#2487 = CYLINDRICAL_SURFACE ( 'NONE', #1560, 9.000000000000007105 ) ;
#2488 = DIRECTION ( 'NONE',  ( -0.000000000000000000, -0.000000000000000000, -1.000000000000000000 ) ) ;
#2489 = DIRECTION ( 'NONE',  ( 0.7071067811864980568, 0.000000000000000000, -0.7071067811865969777 ) ) ;
#2490 = ORIENTED_EDGE ( 'NONE', *, *, #5837, .F. ) ;
#2491 = EDGE_CURVE ( 'NONE', #1762, #3828, #1985, .T. ) ;
#2492 = ORIENTED_EDGE ( 'NONE', *, *, #5870, .T. ) ;
#2493 = EDGE_CURVE ( 'NONE', #673, #5799, #2157, .T. ) ;
#2494 = CARTESIAN_POINT ( 'NONE',  ( -164.5611948112747598, 68.02349576871854708, -114.2829969597250823 ) ) ;
#2495 = CARTESIAN_POINT ( 'NONE',  ( 168.7302191111251943, 113.0234957687185613, -112.9423997846749188 ) ) ;
#2496 = EDGE_CURVE ( 'NONE', #2598, #3040, #5539, .T. ) ;
#2497 = APPLICATION_CONTEXT ( 'automotive_design' ) ;
#2498 = CARTESIAN_POINT ( 'NONE',  ( 168.0599205235999989, 88.00000000000000000, -110.7842712475000155 ) ) ;
#2499 = VERTEX_POINT ( 'NONE', #2049 ) ;
#2500 = DIRECTION ( 'NONE',  ( -1.000000000000000000, 0.000000000000000000, 0.000000000000000000 ) ) ;
#2501 = CARTESIAN_POINT ( 'NONE',  ( 167.0694998738995878, 43.77090656005017877, -111.7746918971004959 ) ) ;
#2502 = CARTESIAN_POINT ( 'NONE',  ( -167.1743207410276852, 111.4927620392581957, -111.6698710299724695 ) ) ;
#2503 = FACE_BOUND ( 'NONE', #3163, .T. ) ;
#2504 = AXIS2_PLACEMENT_3D ( 'NONE', #976, #2769, #2367 ) ;
#2505 = DIRECTION ( 'NONE',  ( 0.000000000000000000, -1.000000000000000000, 0.000000000000000000 ) ) ;
#2506 = ORIENTED_EDGE ( 'NONE', *, *, #4348, .T. ) ;
#2507 = LINE ( 'NONE', #5818, #2020 ) ;
#2508 = AXIS2_PLACEMENT_3D ( 'NONE', #3684, #1460, #47 ) ;
#2509 = CARTESIAN_POINT ( 'NONE',  ( 131.6439212925000106, 50.00000000000000000, -150.0286976033000030 ) ) ;
#2510 = CARTESIAN_POINT ( 'NONE',  ( 132.7655379076917370, 125.5000000000048601, -146.0786538633583973 ) ) ;
#2511 = CARTESIAN_POINT ( 'NONE',  ( 163.8172798364999778, 24.50000000000000000, -115.0269119346000082 ) ) ;
#2512 = ORIENTED_EDGE ( 'NONE', *, *, #2384, .T. ) ;
#2513 = ORIENTED_EDGE ( 'NONE', *, *, #4249, .T. ) ;
#2514 = DIRECTION ( 'NONE',  ( -0.7071067811865937580, 0.000000000000000000, -0.7071067811865012764 ) ) ;
#2515 = ORIENTED_EDGE ( 'NONE', *, *, #3840, .F. ) ;
#2516 = CARTESIAN_POINT ( 'NONE',  ( 22.19999999999999929, 58.60000000000000142, -199.1726188958000137 ) ) ;
#2517 = LINE ( 'NONE', #3961, #4230 ) ;
#2518 = VECTOR ( 'NONE', #3483, 1000.000000000000000 ) ;
#2519 = CARTESIAN_POINT ( 'NONE',  ( -164.5243866176267886, 67.23820061220087041, -114.3198051533729824 ) ) ;
#2520 = VERTEX_POINT ( 'NONE', #3932 ) ;
#2521 = PRODUCT_DEFINITION_CONTEXT ( 'detailed design', #2497, 'design' ) ;
#2522 = ORIENTED_EDGE ( 'NONE', *, *, #6051, .T. ) ;
#2523 = FACE_BOUND ( 'NONE', #6066, .T. ) ;
#2524 = CARTESIAN_POINT ( 'NONE',  ( 165.9754083736747532, 113.0234957687185613, -115.6972105221250615 ) ) ;
#2525 = EDGE_CURVE ( 'NONE', #3499, #4351, #4416, .T. ) ;
#2526 = ADVANCED_FACE ( 'NONE', ( #3101 ), #6010, .F. ) ;
#2527 = VECTOR ( 'NONE', #1998, 1000.000000000000000 ) ;
#2528 = FACE_OUTER_BOUND ( 'NONE', #1490, .T. ) ;
#2529 = ORIENTED_EDGE ( 'NONE', *, *, #748, .F. ) ;
#2530 = CARTESIAN_POINT ( 'NONE',  ( -167.7229811503833901, 88.05205464666337889, -113.9496377454166236 ) ) ;
#2531 = DIRECTION ( 'NONE',  ( -0.7071067811865477948, -0.000000000000000000, -0.7071067811865473507 ) ) ;
#2532 = CARTESIAN_POINT ( 'NONE',  ( 165.2314933988000121, 112.6250000000000000, -116.4411254970000016 ) ) ;
#2533 = LINE ( 'NONE', #1443, #3306 ) ;
#2534 = EDGE_CURVE ( 'NONE', #4748, #4101, #1420, .T. ) ;
#2535 = ADVANCED_FACE ( 'NONE', ( #3224 ), #787, .F. ) ;
#2536 = CARTESIAN_POINT ( 'NONE',  ( -156.5340799901999844, 58.60000000000000142, -125.1385389054999990 ) ) ;
#2537 = ORIENTED_EDGE ( 'NONE', *, *, #3580, .F. ) ;
#2538 = CARTESIAN_POINT ( 'NONE',  ( -166.6508249723090671, 43.25242722329147682, -112.1933667986910024 ) ) ;
#2539 = CARTESIAN_POINT ( 'NONE',  ( 168.7302191111252796, 21.97650423128144581, -112.9423997846749046 ) ) ;
#2540 = DIRECTION ( 'NONE',  ( -0.7071067811864980568, 0.000000000000000000, 0.7071067811865969777 ) ) ;
#2541 = AXIS2_PLACEMENT_3D ( 'NONE', #5751, #1535, #3911 ) ;
#2542 = EDGE_CURVE ( 'NONE', #725, #5776, #404, .T. ) ;
#2543 = CARTESIAN_POINT ( 'NONE',  ( -96.64213562372999888, 12.00000000000000000, -185.0304832719999979 ) ) ;
#2544 = ORIENTED_EDGE ( 'NONE', *, *, #5394, .F. ) ;
#2545 = ORIENTED_EDGE ( 'NONE', *, *, #2271, .F. ) ;
#2546 = DIRECTION ( 'NONE',  ( -0.7071067811865474617, 0.000000000000000000, 0.7071067811865474617 ) ) ;
#2547 = VECTOR ( 'NONE', #3694, 1000.000000000000114 ) ;
#2548 = ORIENTED_EDGE ( 'NONE', *, *, #1662, .T. ) ;
#2549 = DIRECTION ( 'NONE',  ( -0.7071067811864976127, 0.000000000000000000, -0.7071067811865975328 ) ) ;
#2550 = DIRECTION ( 'NONE',  ( -0.7071067811865975328, 0.000000000000000000, -0.7071067811864976127 ) ) ;
#2551 = CARTESIAN_POINT ( 'NONE',  ( -165.0694998738995025, 24.09933368479635618, -113.7746918971003964 ) ) ;
#2552 = EDGE_LOOP ( 'NONE', ( #3568, #3360, #2898, #1797 ) ) ;
#2553 = CARTESIAN_POINT ( 'NONE',  ( 165.9386001800268389, 45.26179938779915801, -115.7340187157730043 ) ) ;
#2554 = VERTEX_POINT ( 'NONE', #1682 ) ;
#2555 = FACE_BOUND ( 'NONE', #1678, .T. ) ;
#2556 = CARTESIAN_POINT ( 'NONE',  ( 167.7229811503833901, 114.4479453533366211, -113.9496377454166236 ) ) ;
#2557 = VECTOR ( 'NONE', #80, 1000.000000000000114 ) ;
#2558 = ORIENTED_EDGE ( 'NONE', *, *, #1656, .F. ) ;
#2559 = DIRECTION ( 'NONE',  ( 0.7071067811865475727, 0.000000000000000000, 0.7071067811865475727 ) ) ;
#2560 = CARTESIAN_POINT ( 'NONE',  ( -165.9386001800270094, 90.00000000000000000, -115.7340187157729900 ) ) ;
#2561 = ADVANCED_FACE ( 'NONE', ( #1794 ), #2238, .F. ) ;
#2562 = CARTESIAN_POINT ( 'NONE',  ( -165.5684327720165641, 110.5520546466633647, -113.2757589989833349 ) ) ;
#2563 = CARTESIAN_POINT ( 'NONE',  ( -166.6405889500909723, 114.2475727767085516, -115.0320299457089988 ) ) ;
#2564 = DIRECTION ( 'NONE',  ( 0.000000000000000000, 0.000000000000000000, 1.000000000000000000 ) ) ;
#2565 = ORIENTED_EDGE ( 'NONE', *, *, #1617, .F. ) ;
#2566 = CARTESIAN_POINT ( 'NONE',  ( -148.6144840409000096, 50.00000000000000000, -130.2297077301000172 ) ) ;
#2567 = DIRECTION ( 'NONE',  ( 0.7071067811864953923, 0.000000000000000000, 0.7071067811865995312 ) ) ;
#2568 = EDGE_CURVE ( 'NONE', #4837, #5380, #5377, .T. ) ;
#2569 = CARTESIAN_POINT ( 'NONE',  ( 13.00000000000000000, 50.00000000000000000, -197.1726188958000137 ) ) ;
#2570 = CARTESIAN_POINT ( 'NONE',  ( -165.2314933988000121, 22.50000000000000000, -116.4411254970000016 ) ) ;
#2571 = ORIENTED_EDGE ( 'NONE', *, *, #3173, .T. ) ;
#2572 = VERTEX_POINT ( 'NONE', #5553 ) ;
#2573 = VECTOR ( 'NONE', #3974, 1000.000000000000114 ) ;
#2574 = CARTESIAN_POINT ( 'NONE',  ( -82.50000000000000000, 135.0000000000000000, -199.1726188958000137 ) ) ;
#2575 = ORIENTED_EDGE ( 'NONE', *, *, #5718, .T. ) ;
#2576 = EDGE_CURVE ( 'NONE', #1111, #4903, #4289, .T. ) ;
#2577 = DIRECTION ( 'NONE',  ( 0.7071067811865975328, -1.421085471519993059E-14, -0.7071067811864976127 ) ) ;
#2578 = CARTESIAN_POINT ( 'NONE',  ( -168.7670273047729950, 22.50000000000000000, -112.9055915910270045 ) ) ;
#2579 = CARTESIAN_POINT ( 'NONE',  ( -165.7534800575766951, 114.4999999999999716, -113.0907117134232607 ) ) ;
#2580 = EDGE_LOOP ( 'NONE', ( #6020, #4064 ) ) ;
#2581 = ORIENTED_EDGE ( 'NONE', *, *, #3930, .F. ) ;
#2582 = FACE_OUTER_BOUND ( 'NONE', #446, .T. ) ;
#2583 = VERTEX_POINT ( 'NONE', #3675 ) ;
#2584 = FACE_BOUND ( 'NONE', #5462, .T. ) ;
#2585 = CARTESIAN_POINT ( 'NONE',  ( 166.6405889500909439, 114.2475727767085090, -115.0320299457089988 ) ) ;
#2586 = ORIENTED_EDGE ( 'NONE', *, *, #3211, .F. ) ;
#2587 = CYLINDRICAL_SURFACE ( 'NONE', #4509, 2.500000000000010658 ) ;
#2588 = CARTESIAN_POINT ( 'NONE',  ( -167.8242182631730941, 22.50000000000000355, -111.9627825494269047 ) ) ;
#2589 = CARTESIAN_POINT ( 'NONE',  ( 169.4741340859000047, 43.00000000000000000, -112.1984848097999929 ) ) ;
#2590 = DIRECTION ( 'NONE',  ( -0.7071067811865937580, 0.000000000000000000, 0.7071067811865012764 ) ) ;
#2591 = CARTESIAN_POINT ( 'NONE',  ( 165.2314933988000121, 90.00000000000000000, -116.4411254970000016 ) ) ;
#2592 = EDGE_CURVE ( 'NONE', #5114, #2786, #5570, .T. ) ;
#2593 = DIRECTION ( 'NONE',  ( -0.7071067811865475727, 0.000000000000000000, -0.7071067811865475727 ) ) ;
#2594 = CARTESIAN_POINT ( 'NONE',  ( 22.19999999999999929, 58.60000000000000142, -199.1726188958000137 ) ) ;
#2595 = CARTESIAN_POINT ( 'NONE',  ( 168.0599205235999989, 43.00000000000000000, -110.7842712475000155 ) ) ;
#2596 = VECTOR ( 'NONE', #2659, 1000.000000000000114 ) ;
#2597 = DIRECTION ( 'NONE',  ( 0.7071067811865475727, 0.000000000000000000, -0.7071067811865475727 ) ) ;
#2598 = VERTEX_POINT ( 'NONE', #817 ) ;
#2599 = ORIENTED_EDGE ( 'NONE', *, *, #5636, .F. ) ;
#2600 = EDGE_CURVE ( 'NONE', #4651, #1645, #355, .T. ) ;
#2601 = AXIS2_PLACEMENT_3D ( 'NONE', #400, #5540, #4967 ) ;
#2602 = DIRECTION ( 'NONE',  ( -0.7071067811866001973, 0.000000000000000000, 0.7071067811864948371 ) ) ;
#2603 = CARTESIAN_POINT ( 'NONE',  ( 164.5243866176269876, 112.5000000000000000, -114.3198051533730109 ) ) ;
#2604 = ORIENTED_EDGE ( 'NONE', *, *, #5914, .F. ) ;
#2605 = CARTESIAN_POINT ( 'NONE',  ( -167.7229811503833901, 110.5520546466633647, -113.9496377454166236 ) ) ;
#2606 = DIRECTION ( 'NONE',  ( 0.000000000000000000, 0.000000000000000000, 1.000000000000000000 ) ) ;
#2607 = DIRECTION ( 'NONE',  ( -0.7071067811865499042, 0.000000000000000000, -0.7071067811865451302 ) ) ;
#2608 = EDGE_LOOP ( 'NONE', ( #1140, #6065, #2390, #3591 ) ) ;
#2609 = ORIENTED_EDGE ( 'NONE', *, *, #5984, .F. ) ;
#2610 = ADVANCED_FACE ( 'NONE', ( #3646 ), #5526, .F. ) ;
#2611 = DIRECTION ( 'NONE',  ( 0.7071067811865474617, 0.000000000000000000, 0.7071067811865474617 ) ) ;
#2612 = CIRCLE ( 'NONE', #6038, 9.000000000000007105 ) ;
#2613 = VECTOR ( 'NONE', #1761, 1000.000000000000000 ) ;
#2614 = VERTEX_POINT ( 'NONE', #4609 ) ;
#2615 = VECTOR ( 'NONE', #3328, 1000.000000000000114 ) ;
#2616 = AXIS2_PLACEMENT_3D ( 'NONE', #2686, #3979, #3062 ) ;
#2617 = B_SPLINE_CURVE_WITH_KNOTS ( 'NONE', 3,
 ( #4986, #1863, #362, #6015 ),
 .UNSPECIFIED., .F., .F.,
 ( 4, 4 ),
 ( 0.000000000000000000, 1.000000000000000000 ),
 .UNSPECIFIED. ) ;
#2618 = CARTESIAN_POINT ( 'NONE',  ( -167.3528137424000022, 24.50000000000000000, -114.3198051534000115 ) ) ;
#2619 = ADVANCED_FACE ( 'NONE', ( #387 ), #2265, .F. ) ;
#2620 = CARTESIAN_POINT ( 'NONE',  ( 166.8077004861005150, 20.90066631520363671, -112.0364912848996255 ) ) ;
#2621 = DIRECTION ( 'NONE',  ( 0.7071067811865969777, -2.131628207279995426E-14, 0.7071067811864980568 ) ) ;
#2622 = CARTESIAN_POINT ( 'NONE',  ( 21.00000000000000000, 41.39999999999999858, -199.1726188958000137 ) ) ;
#2623 = DIRECTION ( 'NONE',  ( -1.387778780781444413E-14, -1.000000000000000000, -1.387778780781444413E-14 ) ) ;
#2624 = AXIS2_PLACEMENT_3D ( 'NONE', #2437, #5757, #4315 ) ;
#2625 = CARTESIAN_POINT ( 'NONE',  ( -40.06702755360861090, 125.5000000000047748, -188.6873375215614317 ) ) ;
#2626 = VERTEX_POINT ( 'NONE', #4229 ) ;
#2627 = LINE ( 'NONE', #2226, #3541 ) ;
#2628 = CARTESIAN_POINT ( 'NONE',  ( 21.00000000000000000, 58.60000000000000142, -197.1726188958000137 ) ) ;
#2629 = DIRECTION ( 'NONE',  ( -0.7071067811865475727, -0.000000000000000000, -0.7071067811865475727 ) ) ;
#2630 = ORIENTED_EDGE ( 'NONE', *, *, #4866, .F. ) ;
#2631 = VERTEX_POINT ( 'NONE', #5104 ) ;
#2632 = DIRECTION ( 'NONE',  ( 0.7071067811865475727, 0.000000000000000000, 0.7071067811865475727 ) ) ;
#2633 = FACE_BOUND ( 'NONE', #2580, .T. ) ;
#2634 = EDGE_LOOP ( 'NONE', ( #1425, #353, #1478, #5644 ) ) ;
#2635 = ADVANCED_FACE ( 'NONE', ( #5156 ), #932, .F. ) ;
#2636 = CARTESIAN_POINT ( 'NONE',  ( 164.9957911384268812, 45.00000000000000711, -114.7912096741730892 ) ) ;
#2637 = DIRECTION ( 'NONE',  ( -0.7071067811864976127, 0.000000000000000000, -0.7071067811865975328 ) ) ;
#2638 = CYLINDRICAL_SURFACE ( 'NONE', #1374, 1.999999999999992895 ) ;
#2639 = EDGE_LOOP ( 'NONE', ( #3821, #2856, #5301, #4153 ) ) ;
#2640 = ORIENTED_EDGE ( 'NONE', *, *, #3132, .T. ) ;
#2641 = CARTESIAN_POINT ( 'NONE',  ( 167.1743207410276568, 111.4927620392582099, -111.6698710299724553 ) ) ;
#2642 = AXIS2_PLACEMENT_3D ( 'NONE', #3240, #486, #5118 ) ;
#2643 = DIRECTION ( 'NONE',  ( 0.7071067811865975328, 0.000000000000000000, 0.7071067811864976127 ) ) ;
#2644 = EDGE_LOOP ( 'NONE', ( #4525, #4798 ) ) ;
#2645 = AXIS2_PLACEMENT_3D ( 'NONE', #4068, #4040, #216 ) ;
#2646 = AXIS2_PLACEMENT_3D ( 'NONE', #3616, #726, #5896 ) ;
#2647 = EDGE_CURVE ( 'NONE', #859, #1988, #5329, .T. ) ;
#2648 = CYLINDRICAL_SURFACE ( 'NONE', #2215, 1.200000000000011502 ) ;
#2649 = ADVANCED_FACE ( 'NONE', ( #5669 ), #414, .F. ) ;
#2650 = CARTESIAN_POINT ( 'NONE',  ( -163.9056681840752390, 112.6250000000000000, -117.7669507117247747 ) ) ;
#2651 = CARTESIAN_POINT ( 'NONE',  ( -165.2314933988000121, 45.00000000000000000, -116.4411254970000016 ) ) ;
#2652 = CARTESIAN_POINT ( 'NONE',  ( 164.5611948112747598, 44.47650423128143871, -114.2829969597250823 ) ) ;
#2653 = CYLINDRICAL_SURFACE ( 'NONE', #1899, 1.999999999999992895 ) ;
#2654 = EDGE_CURVE ( 'NONE', #4109, #883, #996, .T. ) ;
#2655 = DIRECTION ( 'NONE',  ( -0.7071067811865474617, 0.000000000000000000, 0.7071067811865474617 ) ) ;
#2656 = CARTESIAN_POINT ( 'NONE',  ( -21.00000000000000000, 58.60000000000000142, -199.1726188958000137 ) ) ;
#2657 = CARTESIAN_POINT ( 'NONE',  ( -96.99568901431999279, 123.0000000000000000, -181.8485027567000145 ) ) ;
#2658 = CIRCLE ( 'NONE', #5994, 1.200000000000001732 ) ;
#2659 = DIRECTION ( 'NONE',  ( 0.7071067811864976127, 0.000000000000000000, 0.7071067811865975328 ) ) ;
#2660 = AXIS2_PLACEMENT_3D ( 'NONE', #5164, #2763, #4149 ) ;
#2661 = CARTESIAN_POINT ( 'NONE',  ( 91.99950965930918301, 9.500000000000053291, -186.8446821117408092 ) ) ;
#2662 = EDGE_LOOP ( 'NONE', ( #2, #3886, #3344, #3854 ) ) ;
#2663 = ORIENTED_EDGE ( 'NONE', *, *, #3753, .F. ) ;
#2664 = FACE_BOUND ( 'NONE', #3526, .T. ) ;
#2665 = DIRECTION ( 'NONE',  ( 0.000000000000000000, -1.000000000000000000, 0.000000000000000000 ) ) ;
#2666 = ORIENTED_EDGE ( 'NONE', *, *, #682, .T. ) ;
#2667 = CARTESIAN_POINT ( 'NONE',  ( -168.2219140485004800, 110.9006663152036651, -113.4507048472995905 ) ) ;
#2668 = AXIS2_PLACEMENT_3D ( 'NONE', #5986, #5810, #2672 ) ;
#2669 = DIRECTION ( 'NONE',  ( -0.7071067811865475727, 0.000000000000000000, -0.7071067811865475727 ) ) ;
#2670 = VERTEX_POINT ( 'NONE', #4660 ) ;
#2671 = ORIENTED_EDGE ( 'NONE', *, *, #5977, .T. ) ;
#2672 = DIRECTION ( 'NONE',  ( -1.000000000000000000, 0.000000000000000000, 0.000000000000000000 ) ) ;
#2673 = EDGE_CURVE ( 'NONE', #5824, #3463, #3021, .T. ) ;
#2674 = CARTESIAN_POINT ( 'NONE',  ( 43.06702755367647484, 125.5000000000048601, -199.1726188958000137 ) ) ;
#2675 = ORIENTED_EDGE ( 'NONE', *, *, #3723, .F. ) ;
#2676 = DIRECTION ( 'NONE',  ( 0.7071067811865475727, 0.000000000000000000, -0.7071067811865475727 ) ) ;
#2677 = DIRECTION ( 'NONE',  ( 0.000000000000000000, 0.000000000000000000, 1.000000000000000000 ) ) ;
#2678 = VERTEX_POINT ( 'NONE', #5133 ) ;
#2679 = EDGE_CURVE ( 'NONE', #5614, #127, #1826, .T. ) ;
#2680 = EDGE_CURVE ( 'NONE', #2823, #4335, #441, .T. ) ;
#2681 = DIRECTION ( 'NONE',  ( 0.000000000000000000, 0.000000000000000000, 1.000000000000000000 ) ) ;
#2682 = CARTESIAN_POINT ( 'NONE',  ( -60.00000000000000000, 12.00000000000000000, -199.1726188958000137 ) ) ;
#2683 = CARTESIAN_POINT ( 'NONE',  ( 165.9386001800268104, 67.23820061220087041, -115.7340187157729758 ) ) ;
#2684 = CARTESIAN_POINT ( 'NONE',  ( -165.2314933988000121, 69.50000000000000000, -116.4411254970000016 ) ) ;
#2685 = VERTEX_POINT ( 'NONE', #2781 ) ;
#2686 = CARTESIAN_POINT ( 'NONE',  ( 96.36891077168891684, 125.5000000000048601, -197.3037081241110684 ) ) ;
#2687 = EDGE_CURVE ( 'NONE', #2614, #1262, #4100, .T. ) ;
#2688 = CARTESIAN_POINT ( 'NONE',  ( 169.4741340859000047, 43.00000000000000000, -112.1984848097999929 ) ) ;
#2689 = CARTESIAN_POINT ( 'NONE',  ( 153.4228101530000004, 58.60000000000000142, -125.4213816179999839 ) ) ;
#2690 = CARTESIAN_POINT ( 'NONE',  ( 166.2219140485003948, 43.77090656005017877, -115.4507048472995052 ) ) ;
#2691 = ORIENTED_EDGE ( 'NONE', *, *, #2798, .F. ) ;
#2692 = ORIENTED_EDGE ( 'NONE', *, *, #5830, .F. ) ;
#2693 = FACE_BOUND ( 'NONE', #2305, .T. ) ;
#2694 = ORIENTED_EDGE ( 'NONE', *, *, #339, .F. ) ;
#2695 = CARTESIAN_POINT ( 'NONE',  ( 164.5243866176269876, 45.00000000000000000, -114.3198051533730109 ) ) ;
#2696 = AXIS2_PLACEMENT_3D ( 'NONE', #5483, #4098, #4737 ) ;
#2697 = FACE_OUTER_BOUND ( 'NONE', #2639, .T. ) ;
#2698 = ORIENTED_EDGE ( 'NONE', *, *, #2983, .T. ) ;
#2699 = EDGE_LOOP ( 'NONE', ( #3878, #5184 ) ) ;
#2700 = CARTESIAN_POINT ( 'NONE',  ( -168.0599205235999989, 67.50000000000000000, -110.7842712475000155 ) ) ;
#2701 = FACE_OUTER_BOUND ( 'NONE', #3390, .T. ) ;
#2702 = ORIENTED_EDGE ( 'NONE', *, *, #3804, .T. ) ;
#2703 = AXIS2_PLACEMENT_3D ( 'NONE', #736, #2676, #2736 ) ;
#2704 = CARTESIAN_POINT ( 'NONE',  ( -155.6855518527999607, 58.60000000000000142, -125.9870670429999961 ) ) ;
#2705 = DIRECTION ( 'NONE',  ( 0.000000000000000000, 0.000000000000000000, -1.000000000000000000 ) ) ;
#2706 = EDGE_LOOP ( 'NONE', ( #4317, #4553, #4424, #2932 ) ) ;
#2707 = CIRCLE ( 'NONE', #2901, 3.000000000000019096 ) ;
#2708 = AXIS2_PLACEMENT_3D ( 'NONE', #1335, #5953, #3161 ) ;
#2709 = CARTESIAN_POINT ( 'NONE',  ( -62.50000000000000000, 123.0000000000000000, -199.1726188958000137 ) ) ;
#2710 = CARTESIAN_POINT ( 'NONE',  ( -167.3528137423729731, 22.50000000000000000, -111.4913780286270111 ) ) ;
#2711 = CARTESIAN_POINT ( 'NONE',  ( 169.4741340859000047, 112.6250000000000000, -112.1984848097999929 ) ) ;
#2712 = CARTESIAN_POINT ( 'NONE',  ( -165.2314933988000121, 90.00000000000000000, -116.4411254970000016 ) ) ;
#2713 = B_SPLINE_CURVE_WITH_KNOTS ( 'NONE', 3,
 ( #4684, #3698, #923, #5576, #3244, #898, #5124, #1847, #1788, #5519, #5546, #6002, #2315, #29, #3667, #5, #2803, #4160 ),
 .UNSPECIFIED., .F., .F.,
 ( 4, 2, 2, 2, 2, 2, 2, 2, 4 ),
 ( -1.000000000000000000, -0.8750000000000000000, -0.7500000000000000000, -0.6250000000000000000, -0.5000000000000000000, -0.3750000000000000000, -0.2500000000000000000, -0.1250000000000000000, -0.000000000000000000 ),
 .UNSPECIFIED. ) ;
#2714 = ORIENTED_EDGE ( 'NONE', *, *, #4752, .F. ) ;
#2715 = CARTESIAN_POINT ( 'NONE',  ( -166.6508249723090671, 46.74757277670852318, -112.1933667986910166 ) ) ;
#2716 = DIRECTION ( 'NONE',  ( 0.000000000000000000, -1.000000000000000000, 0.000000000000000000 ) ) ;
#2717 = FACE_OUTER_BOUND ( 'NONE', #1233, .T. ) ;
#2718 = EDGE_CURVE ( 'NONE', #275, #730, #3206, .T. ) ;
#2719 = EDGE_CURVE ( 'NONE', #2452, #2685, #530, .T. ) ;
#2720 = AXIS2_PLACEMENT_3D ( 'NONE', #3058, #3547, #5424 ) ;
#2721 = CARTESIAN_POINT ( 'NONE',  ( 125.4213816179999839, 58.60000000000000142, -153.4228101530000004 ) ) ;
#2722 = ORIENTED_EDGE ( 'NONE', *, *, #5652, .F. ) ;
#2723 = ORIENTED_EDGE ( 'NONE', *, *, #2169, .T. ) ;
#2724 = AXIS2_PLACEMENT_3D ( 'NONE', #4084, #5439, #1211 ) ;
#2725 = CARTESIAN_POINT ( 'NONE',  ( -100.1776695296999975, 123.0000000000000000, -181.4949493661000020 ) ) ;
#2726 = ORIENTED_EDGE ( 'NONE', *, *, #3474, .F. ) ;
#2727 = CARTESIAN_POINT ( 'NONE',  ( -166.4837134362994959, 110.9006663152036367, -115.1889054595003898 ) ) ;
#2728 = EDGE_CURVE ( 'NONE', #1304, #3270, #1366, .T. ) ;
#2729 = CARTESIAN_POINT ( 'NONE',  ( -125.4213816179999839, 58.60000000000000142, -153.4228101530000004 ) ) ;
#2730 = ORIENTED_EDGE ( 'NONE', *, *, #2680, .T. ) ;
#2731 = ORIENTED_EDGE ( 'NONE', *, *, #1955, .T. ) ;
#2732 = CARTESIAN_POINT ( 'NONE',  ( 166.6508249723090671, 110.7524272232914910, -112.1933667986910166 ) ) ;
#2733 = CARTESIAN_POINT ( 'NONE',  ( 166.9826463344166427, 88.05205464666337889, -114.6899725613833567 ) ) ;
#2734 = VECTOR ( 'NONE', #35, 1000.000000000000000 ) ;
#2735 = ORIENTED_EDGE ( 'NONE', *, *, #2647, .T. ) ;
#2736 = DIRECTION ( 'NONE',  ( -1.387778780781444413E-14, -1.000000000000000000, -1.387778780781444413E-14 ) ) ;
#2737 = DIRECTION ( 'NONE',  ( 0.000000000000000000, 0.000000000000000000, 1.000000000000000000 ) ) ;
#2738 = AXIS2_PLACEMENT_3D ( 'NONE', #5812, #2559, #3511 ) ;
#2739 = EDGE_LOOP ( 'NONE', ( #1901, #813 ) ) ;
#2740 = AXIS2_PLACEMENT_3D ( 'NONE', #1557, #1618, #1127 ) ;
#2741 = B_SPLINE_CURVE_WITH_KNOTS ( 'NONE', 3,
 ( #4155, #2683, #3177, #5089, #4128, #3087, #5996, #4592, #830, #5514, #861, #1783, #370, #3661, #6023, #740, #774, #1316 ),
 .UNSPECIFIED., .F., .F.,
 ( 4, 2, 2, 2, 2, 2, 2, 2, 4 ),
 ( -1.000000000000000000, -0.8750000000000000000, -0.7500000000000000000, -0.6250000000000000000, -0.5000000000000000000, -0.3750000000000000000, -0.2500000000000000000, -0.1250000000000000000, -0.000000000000000000 ),
 .UNSPECIFIED. ) ;
#2742 = CARTESIAN_POINT ( 'NONE',  ( 166.9826463344166427, 46.94794535333662822, -114.6899725613833283 ) ) ;
#2743 = DIRECTION ( 'NONE',  ( 0.000000000000000000, 0.000000000000000000, -1.000000000000000000 ) ) ;
#2744 = DIRECTION ( 'NONE',  ( 0.7071067811865475727, 0.000000000000000000, -0.7071067811865475727 ) ) ;
#2745 = CYLINDRICAL_SURFACE ( 'NONE', #3065, 3.000000000000002665 ) ;
#2746 = EDGE_CURVE ( 'NONE', #451, #1763, #1327, .T. ) ;
#2747 = DIRECTION ( 'NONE',  ( 0.7071067811865475727, 0.000000000000000000, -0.7071067811865475727 ) ) ;
#2748 = DIRECTION ( 'NONE',  ( -1.387778780781444413E-14, 1.000000000000000000, 0.000000000000000000 ) ) ;
#2749 = FACE_OUTER_BOUND ( 'NONE', #1147, .T. ) ;
#2750 = ORIENTED_EDGE ( 'NONE', *, *, #4823, .T. ) ;
#2751 = ORIENTED_EDGE ( 'NONE', *, *, #1878, .T. ) ;
#2752 = CIRCLE ( 'NONE', #2262, 2.000000000000001776 ) ;
#2753 = EDGE_CURVE ( 'NONE', #4748, #1905, #106, .T. ) ;
#2754 = DIRECTION ( 'NONE',  ( 1.000000000000000000, 0.000000000000000000, 0.000000000000000000 ) ) ;
#2755 = ORIENTED_EDGE ( 'NONE', *, *, #2986, .T. ) ;
#2756 = DIRECTION ( 'NONE',  ( -0.7071067811865476838, -0.000000000000000000, -0.7071067811865474617 ) ) ;
#2757 = AXIS2_PLACEMENT_3D ( 'NONE', #3577, #3606, #5094 ) ;
#2758 = DIRECTION ( 'NONE',  ( 0.7071067811865475727, 0.000000000000000000, 0.7071067811865475727 ) ) ;
#2759 = EDGE_LOOP ( 'NONE', ( #3833, #238, #2730, #1923 ) ) ;
#2760 = ORIENTED_EDGE ( 'NONE', *, *, #2988, .T. ) ;
#2761 = DIRECTION ( 'NONE',  ( 1.000000000000000000, 0.000000000000000000, 0.000000000000000000 ) ) ;
#2762 = EDGE_CURVE ( 'NONE', #3317, #663, #1025, .T. ) ;
#2763 = DIRECTION ( 'NONE',  ( 0.000000000000000000, 0.000000000000000000, -1.000000000000000000 ) ) ;
#2764 = ORIENTED_EDGE ( 'NONE', *, *, #3387, .T. ) ;
#2765 = AXIS2_PLACEMENT_3D ( 'NONE', #2297, #910, #4665 ) ;
#2766 = DIRECTION ( 'NONE',  ( -0.7071067811865475727, 0.000000000000000000, -0.7071067811865475727 ) ) ;
#2767 = ORIENTED_EDGE ( 'NONE', *, *, #3315, .F. ) ;
#2768 = LINE ( 'NONE', #6022, #3323 ) ;
#2769 = DIRECTION ( 'NONE',  ( 0.7071067811865475727, 0.000000000000000000, -0.7071067811865475727 ) ) ;
#2770 = FACE_OUTER_BOUND ( 'NONE', #2486, .T. ) ;
#2771 = DIRECTION ( 'NONE',  ( 0.7071067811865475727, 0.000000000000000000, 0.7071067811865475727 ) ) ;
#2772 = VERTEX_POINT ( 'NONE', #4448 ) ;
#2773 = CARTESIAN_POINT ( 'NONE',  ( 130.6442175641321057, 125.5000000000048601, -148.1999742069180286 ) ) ;
#2774 = CARTESIAN_POINT ( 'NONE',  ( 72.99999999998432543, 9.499999999999896971, -199.1726188958000421 ) ) ;
#2775 = PRODUCT_RELATED_PRODUCT_CATEGORY ( 'part', '', ( #497 ) ) ;
#2776 = CARTESIAN_POINT ( 'NONE',  ( -131.6439212925000106, 50.00000000000000000, -150.0286976033000030 ) ) ;
#2777 = VERTEX_POINT ( 'NONE', #1064 ) ;
#2778 = ORIENTED_EDGE ( 'NONE', *, *, #285, .T. ) ;
#2779 = FACE_BOUND ( 'NONE', #2644, .T. ) ;
#2780 = ORIENTED_EDGE ( 'NONE', *, *, #1125, .F. ) ;
#2781 = CARTESIAN_POINT ( 'NONE',  ( -95.22792206136000459, 123.0000000000000000, -183.6162697096999921 ) ) ;
#2782 = EDGE_CURVE ( 'NONE', #790, #703, #856, .T. ) ;
#2783 = EDGE_CURVE ( 'NONE', #662, #1240, #5092, .T. ) ;
#2784 = CARTESIAN_POINT ( 'NONE',  ( -168.0599205235999989, 69.50000000000000000, -110.7842712475000155 ) ) ;
#2785 = VERTEX_POINT ( 'NONE', #2510 ) ;
#2786 = VERTEX_POINT ( 'NONE', #2479 ) ;
#2787 = FACE_BOUND ( 'NONE', #5725, .T. ) ;
#2788 = CARTESIAN_POINT ( 'NONE',  ( -167.3528137423729731, 90.00000000000000000, -111.4913780286270111 ) ) ;
#2789 = ORIENTED_EDGE ( 'NONE', *, *, #118, .T. ) ;
#2790 = EDGE_CURVE ( 'NONE', #1356, #1303, #3036, .T. ) ;
#2791 = CARTESIAN_POINT ( 'NONE',  ( 96.36891077168891684, 125.5000000000048601, -197.3037081241110684 ) ) ;
#2792 = EDGE_CURVE ( 'NONE', #534, #5492, #1344, .T. ) ;
#2793 = CIRCLE ( 'NONE', #3773, 3.000000000000002665 ) ;
#2794 = CARTESIAN_POINT ( 'NONE',  ( -163.8172798364269056, 90.00000000000000000, -117.8553390593730938 ) ) ;
#2795 = CARTESIAN_POINT ( 'NONE',  ( 168.4837134362996665, 46.22909343994983544, -113.1889054595005035 ) ) ;
#2796 = CARTESIAN_POINT ( 'NONE',  ( 100.1776695296999975, 12.00000000000000000, -181.4949493661000020 ) ) ;
#2797 = CARTESIAN_POINT ( 'NONE',  ( 168.7670273047729950, 112.5000000000000000, -112.9055915910270045 ) ) ;
#2798 = EDGE_CURVE ( 'NONE', #730, #275, #1640, .T. ) ;
#2799 = B_SPLINE_CURVE_WITH_KNOTS ( 'NONE', 3,
 ( #3383, #121, #4404, #2061, #3025, #1169, #1502, #2530, #554, #3476, #215, #1051, #3417, #1085, #586, #678, #3849, #1995 ),
 .UNSPECIFIED., .F., .F.,
 ( 4, 2, 2, 2, 2, 2, 2, 2, 4 ),
 ( -1.000000000000000000, -0.8750000000000000000, -0.7500000000000000000, -0.6250000000000000000, -0.5000000000000000000, -0.3750000000000000000, -0.2500000000000000000, -0.1250000000000000000, -0.000000000000000000 ),
 .UNSPECIFIED. ) ;
#2800 = CARTESIAN_POINT ( 'NONE',  ( 163.8172798364269056, 45.00000000000000000, -117.8553390593730938 ) ) ;
#2801 = VERTEX_POINT ( 'NONE', #5820 ) ;
#2802 = CARTESIAN_POINT ( 'NONE',  ( 165.7534800575767235, 92.00000000000000000, -113.0907117134232465 ) ) ;
#2803 = CARTESIAN_POINT ( 'NONE',  ( 168.7670273047731939, 112.2382006122008704, -112.9055915910270187 ) ) ;
#2804 = AXIS2_PLACEMENT_3D ( 'NONE', #5513, #5042, #3613 ) ;
#2805 = CIRCLE ( 'NONE', #347, 2.500000000000002220 ) ;
#2806 = DIRECTION ( 'NONE',  ( 0.7071067811865475727, 0.000000000000000000, -0.7071067811865475727 ) ) ;
#2807 = VERTEX_POINT ( 'NONE', #1514 ) ;
#2808 = ORIENTED_EDGE ( 'NONE', *, *, #450, .T. ) ;
#2809 = FACE_BOUND ( 'NONE', #3536, .T. ) ;
#2810 = FACE_OUTER_BOUND ( 'NONE', #4910, .T. ) ;
#2811 = B_SPLINE_CURVE_WITH_KNOTS ( 'NONE', 3,
 ( #1532, #3781, #5300, #4310 ),
 .UNSPECIFIED., .F., .F.,
 ( 4, 4 ),
 ( 0.000000000000000000, 1.000000000000000000 ),
 .UNSPECIFIED. ) ;
#2812 = CARTESIAN_POINT ( 'NONE',  ( 163.9056681840752390, 112.6250000000000000, -117.7669507117247889 ) ) ;
#2813 = DIRECTION ( 'NONE',  ( 0.7071067811865475727, -5.359248925658726328E-15, 0.7071067811865475727 ) ) ;
#2814 = ORIENTED_EDGE ( 'NONE', *, *, #122, .F. ) ;
#2815 = ORIENTED_EDGE ( 'NONE', *, *, #6083, .F. ) ;
#2816 = DIRECTION ( 'NONE',  ( -1.000000000000000000, 0.000000000000000000, 0.000000000000000000 ) ) ;
#2817 = CIRCLE ( 'NONE', #2330, 2.000000000000001776 ) ;
#2818 = CARTESIAN_POINT ( 'NONE',  ( 167.7229811503833616, 88.05205464666336468, -113.9496377454166804 ) ) ;
#2819 = EDGE_CURVE ( 'NONE', #3565, #5014, #4773, .T. ) ;
#2820 = EDGE_LOOP ( 'NONE', ( #4702, #2515, #602, #4498 ) ) ;
#2821 = CARTESIAN_POINT ( 'NONE',  ( 169.4741340859000047, 69.50000000000000000, -112.1984848097999929 ) ) ;
#2822 = PRODUCT_CONTEXT ( 'NONE', #3953, 'mechanical' ) ;
#2823 = VERTEX_POINT ( 'NONE', #5793 ) ;
#2824 = EDGE_CURVE ( 'NONE', #3848, #3471, #2445, .T. ) ;
#2825 = DIRECTION ( 'NONE',  ( 1.000000000000000000, 0.000000000000000000, 0.000000000000000000 ) ) ;
#2826 = EDGE_CURVE ( 'NONE', #1845, #2631, #5730, .T. ) ;
#2827 = DIRECTION ( 'NONE',  ( 0.7071067811865475727, 5.359248925637517014E-15, 0.7071067811865475727 ) ) ;
#2828 = DIRECTION ( 'NONE',  ( -0.7071067811865475727, 0.000000000000000000, -0.7071067811865475727 ) ) ;
#2829 = AXIS2_PLACEMENT_3D ( 'NONE', #650, #184, #2963 ) ;
#2830 = CARTESIAN_POINT ( 'NONE',  ( -167.1743207410276568, 46.00723796074179717, -111.6698710299724553 ) ) ;
#2831 = VECTOR ( 'NONE', #2677, 1000.000000000000000 ) ;
#2832 = EDGE_LOOP ( 'NONE', ( #4482, #4896 ) ) ;
#2833 = CARTESIAN_POINT ( 'NONE',  ( 167.3528137423729731, 90.00000000000000000, -111.4913780286270111 ) ) ;
#2834 = EDGE_CURVE ( 'NONE', #5901, #5136, #3893, .T. ) ;
#2835 = CARTESIAN_POINT ( 'NONE',  ( 100.1776695296999975, 123.0000000000000000, -181.4949493661000020 ) ) ;
#2836 = VECTOR ( 'NONE', #2621, 1000.000000000000000 ) ;
#2837 = AXIS2_PLACEMENT_3D ( 'NONE', #138, #233, #4833 ) ;
#2838 = FACE_OUTER_BOUND ( 'NONE', #1439, .T. ) ;
#2839 = ORIENTED_EDGE ( 'NONE', *, *, #3315, .T. ) ;
#2840 = ORIENTED_EDGE ( 'NONE', *, *, #5128, .T. ) ;
#2841 = DIRECTION ( 'NONE',  ( 1.000000000000000000, 0.000000000000000000, 0.000000000000000000 ) ) ;
#2842 = DIRECTION ( 'NONE',  ( -0.7071067811865995312, 0.000000000000000000, -0.7071067811864953923 ) ) ;
#2843 = CARTESIAN_POINT ( 'NONE',  ( -163.8172798364999778, 67.50000000000000000, -115.0269119346000082 ) ) ;
#2844 = VECTOR ( 'NONE', #3408, 1000.000000000000114 ) ;
#2845 = DIRECTION ( 'NONE',  ( 2.368475785866998264E-13, 1.000000000000000000, -2.368475785866998264E-13 ) ) ;
#2846 = ORIENTED_EDGE ( 'NONE', *, *, #1877, .T. ) ;
#2847 = VERTEX_POINT ( 'NONE', #131 ) ;
#2848 = FACE_BOUND ( 'NONE', #2969, .T. ) ;
#2849 = CARTESIAN_POINT ( 'NONE',  ( -163.8172798364269056, 22.50000000000000000, -117.8553390593730938 ) ) ;
#2850 = ORIENTED_EDGE ( 'NONE', *, *, #4374, .F. ) ;
#2851 = AXIS2_PLACEMENT_3D ( 'NONE', #344, #3550, #3091 ) ;
#2852 = DIRECTION ( 'NONE',  ( -0.7071067811866001973, 0.000000000000000000, 0.7071067811864948371 ) ) ;
#2853 = DIRECTION ( 'NONE',  ( -0.7071067811865476838, -0.000000000000000000, -0.7071067811865474617 ) ) ;
#2854 =( LENGTH_UNIT ( ) NAMED_UNIT ( * ) SI_UNIT ( .MILLI., .METRE. ) );
#2855 = EDGE_CURVE ( 'NONE', #5651, #4359, #2123, .T. ) ;
#2856 = ORIENTED_EDGE ( 'NONE', *, *, #1808, .T. ) ;
#2857 = CIRCLE ( 'NONE', #493, 1.199999999999999734 ) ;
#2858 = DIRECTION ( 'NONE',  ( 0.7071067811865475727, 0.000000000000000000, -0.7071067811865475727 ) ) ;
#2859 = CARTESIAN_POINT ( 'NONE',  ( -165.2314933988000121, 112.6250000000000000, -116.4411254970000016 ) ) ;
#2860 = CARTESIAN_POINT ( 'NONE',  ( -123.7243253431999932, 58.60000000000000142, -155.1198664278999786 ) ) ;
#2861 = EDGE_CURVE ( 'NONE', #990, #2014, #975, .T. ) ;
#2862 = AXIS2_PLACEMENT_3D ( 'NONE', #3752, #3212, #1785 ) ;
#2863 = EDGE_CURVE ( 'NONE', #4053, #1245, #5558, .T. ) ;
#2864 = DIRECTION ( 'NONE',  ( -0.7071067811865474617, 0.000000000000000000, 0.7071067811865474617 ) ) ;
#2865 = VERTEX_POINT ( 'NONE', #4946 ) ;
#2866 = CARTESIAN_POINT ( 'NONE',  ( -165.9754083736747532, 44.47650423128144581, -115.6972105221250615 ) ) ;
#2867 = CARTESIAN_POINT ( 'NONE',  ( -37.06702755360860380, 125.5000000000047748, -199.1726188958000137 ) ) ;
#2868 = FACE_BOUND ( 'NONE', #5397, .T. ) ;
#2869 = EDGE_CURVE ( 'NONE', #5963, #5799, #1642, .T. ) ;
#2870 = DIRECTION ( 'NONE',  ( -1.000000000000000000, 0.000000000000000000, 0.000000000000000000 ) ) ;
#2871 = ORIENTED_EDGE ( 'NONE', *, *, #3738, .T. ) ;
#2872 = VERTEX_POINT ( 'NONE', #3066 ) ;
#2873 = DIRECTION ( 'NONE',  ( -0.7071067811864976127, 0.000000000000000000, 0.7071067811865975328 ) ) ;
#2874 = CARTESIAN_POINT ( 'NONE',  ( -165.2314933988000121, 67.50000000000000000, -116.4411254970000016 ) ) ;
#2875 = CARTESIAN_POINT ( 'NONE',  ( 164.5243866176269876, 67.50000000000000000, -114.3198051533730109 ) ) ;
#2876 = DIRECTION ( 'NONE',  ( -1.387778780781444413E-14, 1.000000000000000000, -1.387778780781444413E-14 ) ) ;
#2877 = DIRECTION ( 'NONE',  ( -0.7071067811865474617, 0.000000000000000000, 0.7071067811865474617 ) ) ;
#2878 = ORIENTED_EDGE ( 'NONE', *, *, #1236, .F. ) ;
#2879 = ORIENTED_EDGE ( 'NONE', *, *, #3022, .T. ) ;
#2880 = DIRECTION ( 'NONE',  ( 0.000000000000000000, 0.000000000000000000, -1.000000000000000000 ) ) ;
#2881 = LINE ( 'NONE', #967, #886 ) ;
#2882 = ORIENTED_EDGE ( 'NONE', *, *, #340, .T. ) ;
#2883 = FACE_OUTER_BOUND ( 'NONE', #1078, .T. ) ;
#2884 = DIRECTION ( 'NONE',  ( 0.7071067811865475727, 0.000000000000000000, -0.7071067811865475727 ) ) ;
#2885 = ORIENTED_EDGE ( 'NONE', *, *, #1109, .T. ) ;
#2886 = FACE_OUTER_BOUND ( 'NONE', #3185, .T. ) ;
#2887 = LINE ( 'NONE', #6081, #5068 ) ;
#2888 = DIRECTION ( 'NONE',  ( 0.000000000000000000, 0.000000000000000000, -1.000000000000000000 ) ) ;
#2889 = AXIS2_PLACEMENT_3D ( 'NONE', #5606, #433, #4626 ) ;
#2890 = LINE ( 'NONE', #4774, #5221 ) ;
#2891 = ORIENTED_EDGE ( 'NONE', *, *, #4144, .T. ) ;
#2892 = DIRECTION ( 'NONE',  ( 0.7071067811865003883, 0.000000000000000000, -0.7071067811865947572 ) ) ;
#2893 = DIRECTION ( 'NONE',  ( 0.7071067811865475727, 0.000000000000000000, 0.7071067811865475727 ) ) ;
#2894 = EDGE_CURVE ( 'NONE', #1762, #1304, #2469, .T. ) ;
#2895 = VECTOR ( 'NONE', #2853, 1000.000000000000000 ) ;
#2896 = FACE_BOUND ( 'NONE', #1250, .T. ) ;
#2897 = LINE ( 'NONE', #5241, #755 ) ;
#2898 = ORIENTED_EDGE ( 'NONE', *, *, #2861, .F. ) ;
#2899 = ORIENTED_EDGE ( 'NONE', *, *, #5425, .T. ) ;
#2900 = CARTESIAN_POINT ( 'NONE',  ( -167.3528137423729731, 45.00000000000000000, -111.4913780286270111 ) ) ;
#2901 = AXIS2_PLACEMENT_3D ( 'NONE', #5433, #2629, #4449 ) ;
#2902 = DIRECTION ( 'NONE',  ( 1.000000000000000000, 0.000000000000000000, 0.000000000000000000 ) ) ;
#2903 = ADVANCED_FACE ( 'NONE', ( #5754 ), #3852, .F. ) ;
#2904 = VECTOR ( 'NONE', #13, 1000.000000000000114 ) ;
#2905 = DIRECTION ( 'NONE',  ( -0.7071067811865475727, 0.000000000000000000, -0.7071067811865475727 ) ) ;
#2906 = ADVANCED_FACE ( 'NONE', ( #3452, #2896, #4379, #1055, #5785, #1014, #2503, #2930, #5273, #4814, #3818, #5305, #1089, #2868, #2966, #3914, #3882 ), #1575, .T. ) ;
#2907 = AXIS2_PLACEMENT_3D ( 'NONE', #1394, #1909, #4253 ) ;
#2908 = DIRECTION ( 'NONE',  ( -0.7071067811865474617, 0.000000000000000000, 0.7071067811865474617 ) ) ;
#2909 = CARTESIAN_POINT ( 'NONE',  ( 43.06702755367647484, 125.5000000000048601, -188.6873375215614317 ) ) ;
#2910 = ORIENTED_EDGE ( 'NONE', *, *, #2824, .F. ) ;
#2911 = ORIENTED_EDGE ( 'NONE', *, *, #2718, .F. ) ;
#2912 = LINE ( 'NONE', #1124, #899 ) ;
#2913 = PLANE ( 'NONE',  #4036 ) ;
#2914 = ORIENTED_EDGE ( 'NONE', *, *, #3965, .F. ) ;
#2915 = ADVANCED_FACE ( 'NONE', ( #4408 ), #5692, .F. ) ;
#2916 = CARTESIAN_POINT ( 'NONE',  ( -155.6855518527999607, 58.60000000000000142, -125.9870670429999961 ) ) ;
#2917 = DIRECTION ( 'NONE',  ( -0.7071067811865474617, 0.000000000000000000, 0.7071067811865474617 ) ) ;
#2918 = CARTESIAN_POINT ( 'NONE',  ( 173.0096679918999882, 135.0000000000000000, -108.6629509039000112 ) ) ;
#2919 = ORIENTED_EDGE ( 'NONE', *, *, #826, .T. ) ;
#2920 = AXIS2_PLACEMENT_3D ( 'NONE', #5033, #5484, #4471 ) ;
#2921 = VECTOR ( 'NONE', #166, 1000.000000000000000 ) ;
#2922 = DIRECTION ( 'NONE',  ( 0.000000000000000000, 0.000000000000000000, -1.000000000000000000 ) ) ;
#2923 = FACE_OUTER_BOUND ( 'NONE', #5463, .T. ) ;
#2924 = CARTESIAN_POINT ( 'NONE',  ( -167.3528137423732005, 22.23820061220085265, -111.4913780286270395 ) ) ;
#2925 = CARTESIAN_POINT ( 'NONE',  ( -165.9386001800270094, 45.00000000000000000, -115.7340187157729900 ) ) ;
#2926 = ORIENTED_EDGE ( 'NONE', *, *, #1423, .F. ) ;
#2927 = LINE ( 'NONE', #4345, #684 ) ;
#2928 = DIRECTION ( 'NONE',  ( 0.7071067811865475727, 0.000000000000000000, -0.7071067811865475727 ) ) ;
#2929 = CARTESIAN_POINT ( 'NONE',  ( -165.2314933988000121, 69.50000000000000000, -116.4411254970000016 ) ) ;
#2930 = FACE_BOUND ( 'NONE', #2832, .T. ) ;
#2931 = CARTESIAN_POINT ( 'NONE',  ( 166.4837134362994959, 24.09933368479636684, -115.1889054595003898 ) ) ;
#2932 = ORIENTED_EDGE ( 'NONE', *, *, #5130, .T. ) ;
#2933 = VECTOR ( 'NONE', #2611, 1000.000000000000114 ) ;
#2934 = EDGE_LOOP ( 'NONE', ( #4005, #5767, #1391, #5326 ) ) ;
#2935 = DIRECTION ( 'NONE',  ( -0.000000000000000000, -0.000000000000000000, -1.000000000000000000 ) ) ;
#2936 = CARTESIAN_POINT ( 'NONE',  ( 57.50000000000000000, 123.0000000000000000, -199.1726188958000137 ) ) ;
#2937 = AXIS2_PLACEMENT_3D ( 'NONE', #2916, #5708, #4621 ) ;
#2938 = CARTESIAN_POINT ( 'NONE',  ( -154.8370237153999938, 58.60000000000000142, -126.8355951803999915 ) ) ;
#2939 = DIRECTION ( 'NONE',  ( 0.7071067811864976127, 0.000000000000000000, -0.7071067811865975328 ) ) ;
#2940 = DIRECTION ( 'NONE',  ( 0.000000000000000000, 0.000000000000000000, -1.000000000000000000 ) ) ;
#2941 = ORIENTED_EDGE ( 'NONE', *, *, #5532, .F. ) ;
#2942 = ORIENTED_EDGE ( 'NONE', *, *, #6051, .F. ) ;
#2943 = ADVANCED_FACE ( 'NONE', ( #5335 ), #5239, .F. ) ;
#2944 = ADVANCED_FACE ( 'NONE', ( #4278 ), #2436, .T. ) ;
#2945 = CARTESIAN_POINT ( 'NONE',  ( -169.4741340859000047, 90.00000000000000000, -112.1984848097999929 ) ) ;
#2946 = CARTESIAN_POINT ( 'NONE',  ( -4.000000000000000000, 50.00000000000000000, -199.1726188958000137 ) ) ;
#2947 = ORIENTED_EDGE ( 'NONE', *, *, #1916, .F. ) ;
#2948 = DIRECTION ( 'NONE',  ( 0.7071067811865475727, 0.000000000000000000, 0.7071067811865475727 ) ) ;
#2949 = CARTESIAN_POINT ( 'NONE',  ( 164.5243866176269876, 45.00000000000000000, -114.3198051533730109 ) ) ;
#2950 = EDGE_CURVE ( 'NONE', #3910, #1479, #1539, .T. ) ;
#2951 = CARTESIAN_POINT ( 'NONE',  ( -165.9386001800270094, 22.50000000000000000, -115.7340187157729900 ) ) ;
#2952 = EDGE_LOOP ( 'NONE', ( #3401, #983, #1165, #4602 ) ) ;
#2953 = AXIS2_PLACEMENT_3D ( 'NONE', #513, #4180, #2825 ) ;
#2954 = CIRCLE ( 'NONE', #5601, 1.875000000000001776 ) ;
#2955 = AXIS2_PLACEMENT_3D ( 'NONE', #874, #4605, #4632 ) ;
#2956 = EDGE_LOOP ( 'NONE', ( #5854, #2735, #2714, #4575 ) ) ;
#2957 = CARTESIAN_POINT ( 'NONE',  ( -164.7028796189723323, 68.50723796074180427, -114.1413121520275240 ) ) ;
#2958 = CARTESIAN_POINT ( 'NONE',  ( 168.2219140485004800, 114.0993336847963633, -113.4507048472995905 ) ) ;
#2959 = AXIS2_PLACEMENT_3D ( 'NONE', #3901, #2550, #4764 ) ;
#2960 = CARTESIAN_POINT ( 'NONE',  ( 156.5340799901999844, 41.39999999999999858, -125.1385389054999990 ) ) ;
#2961 = B_SPLINE_CURVE_WITH_KNOTS ( 'NONE', 3,
 ( #5876, #1665, #3085, #4965, #738, #2620, #771, #4039, #1222, #4999, #4532, #4067, #5936, #3600, #4181, #4212, #3236, #1347 ),
 .UNSPECIFIED., .F., .F.,
 ( 4, 2, 2, 2, 2, 2, 2, 2, 4 ),
 ( -1.000000000000000000, -0.8750000000000000000, -0.7500000000000000000, -0.6250000000000000000, -0.5000000000000000000, -0.3750000000000000000, -0.2500000000000000000, -0.1250000000000000000, -0.000000000000000000 ),
 .UNSPECIFIED. ) ;
#2962 = ORIENTED_EDGE ( 'NONE', *, *, #5868, .F. ) ;
#2963 = DIRECTION ( 'NONE',  ( 1.387778780781444413E-14, -1.000000000000000000, 0.000000000000000000 ) ) ;
#2964 = FACE_OUTER_BOUND ( 'NONE', #3126, .T. ) ;
#2965 = CARTESIAN_POINT ( 'NONE',  ( -62.50000000000000000, 123.0000000000000000, -197.1726188958000137 ) ) ;
#2966 = FACE_BOUND ( 'NONE', #2037, .T. ) ;
#2967 = AXIS2_PLACEMENT_3D ( 'NONE', #1743, #1248, #3651 ) ;
#2968 = PLANE ( 'NONE',  #2624 ) ;
#2969 = EDGE_LOOP ( 'NONE', ( #956, #1801 ) ) ;
#2970 = DIRECTION ( 'NONE',  ( 0.7071067811865451302, 0.000000000000000000, -0.7071067811865497932 ) ) ;
#2971 = CIRCLE ( 'NONE', #705, 3.000000000000019096 ) ;
#2972 = FACE_OUTER_BOUND ( 'NONE', #3047, .T. ) ;
#2973 = DIRECTION ( 'NONE',  ( 1.000000000000000000, 0.000000000000000000, 0.000000000000000000 ) ) ;
#2974 = LINE ( 'NONE', #132, #3780 ) ;
#2975 = ORIENTED_EDGE ( 'NONE', *, *, #2792, .T. ) ;
#2976 = ORIENTED_EDGE ( 'NONE', *, *, #1332, .T. ) ;
#2977 = CARTESIAN_POINT ( 'NONE',  ( -166.6405889500909439, 65.75242722329149103, -115.0320299457089988 ) ) ;
#2978 = FACE_OUTER_BOUND ( 'NONE', #3533, .T. ) ;
#2979 = ORIENTED_EDGE ( 'NONE', *, *, #3723, .T. ) ;
#2980 = EDGE_CURVE ( 'NONE', #4165, #2872, #4654, .T. ) ;
#2981 = CARTESIAN_POINT ( 'NONE',  ( 166.3087675879833682, 114.4479453533366353, -112.5354241830166586 ) ) ;
#2982 = DIRECTION ( 'NONE',  ( -0.7071067811865475727, 0.000000000000000000, -0.7071067811865475727 ) ) ;
#2983 = EDGE_CURVE ( 'NONE', #27, #5894, #3689, .T. ) ;
#2984 = CARTESIAN_POINT ( 'NONE',  ( -165.0694998738995309, 65.90066631520365092, -113.7746918971003964 ) ) ;
#2985 = ORIENTED_EDGE ( 'NONE', *, *, #2375, .F. ) ;
#2986 = EDGE_CURVE ( 'NONE', #1570, #1731, #1504, .T. ) ;
#2987 = EDGE_LOOP ( 'NONE', ( #1836, #4611, #1972, #3009 ) ) ;
#2988 = EDGE_CURVE ( 'NONE', #5671, #3758, #2065, .T. ) ;
#2989 = FACE_BOUND ( 'NONE', #5634, .T. ) ;
#2990 = CARTESIAN_POINT ( 'NONE',  ( -166.1237203024233224, 20.49999999999999645, -112.7204714685767328 ) ) ;
#2991 = DIRECTION ( 'NONE',  ( -1.480297366166873915E-14, -1.000000000000000000, -1.480297366166873915E-14 ) ) ;
#2992 = EDGE_LOOP ( 'NONE', ( #615, #1432 ) ) ;
#2993 = DIRECTION ( 'NONE',  ( 0.7071067811865475727, 0.000000000000000000, 0.7071067811865475727 ) ) ;
#2994 = CARTESIAN_POINT ( 'NONE',  ( -162.4914546217252109, 112.6250000000000000, -116.3527371493747751 ) ) ;
#2995 = PLANE ( 'NONE',  #4940 ) ;
#2996 = EDGE_CURVE ( 'NONE', #451, #498, #2533, .T. ) ;
#2997 = CARTESIAN_POINT ( 'NONE',  ( 168.2956227839730730, 22.49999999999999289, -112.4341870702269119 ) ) ;
#2998 = STYLED_ITEM ( 'NONE', ( #5961 ), #2286 ) ;
#2999 = CARTESIAN_POINT ( 'NONE',  ( -165.2314933988000121, 22.50000000000000000, -116.4411254970000016 ) ) ;
#3000 = ORIENTED_EDGE ( 'NONE', *, *, #5280, .T. ) ;
#3001 = LINE ( 'NONE', #3424, #2518 ) ;
#3002 = VECTOR ( 'NONE', #3655, 1000.000000000000114 ) ;
#3003 = CARTESIAN_POINT ( 'NONE',  ( 166.4837134362994959, 20.90066631520364027, -115.1889054595003756 ) ) ;
#3004 = DIRECTION ( 'NONE',  ( 0.000000000000000000, 0.000000000000000000, -1.000000000000000000 ) ) ;
#3005 = FACE_OUTER_BOUND ( 'NONE', #3798, .T. ) ;
#3006 = EDGE_LOOP ( 'NONE', ( #2755, #1589, #390, #1214 ) ) ;
#3007 = ORIENTED_EDGE ( 'NONE', *, *, #2343, .T. ) ;
#3008 = CARTESIAN_POINT ( 'NONE',  ( -167.3528137423729731, 90.00000000000000000, -111.4913780286270111 ) ) ;
#3009 = ORIENTED_EDGE ( 'NONE', *, *, #5615, .T. ) ;
#3010 = CARTESIAN_POINT ( 'NONE',  ( 164.8077004861003729, 113.7290934399498497, -114.0364912848995260 ) ) ;
#3011 = CARTESIAN_POINT ( 'NONE',  ( -168.5885343034276502, 46.00723796074180427, -113.0840845923724771 ) ) ;
#3012 = AXIS2_PLACEMENT_3D ( 'NONE', #3391, #2935, #5759 ) ;
#3013 = CARTESIAN_POINT ( 'NONE',  ( -167.3528137423729731, 67.50000000000000000, -111.4913780286270111 ) ) ;
#3014 = ORIENTED_EDGE ( 'NONE', *, *, #1814, .T. ) ;
#3015 = EDGE_CURVE ( 'NONE', #4398, #1823, #4676, .T. ) ;
#3016 = CARTESIAN_POINT ( 'NONE',  ( -165.2314933988000121, 20.50000000000000000, -116.4411254970000016 ) ) ;
#3017 = VERTEX_POINT ( 'NONE', #1059 ) ;
#3018 = FACE_BOUND ( 'NONE', #2175, .T. ) ;
#3019 = CARTESIAN_POINT ( 'NONE',  ( -166.6508249723090671, 20.75242722329148393, -112.1933667986910024 ) ) ;
#3020 = AXIS2_PLACEMENT_3D ( 'NONE', #1724, #4536, #5393 ) ;
#3021 = CIRCLE ( 'NONE', #4004, 2.000000000000001776 ) ;
#3022 = EDGE_CURVE ( 'NONE', #4398, #3855, #1092, .T. ) ;
#3023 = EDGE_CURVE ( 'NONE', #5319, #2448, #2507, .T. ) ;
#3024 = EDGE_LOOP ( 'NONE', ( #2022, #5860, #298, #5610 ) ) ;
#3025 = CARTESIAN_POINT ( 'NONE',  ( -168.4837134362996665, 88.77090656005017877, -113.1889054595005035 ) ) ;
#3026 = LINE ( 'NONE', #5000, #2836 ) ;
#3027 = DIRECTION ( 'NONE',  ( -0.7071067811865451302, 0.000000000000000000, 0.7071067811865497932 ) ) ;
#3028 = DIRECTION ( 'NONE',  ( 0.7071067811865475727, 0.000000000000000000, 0.7071067811865475727 ) ) ;
#3029 = B_SPLINE_CURVE_WITH_KNOTS ( 'NONE', 3,
 ( #5203, #977, #3322, #25 ),
 .UNSPECIFIED., .F., .F.,
 ( 4, 4 ),
 ( 0.000000000000000000, 1.000000000000000000 ),
 .UNSPECIFIED. ) ;
#3030 = LINE ( 'NONE', #5396, #1533 ) ;
#3031 = ORIENTED_EDGE ( 'NONE', *, *, #617, .F. ) ;
#3032 = CARTESIAN_POINT ( 'NONE',  ( 165.9386001800268389, 90.26179938779914380, -115.7340187157730043 ) ) ;
#3033 = EDGE_CURVE ( 'NONE', #1687, #4281, #4750, .T. ) ;
#3034 = CIRCLE ( 'NONE', #372, 2.500000000000000888 ) ;
#3035 = CARTESIAN_POINT ( 'NONE',  ( 19.80000000000000071, 41.39999999999999858, -199.1726188958000137 ) ) ;
#3036 = LINE ( 'NONE', #5852, #4594 ) ;
#3037 = VECTOR ( 'NONE', #2643, 1000.000000000000114 ) ;
#3038 = CYLINDRICAL_SURFACE ( 'NONE', #4385, 1.874999999999998446 ) ;
#3039 = EDGE_LOOP ( 'NONE', ( #1123, #4735, #248, #3650 ) ) ;
#3040 = VERTEX_POINT ( 'NONE', #1021 ) ;
#3041 = CARTESIAN_POINT ( 'NONE',  ( -154.2713382903999957, 58.60000000000000142, -124.5728534806000027 ) ) ;
#3042 = VECTOR ( 'NONE', #1309, 1000.000000000000000 ) ;
#3043 = ORIENTED_EDGE ( 'NONE', *, *, #5315, .T. ) ;
#3044 = DIRECTION ( 'NONE',  ( 0.000000000000000000, 0.000000000000000000, 1.000000000000000000 ) ) ;
#3045 = DIRECTION ( 'NONE',  ( -1.000000000000000000, 0.000000000000000000, 0.000000000000000000 ) ) ;
#3046 = CARTESIAN_POINT ( 'NONE',  ( -165.5684327720166493, 24.44794535333662822, -113.2757589989833491 ) ) ;
#3047 = EDGE_LOOP ( 'NONE', ( #2278, #2232, #796, #2045 ) ) ;
#3048 = ORIENTED_EDGE ( 'NONE', *, *, #348, .F. ) ;
#3049 = CARTESIAN_POINT ( 'NONE',  ( 21.00000000000000000, 41.39999999999999858, -199.1726188958000137 ) ) ;
#3050 = ORIENTED_EDGE ( 'NONE', *, *, #416, .T. ) ;
#3051 = DIRECTION ( 'NONE',  ( -0.7071067811865476838, 0.000000000000000000, -0.7071067811865474617 ) ) ;
#3052 = CARTESIAN_POINT ( 'NONE',  ( -166.1170931813723541, 21.49276203925820283, -115.5555257144275316 ) ) ;
#3053 = VECTOR ( 'NONE', #3430, 1000.000000000000114 ) ;
#3054 = ORIENTED_EDGE ( 'NONE', *, *, #1202, .T. ) ;
#3055 = DIRECTION ( 'NONE',  ( -1.000000000000000000, 0.000000000000000000, 0.000000000000000000 ) ) ;
#3056 = CARTESIAN_POINT ( 'NONE',  ( -168.2956227839730730, 22.50000000000000355, -112.4341870702269119 ) ) ;
#3057 = DIRECTION ( 'NONE',  ( 0.000000000000000000, 0.000000000000000000, -1.000000000000000000 ) ) ;
#3058 = CARTESIAN_POINT ( 'NONE',  ( -169.4741340859000047, 65.50000000000000000, -112.1984848097999929 ) ) ;
#3059 = EDGE_CURVE ( 'NONE', #3963, #767, #1974, .T. ) ;
#3060 = EDGE_CURVE ( 'NONE', #4091, #2801, #5696, .T. ) ;
#3061 = CARTESIAN_POINT ( 'NONE',  ( 125.9870670429999961, 58.60000000000000142, -155.6855518527999607 ) ) ;
#3062 = DIRECTION ( 'NONE',  ( 0.7071067811865475727, 0.000000000000000000, 0.7071067811865475727 ) ) ;
#3063 = DIRECTION ( 'NONE',  ( -0.7071067811865474617, 0.000000000000000000, -0.7071067811865474617 ) ) ;
#3064 = EDGE_CURVE ( 'NONE', #81, #859, #1999, .T. ) ;
#3065 = AXIS2_PLACEMENT_3D ( 'NONE', #4623, #403, #2283 ) ;
#3066 = CARTESIAN_POINT ( 'NONE',  ( 167.3528137423729731, 22.50000000000000000, -111.4913780286270111 ) ) ;
#3067 = ADVANCED_FACE ( 'NONE', ( #4352 ), #3918, .F. ) ;
#3068 = DIRECTION ( 'NONE',  ( -0.7071067811864980568, 0.000000000000000000, 0.7071067811865969777 ) ) ;
#3069 = ORIENTED_EDGE ( 'NONE', *, *, #949, .F. ) ;
#3070 = ORIENTED_EDGE ( 'NONE', *, *, #5623, .F. ) ;
#3071 = AXIS2_PLACEMENT_3D ( 'NONE', #1400, #1455, #507 ) ;
#3072 = FACE_BOUND ( 'NONE', #4646, .T. ) ;
#3073 = DIRECTION ( 'NONE',  ( -1.110223024625155531E-13, 1.000000000000000000, -1.110223024625155531E-13 ) ) ;
#3074 = ORIENTED_EDGE ( 'NONE', *, *, #770, .T. ) ;
#3075 = CARTESIAN_POINT ( 'NONE',  ( 166.8077004861004866, 114.0993336847963491, -112.0364912848996397 ) ) ;
#3076 = DIRECTION ( 'NONE',  ( 0.000000000000000000, 0.000000000000000000, -1.000000000000000000 ) ) ;
#3077 = EDGE_CURVE ( 'NONE', #3017, #5894, #3001, .T. ) ;
#3078 = CARTESIAN_POINT ( 'NONE',  ( -168.0650385347090321, 24.24757277670852318, -113.6075803610909958 ) ) ;
#3079 = VERTEX_POINT ( 'NONE', #2002 ) ;
#3080 = ORIENTED_EDGE ( 'NONE', *, *, #5608, .F. ) ;
#3081 = CARTESIAN_POINT ( 'NONE',  ( -165.2314933988000121, 67.50000000000000000, -116.4411254970000016 ) ) ;
#3082 = ORIENTED_EDGE ( 'NONE', *, *, #2034, .T. ) ;
#3083 =( NAMED_UNIT ( * ) SI_UNIT ( $, .STERADIAN. ) SOLID_ANGLE_UNIT ( ) );
#3084 = DIRECTION ( 'NONE',  ( 0.000000000000000000, 0.000000000000000000, -1.000000000000000000 ) ) ;
#3085 = CARTESIAN_POINT ( 'NONE',  ( 167.3160055487252862, 21.97650423128144226, -111.5281862222749680 ) ) ;
#3086 = CARTESIAN_POINT ( 'NONE',  ( 164.7028796189723323, 43.99276203925820283, -114.1413121520275240 ) ) ;
#3087 = CARTESIAN_POINT ( 'NONE',  ( 166.4837134362994959, 65.90066631520365092, -115.1889054595003756 ) ) ;
#3088 = CARTESIAN_POINT ( 'NONE',  ( 164.5243866176269876, 22.50000000000000000, -114.3198051533730109 ) ) ;
#3089 = CYLINDRICAL_SURFACE ( 'NONE', #2616, 2.999999999999988898 ) ;
#3090 = ADVANCED_FACE ( 'NONE', ( #4414 ), #63, .F. ) ;
#3091 = DIRECTION ( 'NONE',  ( 0.7071067811865937580, 0.000000000000000000, 0.7071067811865012764 ) ) ;
#3092 = CARTESIAN_POINT ( 'NONE',  ( -20.00000000000000000, 82.48305456232999688, -199.1726188958000137 ) ) ;
#3093 = DIRECTION ( 'NONE',  ( 0.7071067811865475727, 0.000000000000000000, 0.7071067811865475727 ) ) ;
#3094 = ORIENTED_EDGE ( 'NONE', *, *, #2826, .T. ) ;
#3095 = ORIENTED_EDGE ( 'NONE', *, *, #3169, .F. ) ;
#3096 = VECTOR ( 'NONE', #3117, 1000.000000000000114 ) ;
#3097 = FACE_BOUND ( 'NONE', #328, .T. ) ;
#3098 = EDGE_CURVE ( 'NONE', #5492, #790, #1940, .T. ) ;
#3099 = CARTESIAN_POINT ( 'NONE',  ( -130.2297077301000172, 50.00000000000000000, -148.6144840409000096 ) ) ;
#3100 = ORIENTED_EDGE ( 'NONE', *, *, #1272, .F. ) ;
#3101 = FACE_OUTER_BOUND ( 'NONE', #3620, .T. ) ;
#3102 = CYLINDRICAL_SURFACE ( 'NONE', #4920, 1.999999999999992895 ) ;
#3103 = DIRECTION ( 'NONE',  ( -0.000000000000000000, -0.000000000000000000, -1.000000000000000000 ) ) ;
#3104 = VERTEX_POINT ( 'NONE', #4784 ) ;
#3105 = ORIENTED_EDGE ( 'NONE', *, *, #4739, .F. ) ;
#3106 = VECTOR ( 'NONE', #2264, 1000.000000000000114 ) ;
#3107 = DIRECTION ( 'NONE',  ( -0.7071067811865474617, 0.000000000000000000, -0.7071067811865474617 ) ) ;
#3108 = EDGE_CURVE ( 'NONE', #4466, #2218, #2304, .T. ) ;
#3109 = CARTESIAN_POINT ( 'NONE',  ( -154.8370237153999938, 41.39999999999999858, -126.8355951803999915 ) ) ;
#3110 = AXIS2_PLACEMENT_3D ( 'NONE', #5029, #804, #5813 ) ;
#3111 = ORIENTED_EDGE ( 'NONE', *, *, #4533, .T. ) ;
#3112 = AXIS2_PLACEMENT_3D ( 'NONE', #4283, #991, #191 ) ;
#3113 = CYLINDRICAL_SURFACE ( 'NONE', #531, 1.999999999999992895 ) ;
#3114 = CARTESIAN_POINT ( 'NONE',  ( -89.43021555890635454, 125.5000000000048317, -192.2424033368937160 ) ) ;
#3115 = DIRECTION ( 'NONE',  ( 0.7071067811865975328, 0.000000000000000000, -0.7071067811864976127 ) ) ;
#3116 = CARTESIAN_POINT ( 'NONE',  ( -73.00000000001539036, 9.499999999999953815, -197.1726188958000137 ) ) ;
#3117 = DIRECTION ( 'NONE',  ( -0.7071067811865474617, 0.000000000000000000, -0.7071067811865474617 ) ) ;
#3118 = DIRECTION ( 'NONE',  ( 0.7071067811865475727, 0.000000000000000000, -0.7071067811865475727 ) ) ;
#3119 = VECTOR ( 'NONE', #4561, 1000.000000000000000 ) ;
#3120 = DIRECTION ( 'NONE',  ( -0.7071067811865474617, 0.000000000000000000, -0.7071067811865474617 ) ) ;
#3121 = CYLINDRICAL_SURFACE ( 'NONE', #5214, 1.200000000000011502 ) ;
#3122 = LINE ( 'NONE', #1674, #1804 ) ;
#3123 = VECTOR ( 'NONE', #65, 1000.000000000000114 ) ;
#3124 = EDGE_CURVE ( 'NONE', #3300, #3494, #3891, .T. ) ;
#3125 = DIRECTION ( 'NONE',  ( 0.000000000000000000, 0.000000000000000000, 1.000000000000000000 ) ) ;
#3126 = EDGE_LOOP ( 'NONE', ( #2899, #3510, #3556, #4606 ) ) ;
#3127 = ORIENTED_EDGE ( 'NONE', *, *, #2819, .T. ) ;
#3128 = FACE_OUTER_BOUND ( 'NONE', #2146, .T. ) ;
#3129 = FACE_BOUND ( 'NONE', #2082, .T. ) ;
#3130 = EDGE_LOOP ( 'NONE', ( #70, #2558, #5289, #720 ) ) ;
#3131 = CARTESIAN_POINT ( 'NONE',  ( -166.1170931813723541, 111.4927620392581957, -115.5555257144275316 ) ) ;
#3132 = EDGE_CURVE ( 'NONE', #2777, #5319, #6043, .T. ) ;
#3133 = CARTESIAN_POINT ( 'NONE',  ( -167.7229811503833616, 24.44794535333663887, -113.9496377454166804 ) ) ;
#3134 = VERTEX_POINT ( 'NONE', #2099 ) ;
#3135 = ORIENTED_EDGE ( 'NONE', *, *, #657, .F. ) ;
#3136 = CARTESIAN_POINT ( 'NONE',  ( -125.9870670429999961, 41.39999999999999858, -155.6855518527999607 ) ) ;
#3137 = CARTESIAN_POINT ( 'NONE',  ( 166.6508249723090671, 69.24757277670852318, -112.1933667986910024 ) ) ;
#3138 = ORIENTED_EDGE ( 'NONE', *, *, #4374, .T. ) ;
#3139 = AXIS2_PLACEMENT_3D ( 'NONE', #5422, #4468, #2162 ) ;
#3140 = CIRCLE ( 'NONE', #288, 1.200000000000011502 ) ;
#3141 = CARTESIAN_POINT ( 'NONE',  ( 163.8172798364999778, 114.5000000000000000, -115.0269119346000082 ) ) ;
#3142 = LINE ( 'NONE', #1220, #3325 ) ;
#3143 = ADVANCED_FACE ( 'NONE', ( #4045 ), #3089, .F. ) ;
#3144 = EDGE_LOOP ( 'NONE', ( #2055, #153, #5411, #5229 ) ) ;
#3145 = DIRECTION ( 'NONE',  ( -0.7071067811865474617, 0.000000000000000000, 0.7071067811865474617 ) ) ;
#3146 = DIRECTION ( 'NONE',  ( 0.000000000000000000, 0.000000000000000000, 1.000000000000000000 ) ) ;
#3147 = CARTESIAN_POINT ( 'NONE',  ( 129.9371107829474283, 125.5000000000048601, -151.7355081128525853 ) ) ;
#3148 = CARTESIAN_POINT ( 'NONE',  ( 164.7028796189723039, 23.50723796074179717, -114.1413121520274956 ) ) ;
#3149 = CIRCLE ( 'NONE', #4425, 1.875000000000001776 ) ;
#3150 = EDGE_LOOP ( 'NONE', ( #533, #2522 ) ) ;
#3151 = CARTESIAN_POINT ( 'NONE',  ( -167.3160055487252862, 45.52349576871856840, -111.5281862222749680 ) ) ;
#3152 = LINE ( 'NONE', #1701, #3638 ) ;
#3153 = AXIS2_PLACEMENT_3D ( 'NONE', #43, #104, #2136 ) ;
#3154 = CARTESIAN_POINT ( 'NONE',  ( 169.4741340859000047, 47.00000000000000000, -112.1984848097999929 ) ) ;
#3155 = VECTOR ( 'NONE', #2917, 1000.000000000000114 ) ;
#3156 = CARTESIAN_POINT ( 'NONE',  ( 165.9386001800268104, 44.73820061220084909, -115.7340187157729758 ) ) ;
#3157 = ORIENTED_EDGE ( 'NONE', *, *, #1498, .F. ) ;
#3158 = ORIENTED_EDGE ( 'NONE', *, *, #803, .T. ) ;
#3159 = DIRECTION ( 'NONE',  ( 0.000000000000000000, -1.000000000000000000, 0.000000000000000000 ) ) ;
#3160 = ORIENTED_EDGE ( 'NONE', *, *, #148, .T. ) ;
#3161 = DIRECTION ( 'NONE',  ( 0.000000000000000000, -1.000000000000000000, 0.000000000000000000 ) ) ;
#3162 = CARTESIAN_POINT ( 'NONE',  ( -37.06702755360860380, 125.5000000000047748, -188.6873375215614317 ) ) ;
#3163 = EDGE_LOOP ( 'NONE', ( #2432, #1243 ) ) ;
#3164 = ORIENTED_EDGE ( 'NONE', *, *, #5944, .F. ) ;
#3165 = CARTESIAN_POINT ( 'NONE',  ( -40.06702755360861090, 125.5000000000047748, -188.6873375215614317 ) ) ;
#3166 = LINE ( 'NONE', #2273, #1469 ) ;
#3167 = EDGE_CURVE ( 'NONE', #1645, #1766, #4885, .T. ) ;
#3168 = ORIENTED_EDGE ( 'NONE', *, *, #5829, .F. ) ;
#3169 = EDGE_CURVE ( 'NONE', #5285, #4201, #5653, .T. ) ;
#3170 = FACE_OUTER_BOUND ( 'NONE', #17, .T. ) ;
#3171 = CARTESIAN_POINT ( 'NONE',  ( 165.2314933988000121, 43.00000000000000000, -116.4411254970000016 ) ) ;
#3172 = ORIENTED_EDGE ( 'NONE', *, *, #3398, .F. ) ;
#3173 = EDGE_CURVE ( 'NONE', #71, #1551, #5950, .T. ) ;
#3174 = DIRECTION ( 'NONE',  ( -0.7071067811865476838, 0.000000000000000000, 0.7071067811865474617 ) ) ;
#3175 = ADVANCED_FACE ( 'NONE', ( #1756 ), #5003, .F. ) ;
#3176 = DIRECTION ( 'NONE',  ( 0.000000000000000000, 0.000000000000000000, 1.000000000000000000 ) ) ;
#3177 = CARTESIAN_POINT ( 'NONE',  ( 165.9754083736748385, 66.97650423128145292, -115.6972105221250899 ) ) ;
#3178 = CARTESIAN_POINT ( 'NONE',  ( 167.1743207410276852, 23.50723796074179361, -111.6698710299724695 ) ) ;
#3179 = ORIENTED_EDGE ( 'NONE', *, *, #1740, .T. ) ;
#3180 = CARTESIAN_POINT ( 'NONE',  ( -57.50000000000000000, 12.00000000000000000, -199.1726188958000137 ) ) ;
#3181 = CARTESIAN_POINT ( 'NONE',  ( 165.2314933988000121, 45.00000000000000000, -116.4411254970000016 ) ) ;
#3182 = EDGE_CURVE ( 'NONE', #517, #5285, #258, .T. ) ;
#3183 = DIRECTION ( 'NONE',  ( 0.000000000000000000, 0.000000000000000000, -1.000000000000000000 ) ) ;
#3184 = CARTESIAN_POINT ( 'NONE',  ( -165.2314933988000121, 90.00000000000000000, -116.4411254970000016 ) ) ;
#3185 = EDGE_LOOP ( 'NONE', ( #4828, #5183, #5659, #4782 ) ) ;
#3186 = VERTEX_POINT ( 'NONE', #4970 ) ;
#3187 = DIRECTION ( 'NONE',  ( -0.7071067811865475727, 0.000000000000000000, 0.7071067811865475727 ) ) ;
#3188 = ORIENTED_EDGE ( 'NONE', *, *, #269, .T. ) ;
#3189 = B_SPLINE_CURVE_WITH_KNOTS ( 'NONE', 3,
 ( #5398, #222, #1639, #2135 ),
 .UNSPECIFIED., .F., .F.,
 ( 4, 4 ),
 ( 0.000000000000000000, 1.000000000000000000 ),
 .UNSPECIFIED. ) ;
#3190 = VECTOR ( 'NONE', #1200, 1000.000000000000114 ) ;
#3191 = DIRECTION ( 'NONE',  ( 0.7071067811865475727, 0.000000000000000000, -0.7071067811865475727 ) ) ;
#3192 = AXIS2_PLACEMENT_3D ( 'NONE', #2622, #2743, #1809 ) ;
#3193 = CARTESIAN_POINT ( 'NONE',  ( 62.50000000000000000, 12.00000000000000000, -199.1726188958000137 ) ) ;
#3194 = EDGE_LOOP ( 'NONE', ( #4888, #2407, #2106, #847 ) ) ;
#3195 = VERTEX_POINT ( 'NONE', #5884 ) ;
#3196 = DIRECTION ( 'NONE',  ( -0.000000000000000000, -0.000000000000000000, -1.000000000000000000 ) ) ;
#3197 = DIRECTION ( 'NONE',  ( 0.000000000000000000, 0.000000000000000000, -1.000000000000000000 ) ) ;
#3198 = VERTEX_POINT ( 'NONE', #745 ) ;
#3199 = VECTOR ( 'NONE', #4205, 1000.000000000000114 ) ;
#3200 = DIRECTION ( 'NONE',  ( 0.7071067811865475727, 0.000000000000000000, -0.7071067811865475727 ) ) ;
#3201 = DIRECTION ( 'NONE',  ( 0.000000000000000000, 0.000000000000000000, -1.000000000000000000 ) ) ;
#3202 = EDGE_CURVE ( 'NONE', #4466, #105, #3189, .T. ) ;
#3203 = ORIENTED_EDGE ( 'NONE', *, *, #3573, .F. ) ;
#3204 = VECTOR ( 'NONE', #3125, 1000.000000000000000 ) ;
#3205 = AXIS2_PLACEMENT_3D ( 'NONE', #5149, #464, #3297 ) ;
#3206 = CIRCLE ( 'NONE', #3508, 2.500000000000000888 ) ;
#3207 = CARTESIAN_POINT ( 'NONE',  ( 168.7302191111251943, 45.52349576871856840, -112.9423997846749188 ) ) ;
#3208 = DIRECTION ( 'NONE',  ( -0.7071067811865437980, 0.000000000000000000, -0.7071067811865512365 ) ) ;
#3209 = CARTESIAN_POINT ( 'NONE',  ( 165.0694998738995309, 24.09933368479637039, -113.7746918971003964 ) ) ;
#3210 = ADVANCED_FACE ( 'NONE', ( #289 ), #4912, .F. ) ;
#3211 = EDGE_CURVE ( 'NONE', #1845, #5342, #151, .T. ) ;
#3212 = DIRECTION ( 'NONE',  ( 0.7071067811865475727, 0.000000000000000000, -0.7071067811865475727 ) ) ;
#3213 = CARTESIAN_POINT ( 'NONE',  ( -20.00000000000000000, 102.4830545622999978, -199.1726188958000137 ) ) ;
#3214 = DIRECTION ( 'NONE',  ( -0.7071067811865975328, 0.000000000000000000, -0.7071067811864976127 ) ) ;
#3215 = AXIS2_PLACEMENT_3D ( 'NONE', #1894, #5650, #4239 ) ;
#3216 = CIRCLE ( 'NONE', #4500, 2.999999999999988898 ) ;
#3217 = EDGE_CURVE ( 'NONE', #6061, #410, #1263, .T. ) ;
#3218 = CARTESIAN_POINT ( 'NONE',  ( 168.7670273047729950, 45.00000000000000000, -112.9055915910270045 ) ) ;
#3219 = ORIENTED_EDGE ( 'NONE', *, *, #2221, .T. ) ;
#3220 = ORIENTED_EDGE ( 'NONE', *, *, #2070, .T. ) ;
#3221 = AXIS2_PLACEMENT_3D ( 'NONE', #3397, #3859, #2973 ) ;
#3222 = CARTESIAN_POINT ( 'NONE',  ( 69.99999999998435385, 9.499999999999896971, -197.1726188958000137 ) ) ;
#3223 = DIRECTION ( 'NONE',  ( 0.7071067811865475727, 0.000000000000000000, -0.7071067811865475727 ) ) ;
#3224 = FACE_OUTER_BOUND ( 'NONE', #5823, .T. ) ;
#3225 = DIRECTION ( 'NONE',  ( -1.387778780781444413E-14, -1.000000000000000000, 0.000000000000000000 ) ) ;
#3226 = ORIENTED_EDGE ( 'NONE', *, *, #2673, .F. ) ;
#3227 = VERTEX_POINT ( 'NONE', #778 ) ;
#3228 = CARTESIAN_POINT ( 'NONE',  ( -169.4741340859000047, 88.00000000000000000, -112.1984848097999929 ) ) ;
#3229 = CARTESIAN_POINT ( 'NONE',  ( 167.5379338648232590, 87.99999999999998579, -114.1346850309767404 ) ) ;
#3230 = B_SPLINE_CURVE_WITH_KNOTS ( 'NONE', 3,
 ( #4847, #4313, #5752, #1474, #2501, #3356, #5238, #4377, #1602, #772, #1633, #5910, #1695, #3477, #3086, #2652, #282, #312 ),
 .UNSPECIFIED., .F., .F.,
 ( 4, 2, 2, 2, 2, 2, 2, 2, 4 ),
 ( -1.000000000000000000, -0.8750000000000000000, -0.7500000000000000000, -0.6250000000000000000, -0.5000000000000000000, -0.3750000000000000000, -0.2500000000000000000, -0.1250000000000000000, -0.000000000000000000 ),
 .UNSPECIFIED. ) ;
#3231 = EDGE_LOOP ( 'NONE', ( #5523, #321, #5706, #5672 ) ) ;
#3232 = FACE_OUTER_BOUND ( 'NONE', #3006, .T. ) ;
#3233 = CIRCLE ( 'NONE', #1461, 1.199999999999999734 ) ;
#3234 = ORIENTED_EDGE ( 'NONE', *, *, #3425, .T. ) ;
#3235 = CIRCLE ( 'NONE', #6073, 1.200000000000011502 ) ;
#3236 = CARTESIAN_POINT ( 'NONE',  ( 164.5243866176268455, 22.23820061220085265, -114.3198051533730251 ) ) ;
#3237 = EDGE_CURVE ( 'NONE', #2077, #5671, #2318, .T. ) ;
#3238 = CARTESIAN_POINT ( 'NONE',  ( 165.0871860658000116, 112.5000000000000000, -112.0541774767999925 ) ) ;
#3239 = CARTESIAN_POINT ( 'NONE',  ( -79.89468165297162727, 125.5000000000048317, -186.9495101180783081 ) ) ;
#3240 = CARTESIAN_POINT ( 'NONE',  ( -20.00000000000000000, 92.48305456232999688, -199.1726188958000137 ) ) ;
#3241 = FACE_OUTER_BOUND ( 'NONE', #3194, .T. ) ;
#3242 = VERTEX_POINT ( 'NONE', #4565 ) ;
#3243 = CARTESIAN_POINT ( 'NONE',  ( 124.5728534806000027, 41.39999999999999858, -154.2713382903999957 ) ) ;
#3244 = CARTESIAN_POINT ( 'NONE',  ( 166.2219140485003948, 111.2709065600502072, -115.4507048472995052 ) ) ;
#3245 = EDGE_CURVE ( 'NONE', #859, #81, #2377, .T. ) ;
#3246 = ADVANCED_FACE ( 'NONE', ( #3241 ), #1293, .F. ) ;
#3247 = FACE_OUTER_BOUND ( 'NONE', #4437, .T. ) ;
#3248 = VECTOR ( 'NONE', #3858, 1000.000000000000000 ) ;
#3249 = ORIENTED_EDGE ( 'NONE', *, *, #1247, .T. ) ;
#3250 = ORIENTED_EDGE ( 'NONE', *, *, #1848, .T. ) ;
#3251 = AXIS2_PLACEMENT_3D ( 'NONE', #4361, #136, #3864 ) ;
#3252 = FACE_BOUND ( 'NONE', #2274, .T. ) ;
#3253 = ORIENTED_EDGE ( 'NONE', *, *, #612, .T. ) ;
#3254 = CARTESIAN_POINT ( 'NONE',  ( 81.67157287524999276, 0.000000000000000000, -197.1726188958000137 ) ) ;
#3255 = AXIS2_PLACEMENT_3D ( 'NONE', #4364, #2884, #2982 ) ;
#3256 = CYLINDRICAL_SURFACE ( 'NONE', #90, 2.500000000000002220 ) ;
#3257 = ORIENTED_EDGE ( 'NONE', *, *, #3875, .F. ) ;
#3258 = ORIENTED_EDGE ( 'NONE', *, *, #3840, .T. ) ;
#3259 = DIRECTION ( 'NONE',  ( -0.7071067811865475727, 0.000000000000000000, -0.7071067811865475727 ) ) ;
#3260 = CARTESIAN_POINT ( 'NONE',  ( 166.6405889500909723, 88.25242722329150524, -115.0320299457089988 ) ) ;
#3261 = ORIENTED_EDGE ( 'NONE', *, *, #2491, .T. ) ;
#3262 = EDGE_CURVE ( 'NONE', #1715, #814, #1354, .T. ) ;
#3263 = FACE_OUTER_BOUND ( 'NONE', #5956, .T. ) ;
#3264 = VECTOR ( 'NONE', #2546, 1000.000000000000114 ) ;
#3265 = CARTESIAN_POINT ( 'NONE',  ( 164.7028796189723323, 66.49276203925819573, -114.1413121520275240 ) ) ;
#3266 = CARTESIAN_POINT ( 'NONE',  ( 168.7670273047731655, 45.26179938779913670, -112.9055915910270045 ) ) ;
#3267 = FACE_BOUND ( 'NONE', #4429, .T. ) ;
#3268 = CARTESIAN_POINT ( 'NONE',  ( 169.4741340859000047, 43.00000000000000000, -112.1984848097999929 ) ) ;
#3269 = FACE_OUTER_BOUND ( 'NONE', #614, .T. ) ;
#3270 = VERTEX_POINT ( 'NONE', #5120 ) ;
#3271 = DIRECTION ( 'NONE',  ( -0.7071067811864953923, 0.000000000000000000, -0.7071067811865995312 ) ) ;
#3272 = CARTESIAN_POINT ( 'NONE',  ( 169.4741340859000047, 22.50000000000000000, -112.1984848097999929 ) ) ;
#3273 = DIRECTION ( 'NONE',  ( -1.000000000000000000, 0.000000000000000000, 0.000000000000000000 ) ) ;
#3274 = VERTEX_POINT ( 'NONE', #2342 ) ;
#3275 = EDGE_LOOP ( 'NONE', ( #4572, #1681, #5804, #1337 ) ) ;
#3276 = ADVANCED_FACE ( 'NONE', ( #3269 ), #460, .F. ) ;
#3277 = CARTESIAN_POINT ( 'NONE',  ( 163.8172798364269056, 67.50000000000000000, -117.8553390593730938 ) ) ;
#3278 = EDGE_LOOP ( 'NONE', ( #5434, #2140, #4052, #3649 ) ) ;
#3279 = CARTESIAN_POINT ( 'NONE',  ( 167.1743207410276852, 46.00723796074178296, -111.6698710299724695 ) ) ;
#3280 = CARTESIAN_POINT ( 'NONE',  ( 163.8172798364999778, 45.00000000000000000, -115.0269119346000082 ) ) ;
#3281 = ORIENTED_EDGE ( 'NONE', *, *, #3999, .F. ) ;
#3282 = ORIENTED_EDGE ( 'NONE', *, *, #2485, .T. ) ;
#3283 = CARTESIAN_POINT ( 'NONE',  ( -168.2219140485004800, 65.90066631520365092, -113.4507048472995905 ) ) ;
#3284 = CYLINDRICAL_SURFACE ( 'NONE', #2660, 2.500000000000002220 ) ;
#3285 = VERTEX_POINT ( 'NONE', #4650 ) ;
#3286 = CARTESIAN_POINT ( 'NONE',  ( 83.87818931574950909, 9.500000000000053291, -182.9660024553004405 ) ) ;
#3287 = AXIS2_PLACEMENT_3D ( 'NONE', #5627, #4307, #4242 ) ;
#3288 = ORIENTED_EDGE ( 'NONE', *, *, #2375, .T. ) ;
#3289 = EDGE_CURVE ( 'NONE', #2865, #3498, #2312, .T. ) ;
#3290 = VECTOR ( 'NONE', #3569, 1000.000000000000114 ) ;
#3291 = CARTESIAN_POINT ( 'NONE',  ( 165.7534800575766951, 65.50000000000001421, -113.0907117134232607 ) ) ;
#3292 = DIRECTION ( 'NONE',  ( 0.7071067811865475727, 0.000000000000000000, -0.7071067811865475727 ) ) ;
#3293 = CARTESIAN_POINT ( 'NONE',  ( -13.00000000000000000, 50.00000000000000000, -197.1726188958000137 ) ) ;
#3294 = DIRECTION ( 'NONE',  ( 0.7071067811864976127, 0.000000000000000000, 0.7071067811865975328 ) ) ;
#3295 = ORIENTED_EDGE ( 'NONE', *, *, #3289, .T. ) ;
#3296 = CARTESIAN_POINT ( 'NONE',  ( 167.3160055487252862, 90.52349576871854708, -111.5281862222749396 ) ) ;
#3297 = DIRECTION ( 'NONE',  ( -0.7071067811865474617, 0.000000000000000000, 0.7071067811865474617 ) ) ;
#3298 = AXIS2_PLACEMENT_3D ( 'NONE', #5454, #5035, #3605 ) ;
#3299 = DIRECTION ( 'NONE',  ( 0.000000000000000000, 0.000000000000000000, -1.000000000000000000 ) ) ;
#3300 = VERTEX_POINT ( 'NONE', #5063 ) ;
#3301 = EDGE_LOOP ( 'NONE', ( #5826, #553 ) ) ;
#3302 = FACE_BOUND ( 'NONE', #4267, .T. ) ;
#3303 = EDGE_LOOP ( 'NONE', ( #3711, #2457, #816, #3188 ) ) ;
#3304 = EDGE_CURVE ( 'NONE', #5988, #5491, #4681, .T. ) ;
#3305 = CARTESIAN_POINT ( 'NONE',  ( 169.4741340859000047, 90.00000000000000000, -112.1984848097999929 ) ) ;
#3306 = VECTOR ( 'NONE', #3329, 1000.000000000000114 ) ;
#3307 = DIRECTION ( 'NONE',  ( 1.000000000000000000, 0.000000000000000000, 0.000000000000000000 ) ) ;
#3308 = EDGE_LOOP ( 'NONE', ( #3665, #1790 ) ) ;
#3309 = VERTEX_POINT ( 'NONE', #5602 ) ;
#3310 = FACE_OUTER_BOUND ( 'NONE', #4489, .T. ) ;
#3311 = CARTESIAN_POINT ( 'NONE',  ( 60.00000000000000000, 12.00000000000000000, -199.1726188958000137 ) ) ;
#3312 = ORIENTED_EDGE ( 'NONE', *, *, #3617, .T. ) ;
#3313 = EDGE_CURVE ( 'NONE', #5963, #4316, #2371, .T. ) ;
#3314 = DIRECTION ( 'NONE',  ( -0.7071067811865474617, -2.131628207280144048E-14, 0.7071067811865474617 ) ) ;
#3315 = EDGE_CURVE ( 'NONE', #4682, #2583, #4217, .T. ) ;
#3316 = B_SPLINE_CURVE_WITH_KNOTS ( 'NONE', 3,
 ( #3660, #2160, #1287, #335 ),
 .UNSPECIFIED., .F., .F.,
 ( 4, 4 ),
 ( 0.000000000000000000, 1.000000000000000000 ),
 .UNSPECIFIED. ) ;
#3317 = VERTEX_POINT ( 'NONE', #1873 ) ;
#3318 = EDGE_CURVE ( 'NONE', #2089, #127, #5129, .T. ) ;
#3319 = CARTESIAN_POINT ( 'NONE',  ( 164.8077004861003445, 66.27090656005019298, -114.0364912848994976 ) ) ;
#3320 = CYLINDRICAL_SURFACE ( 'NONE', #2504, 9.000000000000007105 ) ;
#3321 = EDGE_CURVE ( 'NONE', #3641, #4412, #5520, .T. ) ;
#3322 = CARTESIAN_POINT ( 'NONE',  ( 165.4671956592269453, 67.50000000000000000, -115.2626141949730822 ) ) ;
#3323 = VECTOR ( 'NONE', #4647, 1000.000000000000114 ) ;
#3324 = CARTESIAN_POINT ( 'NONE',  ( -150.0286976033000030, 50.00000000000000000, -131.6439212925000106 ) ) ;
#3325 = VECTOR ( 'NONE', #5478, 1000.000000000000114 ) ;
#3326 = EDGE_LOOP ( 'NONE', ( #2387, #5781, #3422, #2393 ) ) ;
#3327 = CARTESIAN_POINT ( 'NONE',  ( -166.6405889500909439, 43.25242722329147682, -115.0320299457089988 ) ) ;
#3328 = DIRECTION ( 'NONE',  ( 0.7071067811865474617, 0.000000000000000000, 0.7071067811865474617 ) ) ;
#3329 = DIRECTION ( 'NONE',  ( 0.7071067811865975328, 0.000000000000000000, 0.7071067811864976127 ) ) ;
#3330 = CARTESIAN_POINT ( 'NONE',  ( 40.06702755367646773, 125.5000000000048601, -199.1726188958000137 ) ) ;
#3331 = ORIENTED_EDGE ( 'NONE', *, *, #5945, .F. ) ;
#3332 = ORIENTED_EDGE ( 'NONE', *, *, #1132, .F. ) ;
#3333 = DIRECTION ( 'NONE',  ( -1.000000000000000000, 0.000000000000000000, 0.000000000000000000 ) ) ;
#3334 = LINE ( 'NONE', #5216, #1244 ) ;
#3335 = CIRCLE ( 'NONE', #5970, 1.200000000000011502 ) ;
#3336 = DIRECTION ( 'NONE',  ( -0.7071067811865475727, 0.000000000000000000, -0.7071067811865475727 ) ) ;
#3337 = CIRCLE ( 'NONE', #4622, 3.000000000000019096 ) ;
#3338 = CARTESIAN_POINT ( 'NONE',  ( 166.2219140485003948, 68.72909343994986386, -115.4507048472995194 ) ) ;
#3339 = VERTEX_POINT ( 'NONE', #4131 ) ;
#3340 = VERTEX_POINT ( 'NONE', #1410 ) ;
#3341 = B_SPLINE_CURVE_WITH_KNOTS ( 'NONE', 3,
 ( #5327, #145, #116, #4464 ),
 .UNSPECIFIED., .F., .F.,
 ( 4, 4 ),
 ( 0.000000000000000000, 1.000000000000000000 ),
 .UNSPECIFIED. ) ;
#3342 = CARTESIAN_POINT ( 'NONE',  ( 19.80000000000000071, 41.39999999999999858, -199.1726188958000137 ) ) ;
#3343 = LINE ( 'NONE', #1918, #591 ) ;
#3344 = ORIENTED_EDGE ( 'NONE', *, *, #2040, .T. ) ;
#3345 = CARTESIAN_POINT ( 'NONE',  ( 169.4741340859000047, 92.00000000000000000, -112.1984848097999929 ) ) ;
#3346 = CARTESIAN_POINT ( 'NONE',  ( -169.4741340859000047, 110.7500000000000000, -112.1984848097999929 ) ) ;
#3347 = ORIENTED_EDGE ( 'NONE', *, *, #2003, .T. ) ;
#3348 = ADVANCED_FACE ( 'NONE', ( #4244 ), #5176, .F. ) ;
#3349 = DIRECTION ( 'NONE',  ( 0.7071067811865475727, 0.000000000000000000, -0.7071067811865475727 ) ) ;
#3350 = DIRECTION ( 'NONE',  ( -1.387778780781444413E-14, -1.000000000000000000, -1.387778780781444413E-14 ) ) ;
#3351 = DIRECTION ( 'NONE',  ( -0.7071067811865475727, -0.000000000000000000, 0.7071067811865475727 ) ) ;
#3352 = VECTOR ( 'NONE', #156, 1000.000000000000000 ) ;
#3353 = CARTESIAN_POINT ( 'NONE',  ( -153.4228101530000004, 58.60000000000000142, -125.4213816179999839 ) ) ;
#3354 = ORIENTED_EDGE ( 'NONE', *, *, #6021, .F. ) ;
#3355 = DIRECTION ( 'NONE',  ( 0.000000000000000000, 0.000000000000000000, -1.000000000000000000 ) ) ;
#3356 = CARTESIAN_POINT ( 'NONE',  ( 166.8077004861005150, 43.40066631520362250, -112.0364912848996255 ) ) ;
#3357 = DIRECTION ( 'NONE',  ( -1.000000000000000000, 0.000000000000000000, 0.000000000000000000 ) ) ;
#3358 = CARTESIAN_POINT ( 'NONE',  ( 165.5684327720166493, 88.05205464666336468, -113.2757589989833491 ) ) ;
#3359 = ORIENTED_EDGE ( 'NONE', *, *, #1515, .T. ) ;
#3360 = ORIENTED_EDGE ( 'NONE', *, *, #4876, .T. ) ;
#3361 = DIRECTION ( 'NONE',  ( -0.7071067811865975328, 0.000000000000000000, 0.7071067811864976127 ) ) ;
#3362 = ADVANCED_FACE ( 'NONE', ( #4158 ), #2745, .F. ) ;
#3363 = DIRECTION ( 'NONE',  ( 0.7071067811865475727, 0.000000000000000000, -0.7071067811865475727 ) ) ;
#3364 = DIRECTION ( 'NONE',  ( 1.000000000000000000, 0.000000000000000000, 0.000000000000000000 ) ) ;
#3365 = CARTESIAN_POINT ( 'NONE',  ( 155.6855518527999607, 58.60000000000000142, -125.9870670429999961 ) ) ;
#3366 = CARTESIAN_POINT ( 'NONE',  ( -57.50000000000000000, 12.00000000000000000, -199.1726188958000137 ) ) ;
#3367 = ORIENTED_EDGE ( 'NONE', *, *, #4785, .T. ) ;
#3368 = EDGE_LOOP ( 'NONE', ( #2586, #3094, #1741, #4898 ) ) ;
#3369 = CARTESIAN_POINT ( 'NONE',  ( -168.7670273047731655, 67.23820061220087041, -112.9055915910270045 ) ) ;
#3370 = CARTESIAN_POINT ( 'NONE',  ( -22.00000000000000000, 50.00000000000000000, -199.1726188958000137 ) ) ;
#3371 = ORIENTED_EDGE ( 'NONE', *, *, #4077, .F. ) ;
#3372 = CARTESIAN_POINT ( 'NONE',  ( 166.6508249723090671, 24.24757277670851252, -112.1933667986910024 ) ) ;
#3373 = LINE ( 'NONE', #5257, #4724 ) ;
#3374 = CARTESIAN_POINT ( 'NONE',  ( -165.2314933988000121, 65.50000000000000000, -116.4411254970000016 ) ) ;
#3375 = EDGE_LOOP ( 'NONE', ( #819, #909, #3517, #1162 ) ) ;
#3376 = CARTESIAN_POINT ( 'NONE',  ( 96.64213562372999888, 123.0000000000000000, -185.0304832719999979 ) ) ;
#3377 = DIRECTION ( 'NONE',  ( -0.7071067811865975328, 0.000000000000000000, 0.7071067811864976127 ) ) ;
#3378 = CARTESIAN_POINT ( 'NONE',  ( 96.64213562372999888, 12.00000000000000000, -185.0304832719999979 ) ) ;
#3379 = CIRCLE ( 'NONE', #240, 2.500000000000000888 ) ;
#3380 = CIRCLE ( 'NONE', #4369, 3.000000000000002665 ) ;
#3381 = CARTESIAN_POINT ( 'NONE',  ( -100.1776695296999975, 12.00000000000000000, -181.4949493661000020 ) ) ;
#3382 = ORIENTED_EDGE ( 'NONE', *, *, #1079, .T. ) ;
#3383 = CARTESIAN_POINT ( 'NONE',  ( -168.7670273047729950, 90.00000000000000000, -112.9055915910270045 ) ) ;
#3384 = DIRECTION ( 'NONE',  ( 0.7071067811865475727, 0.000000000000000000, -0.7071067811865475727 ) ) ;
#3385 = CARTESIAN_POINT ( 'NONE',  ( 173.0096679918999882, 0.000000000000000000, -108.6629509039000112 ) ) ;
#3386 = EDGE_CURVE ( 'NONE', #3017, #706, #2890, .T. ) ;
#3387 = EDGE_CURVE ( 'NONE', #5925, #5665, #5204, .T. ) ;
#3388 = DIRECTION ( 'NONE',  ( 0.7071067811865475727, -5.024295867787377658E-15, 0.7071067811865475727 ) ) ;
#3389 = ORIENTED_EDGE ( 'NONE', *, *, #5992, .T. ) ;
#3390 = EDGE_LOOP ( 'NONE', ( #5664, #5929, #1101, #3371 ) ) ;
#3391 = CARTESIAN_POINT ( 'NONE',  ( 69.99999999998435385, 9.499999999999896971, -107.2477373414999846 ) ) ;
#3392 = CIRCLE ( 'NONE', #5746, 2.500000000000000888 ) ;
#3393 = AXIS2_PLACEMENT_3D ( 'NONE', #1415, #843, #3700 ) ;
#3394 = CARTESIAN_POINT ( 'NONE',  ( 60.00000000000000000, 12.00000000000000000, -199.1726188958000137 ) ) ;
#3395 = AXIS2_PLACEMENT_3D ( 'NONE', #5208, #2928, #4346 ) ;
#3396 = CARTESIAN_POINT ( 'NONE',  ( -166.1170931813722689, 91.00723796074179006, -115.5555257144275174 ) ) ;
#3397 = CARTESIAN_POINT ( 'NONE',  ( -21.00000000000000000, 41.39999999999999858, -199.1726188958000137 ) ) ;
#3398 = EDGE_CURVE ( 'NONE', #5948, #926, #5687, .T. ) ;
#3399 = DIRECTION ( 'NONE',  ( 1.387778780781444413E-14, -1.000000000000000000, 1.387778780781444413E-14 ) ) ;
#3400 = ORIENTED_EDGE ( 'NONE', *, *, #3321, .T. ) ;
#3401 = ORIENTED_EDGE ( 'NONE', *, *, #3262, .T. ) ;
#3402 = DIRECTION ( 'NONE',  ( 0.7071067811865475727, 0.000000000000000000, -0.7071067811865475727 ) ) ;
#3403 = FACE_OUTER_BOUND ( 'NONE', #1880, .T. ) ;
#3404 = ORIENTED_EDGE ( 'NONE', *, *, #14, .T. ) ;
#3405 = LINE ( 'NONE', #5861, #4808 ) ;
#3406 = CARTESIAN_POINT ( 'NONE',  ( 165.2314933988000121, 88.00000000000000000, -116.4411254970000016 ) ) ;
#3407 =( GEOMETRIC_REPRESENTATION_CONTEXT ( 3 ) GLOBAL_UNCERTAINTY_ASSIGNED_CONTEXT ( ( #4430 ) ) GLOBAL_UNIT_ASSIGNED_CONTEXT ( ( #2854, #49, #1922 ) ) REPRESENTATION_CONTEXT ( 'NONE', 'WORKASPACE' ) );
#3408 = DIRECTION ( 'NONE',  ( 0.7071067811865474617, 0.000000000000000000, -0.7071067811865474617 ) ) ;
#3409 = ORIENTED_EDGE ( 'NONE', *, *, #2950, .F. ) ;
#3410 = AXIS2_PLACEMENT_3D ( 'NONE', #2472, #3915, #2505 ) ;
#3411 = VERTEX_POINT ( 'NONE', #2498 ) ;
#3412 = CIRCLE ( 'NONE', #5769, 2.999999999999988898 ) ;
#3413 = CARTESIAN_POINT ( 'NONE',  ( -165.0694998738995025, 69.09933368479639171, -113.7746918971003964 ) ) ;
#3414 = DIRECTION ( 'NONE',  ( 0.7071067811865475727, 0.000000000000000000, 0.7071067811865475727 ) ) ;
#3415 = LINE ( 'NONE', #119, #4237 ) ;
#3416 = ORIENTED_EDGE ( 'NONE', *, *, #4157, .F. ) ;
#3417 = CARTESIAN_POINT ( 'NONE',  ( -166.4837134362994959, 88.40066631520363671, -115.1889054595003898 ) ) ;
#3418 = DIRECTION ( 'NONE',  ( 0.7071067811865475727, 0.000000000000000000, 0.7071067811865475727 ) ) ;
#3419 = DIRECTION ( 'NONE',  ( -0.7071067811865476838, 0.000000000000000000, -0.7071067811865474617 ) ) ;
#3420 = DIRECTION ( 'NONE',  ( 1.000000000000000000, 0.000000000000000000, 0.000000000000000000 ) ) ;
#3421 = CARTESIAN_POINT ( 'NONE',  ( 164.7028796189723323, 88.99276203925818152, -114.1413121520275240 ) ) ;
#3422 = ORIENTED_EDGE ( 'NONE', *, *, #3509, .T. ) ;
#3423 = AXIS2_PLACEMENT_3D ( 'NONE', #366, #5085, #309 ) ;
#3424 = CARTESIAN_POINT ( 'NONE',  ( -20.00000000000000000, 102.4830545622999978, -199.1726188958000137 ) ) ;
#3425 = EDGE_CURVE ( 'NONE', #1891, #5350, #4402, .T. ) ;
#3426 = CARTESIAN_POINT ( 'NONE',  ( 125.1385389054999990, 58.60000000000000142, -156.5340799901999844 ) ) ;
#3427 = VECTOR ( 'NONE', #3146, 1000.000000000000000 ) ;
#3428 = AXIS2_PLACEMENT_3D ( 'NONE', #698, #2948, #1102 ) ;
#3429 = DIRECTION ( 'NONE',  ( 0.7071067811866001973, 0.000000000000000000, 0.7071067811864948371 ) ) ;
#3430 = DIRECTION ( 'NONE',  ( 0.7071067811865474617, 0.000000000000000000, -0.7071067811865474617 ) ) ;
#3431 = EDGE_CURVE ( 'NONE', #5533, #3758, #310, .T. ) ;
#3432 = ORIENTED_EDGE ( 'NONE', *, *, #973, .F. ) ;
#3433 = ORIENTED_EDGE ( 'NONE', *, *, #113, .T. ) ;
#3434 = CARTESIAN_POINT ( 'NONE',  ( -167.3528137423732005, 89.73820061220084199, -111.4913780286270395 ) ) ;
#3435 = EDGE_CURVE ( 'NONE', #127, #1687, #3552, .T. ) ;
#3436 = FACE_OUTER_BOUND ( 'NONE', #4121, .T. ) ;
#3437 = ORIENTED_EDGE ( 'NONE', *, *, #723, .T. ) ;
#3438 = CARTESIAN_POINT ( 'NONE',  ( 95.53504356524385344, 9.500000000000053291, -186.1375753305562171 ) ) ;
#3439 = CARTESIAN_POINT ( 'NONE',  ( -166.9826463344166427, 46.94794535333663532, -114.6899725613833567 ) ) ;
#3440 = CARTESIAN_POINT ( 'NONE',  ( -167.3160055487252862, 23.02349576871856485, -111.5281862222749680 ) ) ;
#3441 = VERTEX_POINT ( 'NONE', #4373 ) ;
#3442 = AXIS2_PLACEMENT_3D ( 'NONE', #1932, #3816, #5689 ) ;
#3443 = VERTEX_POINT ( 'NONE', #4873 ) ;
#3444 = CARTESIAN_POINT ( 'NONE',  ( -164.5243866176268455, 67.76179938779914380, -114.3198051533730251 ) ) ;
#3445 = CARTESIAN_POINT ( 'NONE',  ( -167.7229811503833901, 20.55205464666336113, -113.9496377454166236 ) ) ;
#3446 = AXIS2_PLACEMENT_3D ( 'NONE', #5862, #2637, #727 ) ;
#3447 = DIRECTION ( 'NONE',  ( 0.000000000000000000, 0.000000000000000000, -1.000000000000000000 ) ) ;
#3448 = ORIENTED_EDGE ( 'NONE', *, *, #3503, .F. ) ;
#3449 = FACE_OUTER_BOUND ( 'NONE', #3144, .T. ) ;
#3450 = LINE ( 'NONE', #3784, #5266 ) ;
#3451 = CARTESIAN_POINT ( 'NONE',  ( -165.7534800575767235, 110.5000000000000000, -113.0907117134232465 ) ) ;
#3452 = FACE_BOUND ( 'NONE', #5224, .T. ) ;
#3453 = B_SPLINE_CURVE_WITH_KNOTS ( 'NONE', 3,
 ( #5729, #599, #5698, #3396, #1063, #4820, #4355, #2006, #1483, #1546, #529, #1896, #4736, #4677, #2307, #2337, #916, #5200 ),
 .UNSPECIFIED., .F., .F.,
 ( 4, 2, 2, 2, 2, 2, 2, 2, 4 ),
 ( -1.000000000000000000, -0.8750000000000000000, -0.7500000000000000000, -0.6250000000000000000, -0.5000000000000000000, -0.3750000000000000000, -0.2500000000000000000, -0.1250000000000000000, -0.000000000000000000 ),
 .UNSPECIFIED. ) ;
#3454 = AXIS2_PLACEMENT_3D ( 'NONE', #3136, #305, #2186 ) ;
#3455 = PLANE ( 'NONE',  #4591 ) ;
#3456 = ORIENTED_EDGE ( 'NONE', *, *, #1392, .F. ) ;
#3457 = CARTESIAN_POINT ( 'NONE',  ( 135.9371107829473999, 125.5000000000048601, -157.7355081128525569 ) ) ;
#3458 = B_SPLINE_CURVE_WITH_KNOTS ( 'NONE', 3,
 ( #3506, #3939, #4341, #4871, #5385, #2057, #1598, #3445, #3845, #5809, #1108, #675, #1167, #646, #3052, #4806, #5715, #708 ),
 .UNSPECIFIED., .F., .F.,
 ( 4, 2, 2, 2, 2, 2, 2, 2, 4 ),
 ( -1.000000000000000000, -0.8750000000000000000, -0.7500000000000000000, -0.6250000000000000000, -0.5000000000000000000, -0.3750000000000000000, -0.2500000000000000000, -0.1250000000000000000, -0.000000000000000000 ),
 .UNSPECIFIED. ) ;
#3459 = DIRECTION ( 'NONE',  ( -0.7071067811865975328, 0.000000000000000000, 0.7071067811864976127 ) ) ;
#3460 = CARTESIAN_POINT ( 'NONE',  ( 154.2713382903999957, 58.60000000000000142, -124.5728534806000027 ) ) ;
#3461 = CARTESIAN_POINT ( 'NONE',  ( -60.00000000000000000, 12.00000000000000000, -197.1726188958000137 ) ) ;
#3462 = ORIENTED_EDGE ( 'NONE', *, *, #2169, .F. ) ;
#3463 = VERTEX_POINT ( 'NONE', #4809 ) ;
#3464 = CARTESIAN_POINT ( 'NONE',  ( -167.3160055487252862, 89.47650423128146713, -111.5281862222749396 ) ) ;
#3465 = ORIENTED_EDGE ( 'NONE', *, *, #1556, .F. ) ;
#3466 = LINE ( 'NONE', #1524, #1942 ) ;
#3467 = CARTESIAN_POINT ( 'NONE',  ( -168.0650385347090321, 46.74757277670850897, -113.6075803610909958 ) ) ;
#3468 = EDGE_CURVE ( 'NONE', #4718, #1664, #1930, .T. ) ;
#3469 = DIRECTION ( 'NONE',  ( 0.000000000000000000, -1.000000000000000000, 0.000000000000000000 ) ) ;
#3470 = VERTEX_POINT ( 'NONE', #3353 ) ;
#3471 = VERTEX_POINT ( 'NONE', #1993 ) ;
#3472 = CARTESIAN_POINT ( 'NONE',  ( 126.8355951803999915, 41.39999999999999858, -154.8370237153999938 ) ) ;
#3473 = CARTESIAN_POINT ( 'NONE',  ( 168.5885343034276502, 113.5072379607418043, -113.0840845923724629 ) ) ;
#3474 = EDGE_CURVE ( 'NONE', #4280, #762, #5908, .T. ) ;
#3475 = VERTEX_POINT ( 'NONE', #3847 ) ;
#3476 = CARTESIAN_POINT ( 'NONE',  ( -167.1676936199767454, 87.99999999999998579, -114.5049252758232683 ) ) ;
#3477 = CARTESIAN_POINT ( 'NONE',  ( 164.8077004861003445, 43.77090656005017877, -114.0364912848994976 ) ) ;
#3478 = LINE ( 'NONE', #1634, #5225 ) ;
#3479 = LINE ( 'NONE', #4505, #1638 ) ;
#3480 = VECTOR ( 'NONE', #2222, 1000.000000000000114 ) ;
#3481 = LINE ( 'NONE', #5364, #3119 ) ;
#3482 = ORIENTED_EDGE ( 'NONE', *, *, #4157, .T. ) ;
#3483 = DIRECTION ( 'NONE',  ( 0.000000000000000000, 0.000000000000000000, 1.000000000000000000 ) ) ;
#3484 = AXIS2_PLACEMENT_3D ( 'NONE', #3346, #5227, #5563 ) ;
#3485 = CYLINDRICAL_SURFACE ( 'NONE', #5099, 1.999999999999992895 ) ;
#3486 = CARTESIAN_POINT ( 'NONE',  ( -166.9826463344166427, 69.44794535333660690, -114.6899725613833567 ) ) ;
#3487 = CARTESIAN_POINT ( 'NONE',  ( 136.5936687608000000, 50.00000000000000000, -142.2505230103000144 ) ) ;
#3488 = ORIENTED_EDGE ( 'NONE', *, *, #3474, .T. ) ;
#3489 = EDGE_LOOP ( 'NONE', ( #3432, #2815, #4984, #5026 ) ) ;
#3490 = AXIS2_PLACEMENT_3D ( 'NONE', #1879, #3757, #3273 ) ;
#3491 = CARTESIAN_POINT ( 'NONE',  ( -165.0871860658000116, 45.00000000000000000, -112.0541774767999925 ) ) ;
#3492 = AXIS2_PLACEMENT_3D ( 'NONE', #557, #5210, #522 ) ;
#3493 = ADVANCED_FACE ( 'NONE', ( #648 ), #5235, .F. ) ;
#3494 = VERTEX_POINT ( 'NONE', #5717 ) ;
#3495 = CARTESIAN_POINT ( 'NONE',  ( -164.9957911384268812, 22.49999999999999289, -114.7912096741730750 ) ) ;
#3496 = CARTESIAN_POINT ( 'NONE',  ( 40.06702755367646773, 125.5000000000048601, -188.6873375215614317 ) ) ;
#3497 = CARTESIAN_POINT ( 'NONE',  ( -164.5243866176269876, 22.50000000000000000, -114.3198051533730109 ) ) ;
#3498 = VERTEX_POINT ( 'NONE', #1900 ) ;
#3499 = VERTEX_POINT ( 'NONE', #1500 ) ;
#3500 = CYLINDRICAL_SURFACE ( 'NONE', #4125, 1.199999999999999734 ) ;
#3501 = EDGE_CURVE ( 'NONE', #499, #1686, #3813, .T. ) ;
#3502 = EDGE_LOOP ( 'NONE', ( #4020, #5443 ) ) ;
#3503 = EDGE_CURVE ( 'NONE', #5776, #879, #2811, .T. ) ;
#3504 = AXIS2_PLACEMENT_3D ( 'NONE', #905, #4722, #439 ) ;
#3505 = FACE_BOUND ( 'NONE', #2236, .T. ) ;
#3506 = CARTESIAN_POINT ( 'NONE',  ( -168.7670273047729950, 22.50000000000000000, -112.9055915910270045 ) ) ;
#3507 = CIRCLE ( 'NONE', #1341, 3.000000000000002665 ) ;
#3508 = AXIS2_PLACEMENT_3D ( 'NONE', #3764, #4167, #961 ) ;
#3509 = EDGE_CURVE ( 'NONE', #2089, #3242, #3415, .T. ) ;
#3510 = ORIENTED_EDGE ( 'NONE', *, *, #5315, .F. ) ;
#3511 = DIRECTION ( 'NONE',  ( 0.7071067811865475727, 0.000000000000000000, -0.7071067811865475727 ) ) ;
#3512 = EDGE_CURVE ( 'NONE', #5350, #5471, #5998, .T. ) ;
#3513 = CARTESIAN_POINT ( 'NONE',  ( -163.8172798364999778, 90.00000000000000000, -115.0269119346000082 ) ) ;
#3514 = CARTESIAN_POINT ( 'NONE',  ( -167.3528137423732005, 112.2382006122008704, -111.4913780286270395 ) ) ;
#3515 = LINE ( 'NONE', #1197, #5658 ) ;
#3516 = CARTESIAN_POINT ( 'NONE',  ( -169.4741340859000047, 110.7500000000000000, -112.1984848097999929 ) ) ;
#3517 = ORIENTED_EDGE ( 'NONE', *, *, #5207, .F. ) ;
#3518 = DIRECTION ( 'NONE',  ( -1.000000000000000000, 0.000000000000000000, 0.000000000000000000 ) ) ;
#3519 = CIRCLE ( 'NONE', #5873, 9.000000000000007105 ) ;
#3520 = ADVANCED_FACE ( 'NONE', ( #5268 ), #2431, .F. ) ;
#3521 = CARTESIAN_POINT ( 'NONE',  ( -173.0096679918999882, 135.0000000000000000, -108.6629509039000112 ) ) ;
#3522 = CARTESIAN_POINT ( 'NONE',  ( 165.2314933988000121, 43.00000000000000000, -116.4411254970000016 ) ) ;
#3523 = VECTOR ( 'NONE', #6054, 1000.000000000000114 ) ;
#3524 = CARTESIAN_POINT ( 'NONE',  ( -165.2314933988000121, 112.6250000000000000, -116.4411254970000016 ) ) ;
#3525 = ORIENTED_EDGE ( 'NONE', *, *, #1727, .F. ) ;
#3526 = EDGE_LOOP ( 'NONE', ( #5501, #3258, #2675, #437, #5587 ) ) ;
#3527 = FACE_BOUND ( 'NONE', #1828, .T. ) ;
#3528 = LINE ( 'NONE', #5073, #4824 ) ;
#3529 = EDGE_LOOP ( 'NONE', ( #5574, #4393, #3000, #1860 ) ) ;
#3530 = CARTESIAN_POINT ( 'NONE',  ( 165.2263753876909789, 114.2475727767085232, -113.6178163833089911 ) ) ;
#3531 = LINE ( 'NONE', #5440, #2069 ) ;
#3532 = CARTESIAN_POINT ( 'NONE',  ( -164.5243866176268455, 112.7617993877991296, -114.3198051533730251 ) ) ;
#3533 = EDGE_LOOP ( 'NONE', ( #4958, #5496, #4200, #2885 ) ) ;
#3534 = VERTEX_POINT ( 'NONE', #2925 ) ;
#3535 = CARTESIAN_POINT ( 'NONE',  ( 166.1237203024233224, 69.50000000000001421, -112.7204714685767328 ) ) ;
#3536 = EDGE_LOOP ( 'NONE', ( #120, #2871 ) ) ;
#3537 = CARTESIAN_POINT ( 'NONE',  ( -131.6439212925000106, 50.00000000000000000, -150.0286976033000030 ) ) ;
#3538 = LINE ( 'NONE', #5417, #470 ) ;
#3539 = ADVANCED_FACE ( 'NONE', ( #2528 ), #4343, .F. ) ;
#3540 = AXIS2_PLACEMENT_3D ( 'NONE', #2326, #2294, #1424 ) ;
#3541 = VECTOR ( 'NONE', #6001, 1000.000000000000114 ) ;
#3542 = EDGE_LOOP ( 'NONE', ( #2760, #1153, #5548, #1718 ) ) ;
#3543 = CARTESIAN_POINT ( 'NONE',  ( -125.2799602618000279, 50.00000000000000000, -156.3926586340000142 ) ) ;
#3544 = DIRECTION ( 'NONE',  ( -0.7071067811865475727, 0.000000000000000000, -0.7071067811865475727 ) ) ;
#3545 = CARTESIAN_POINT ( 'NONE',  ( -166.6508249723090671, 110.7524272232914768, -112.1933667986910024 ) ) ;
#3546 = AXIS2_PLACEMENT_3D ( 'NONE', #1199, #2747, #4624 ) ;
#3547 = DIRECTION ( 'NONE',  ( -0.000000000000000000, 1.000000000000000000, 0.000000000000000000 ) ) ;
#3548 = EDGE_CURVE ( 'NONE', #1300, #3978, #2398, .T. ) ;
#3549 = CARTESIAN_POINT ( 'NONE',  ( 40.06702755367646773, 125.5000000000048601, -197.1726188958000137 ) ) ;
#3550 = DIRECTION ( 'NONE',  ( 0.7071067811864976127, 0.000000000000000000, -0.7071067811865975328 ) ) ;
#3551 = LINE ( 'NONE', #2595, #3807 ) ;
#3552 = CIRCLE ( 'NONE', #3746, 1.875000000000001776 ) ;
#3553 = ADVANCED_FACE ( 'NONE', ( #5930 ), #2059, .F. ) ;
#3554 = DIRECTION ( 'NONE',  ( 0.7071067811865474617, 0.000000000000000000, 0.7071067811865474617 ) ) ;
#3555 = EDGE_LOOP ( 'NONE', ( #2808, #921 ) ) ;
#3556 = ORIENTED_EDGE ( 'NONE', *, *, #4222, .F. ) ;
#3557 = VECTOR ( 'NONE', #4452, 1000.000000000000114 ) ;
#3558 = FACE_OUTER_BOUND ( 'NONE', #1084, .T. ) ;
#3559 = CARTESIAN_POINT ( 'NONE',  ( 169.4741340859000047, 67.50000000000000000, -112.1984848097999929 ) ) ;
#3560 = ORIENTED_EDGE ( 'NONE', *, *, #3884, .F. ) ;
#3561 = CARTESIAN_POINT ( 'NONE',  ( 169.4741340859000047, 22.50000000000000000, -112.1984848097999929 ) ) ;
#3562 = CARTESIAN_POINT ( 'NONE',  ( 22.00000000000000000, 50.00000000000000000, -199.1726188958000137 ) ) ;
#3563 = CARTESIAN_POINT ( 'NONE',  ( -166.1237203024232940, 114.5000000000000142, -112.7204714685767470 ) ) ;
#3564 = ORIENTED_EDGE ( 'NONE', *, *, #228, .T. ) ;
#3565 = VERTEX_POINT ( 'NONE', #4992 ) ;
#3566 = CARTESIAN_POINT ( 'NONE',  ( 163.8172798364999778, 20.50000000000000000, -115.0269119346000082 ) ) ;
#3567 = CARTESIAN_POINT ( 'NONE',  ( -169.4741340859000047, 47.00000000000000000, -112.1984848097999929 ) ) ;
#3568 = ORIENTED_EDGE ( 'NONE', *, *, #4409, .F. ) ;
#3569 = DIRECTION ( 'NONE',  ( -0.7071067811865474617, 0.000000000000000000, 0.7071067811865474617 ) ) ;
#3570 = DIRECTION ( 'NONE',  ( -1.000000000000000000, 0.000000000000000000, 0.000000000000000000 ) ) ;
#3571 = CARTESIAN_POINT ( 'NONE',  ( 165.2314933988000121, 65.50000000000000000, -116.4411254970000016 ) ) ;
#3572 = CYLINDRICAL_SURFACE ( 'NONE', #4209, 1.999999999999992895 ) ;
#3573 = EDGE_CURVE ( 'NONE', #4730, #226, #4050, .T. ) ;
#3574 = DIRECTION ( 'NONE',  ( -0.7071067811865474617, 0.000000000000000000, -0.7071067811865474617 ) ) ;
#3575 = CARTESIAN_POINT ( 'NONE',  ( -162.4030662740769060, 22.50000000000000000, -116.4411254970230942 ) ) ;
#3576 = DIRECTION ( 'NONE',  ( -0.7071067811865475727, 0.000000000000000000, -0.7071067811865475727 ) ) ;
#3577 = CARTESIAN_POINT ( 'NONE',  ( 163.8172798364999778, 45.00000000000000000, -115.0269119346000082 ) ) ;
#3578 = LINE ( 'NONE', #811, #2596 ) ;
#3579 = ADVANCED_FACE ( 'NONE', ( #1340 ), #5081, .T. ) ;
#3580 = EDGE_CURVE ( 'NONE', #3227, #4948, #2470, .T. ) ;
#3581 = LINE ( 'NONE', #1676, #2317 ) ;
#3582 = ORIENTED_EDGE ( 'NONE', *, *, #3662, .F. ) ;
#3583 = ORIENTED_EDGE ( 'NONE', *, *, #3182, .T. ) ;
#3584 = AXIS2_PLACEMENT_3D ( 'NONE', #948, #4213, #3350 ) ;
#3585 = LINE ( 'NONE', #5465, #1689 ) ;
#3586 = CARTESIAN_POINT ( 'NONE',  ( 164.9957911384268812, 112.5000000000000000, -114.7912096741730892 ) ) ;
#3587 = ORIENTED_EDGE ( 'NONE', *, *, #1069, .T. ) ;
#3588 = EDGE_CURVE ( 'NONE', #2499, #1030, #1684, .T. ) ;
#3589 = CARTESIAN_POINT ( 'NONE',  ( -168.0650385347090321, 110.7524272232914626, -113.6075803610909958 ) ) ;
#3590 = CARTESIAN_POINT ( 'NONE',  ( -168.7302191111252796, 23.02349576871856485, -112.9423997846749046 ) ) ;
#3591 = ORIENTED_EDGE ( 'NONE', *, *, #1206, .T. ) ;
#3592 = ORIENTED_EDGE ( 'NONE', *, *, #4954, .T. ) ;
#3593 = CARTESIAN_POINT ( 'NONE',  ( 166.8077004861005150, 110.9006663152036367, -112.0364912848996255 ) ) ;
#3594 = CARTESIAN_POINT ( 'NONE',  ( -165.2314933988000121, 43.00000000000000000, -116.4411254970000016 ) ) ;
#3595 = AXIS2_PLACEMENT_3D ( 'NONE', #785, #323, #2665 ) ;
#3596 = ORIENTED_EDGE ( 'NONE', *, *, #4410, .T. ) ;
#3597 = AXIS2_PLACEMENT_3D ( 'NONE', #2656, #4537, #315 ) ;
#3598 = DIRECTION ( 'NONE',  ( 0.7071067811865475727, 0.000000000000000000, -0.7071067811865475727 ) ) ;
#3599 = CARTESIAN_POINT ( 'NONE',  ( 165.2314933988000121, 47.00000000000000000, -116.4411254970000016 ) ) ;
#3600 = CARTESIAN_POINT ( 'NONE',  ( 164.8077004861003445, 21.27090656005016811, -114.0364912848994976 ) ) ;
#3601 = CARTESIAN_POINT ( 'NONE',  ( 165.2314933988000121, 67.50000000000000000, -116.4411254970000016 ) ) ;
#3602 = LINE ( 'NONE', #4041, #5353 ) ;
#3603 = CARTESIAN_POINT ( 'NONE',  ( 164.5611948112747598, 23.02349576871856485, -114.2829969597250681 ) ) ;
#3604 = AXIS2_PLACEMENT_3D ( 'NONE', #4907, #3118, #4010 ) ;
#3605 = DIRECTION ( 'NONE',  ( -1.000000000000000000, 0.000000000000000000, 0.000000000000000000 ) ) ;
#3606 = DIRECTION ( 'NONE',  ( 0.7071067811865475727, -1.004859173557473481E-14, -0.7071067811865475727 ) ) ;
#3607 = FACE_OUTER_BOUND ( 'NONE', #4338, .T. ) ;
#3608 = CARTESIAN_POINT ( 'NONE',  ( -169.4741340859000047, 24.50000000000000000, -112.1984848097999929 ) ) ;
#3609 = ORIENTED_EDGE ( 'NONE', *, *, #4786, .T. ) ;
#3610 = EDGE_LOOP ( 'NONE', ( #5018, #2941 ) ) ;
#3611 = EDGE_CURVE ( 'NONE', #3040, #2598, #1339, .T. ) ;
#3612 = EDGE_CURVE ( 'NONE', #3910, #2224, #3647, .T. ) ;
#3613 = DIRECTION ( 'NONE',  ( -0.7071067811865475727, 0.000000000000000000, 0.7071067811865475727 ) ) ;
#3614 = ORIENTED_EDGE ( 'NONE', *, *, #2463, .F. ) ;
#3615 = CIRCLE ( 'NONE', #2829, 2.000000000000001776 ) ;
#3616 = CARTESIAN_POINT ( 'NONE',  ( -21.00000000000000000, 58.60000000000000142, -199.1726188958000137 ) ) ;
#3617 = EDGE_CURVE ( 'NONE', #506, #5136, #5473, .T. ) ;
#3618 = CARTESIAN_POINT ( 'NONE',  ( -169.4741340859000047, 65.50000000000000000, -112.1984848097999929 ) ) ;
#3619 = ORIENTED_EDGE ( 'NONE', *, *, #4216, .T. ) ;
#3620 = EDGE_LOOP ( 'NONE', ( #5151, #4420, #1737, #4657 ) ) ;
#3621 = ADVANCED_FACE ( 'NONE', ( #182 ), #4582, .F. ) ;
#3622 = DIRECTION ( 'NONE',  ( 1.110223024625155531E-13, 1.000000000000000000, -1.110223024625155531E-13 ) ) ;
#3623 = VECTOR ( 'NONE', #4963, 1000.000000000000114 ) ;
#3624 = CARTESIAN_POINT ( 'NONE',  ( 167.3160055487252862, 68.02349576871854708, -111.5281862222749396 ) ) ;
#3625 = ORIENTED_EDGE ( 'NONE', *, *, #3501, .F. ) ;
#3626 = CIRCLE ( 'NONE', #78, 1.200000000000001732 ) ;
#3627 = DIRECTION ( 'NONE',  ( -1.000000000000000000, 0.000000000000000000, 0.000000000000000000 ) ) ;
#3628 = EDGE_CURVE ( 'NONE', #5314, #5947, #5806, .T. ) ;
#3629 = ORIENTED_EDGE ( 'NONE', *, *, #1048, .T. ) ;
#3630 = CARTESIAN_POINT ( 'NONE',  ( 123.8657466994000060, 50.00000000000000000, -154.9784450715999924 ) ) ;
#3631 = CYLINDRICAL_SURFACE ( 'NONE', #2804, 2.500000000000010658 ) ;
#3632 = CARTESIAN_POINT ( 'NONE',  ( 82.50000000000000000, 0.000000000000000000, -199.1726188958000137 ) ) ;
#3633 = CYLINDRICAL_SURFACE ( 'NONE', #869, 3.000000000000019096 ) ;
#3634 = VECTOR ( 'NONE', #3103, 1000.000000000000000 ) ;
#3635 = ORIENTED_EDGE ( 'NONE', *, *, #1515, .F. ) ;
#3636 = CARTESIAN_POINT ( 'NONE',  ( -166.8077004861005150, 46.59933368479637039, -112.0364912848996255 ) ) ;
#3637 = CARTESIAN_POINT ( 'NONE',  ( -163.8172798364999778, 24.50000000000000000, -115.0269119346000082 ) ) ;
#3638 = VECTOR ( 'NONE', #746, 1000.000000000000114 ) ;
#3639 = DIRECTION ( 'NONE',  ( 0.7071067811865475727, 0.000000000000000000, -0.7071067811865475727 ) ) ;
#3640 = DIRECTION ( 'NONE',  ( -0.7071067811865475727, 0.000000000000000000, -0.7071067811865475727 ) ) ;
#3641 = VERTEX_POINT ( 'NONE', #3566 ) ;
#3642 = ORIENTED_EDGE ( 'NONE', *, *, #5105, .T. ) ;
#3643 = AXIS2_PLACEMENT_3D ( 'NONE', #920, #895, #2771 ) ;
#3644 = DIRECTION ( 'NONE',  ( -0.7071067811865474617, 0.000000000000000000, -0.7071067811865474617 ) ) ;
#3645 = EDGE_LOOP ( 'NONE', ( #5415, #4961, #5928, #1106 ) ) ;
#3646 = FACE_OUTER_BOUND ( 'NONE', #952, .T. ) ;
#3647 = CIRCLE ( 'NONE', #3454, 1.200000000000011502 ) ;
#3648 = CARTESIAN_POINT ( 'NONE',  ( -167.1743207410276568, 113.5072379607417616, -111.6698710299724553 ) ) ;
#3649 = ORIENTED_EDGE ( 'NONE', *, *, #1505, .T. ) ;
#3650 = ORIENTED_EDGE ( 'NONE', *, *, #2491, .F. ) ;
#3651 = DIRECTION ( 'NONE',  ( 1.000000000000000000, 0.000000000000000000, 0.000000000000000000 ) ) ;
#3652 = CARTESIAN_POINT ( 'NONE',  ( 166.1170931813722689, 88.99276203925820994, -115.5555257144275174 ) ) ;
#3653 = EDGE_LOOP ( 'NONE', ( #2241, #655, #5968, #1398 ) ) ;
#3654 = ADVANCED_FACE ( 'NONE', ( #4551 ), #4614, .F. ) ;
#3655 = DIRECTION ( 'NONE',  ( 0.7071067811864976127, 0.000000000000000000, 0.7071067811865975328 ) ) ;
#3656 = ADVANCED_FACE ( 'NONE', ( #5444, #6014, #5048, #3680, #1031, #2848, #5646, #2787, #5591, #1830, #5620, #4202, #4259, #3712, #937, #1370 ), #41, .T. ) ;
#3657 = LINE ( 'NONE', #1661, #3042 ) ;
#3658 = ORIENTED_EDGE ( 'NONE', *, *, #5248, .F. ) ;
#3659 = ADVANCED_FACE ( 'NONE', ( #3310 ), #3799, .F. ) ;
#3660 = CARTESIAN_POINT ( 'NONE',  ( 168.7670273047729950, 67.50000000000000000, -112.9055915910270045 ) ) ;
#3661 = CARTESIAN_POINT ( 'NONE',  ( 168.4837134362996665, 66.27090656005015035, -113.1889054595004893 ) ) ;
#3662 = EDGE_CURVE ( 'NONE', #6000, #5711, #5138, .T. ) ;
#3663 = CARTESIAN_POINT ( 'NONE',  ( 165.5684327720165641, 24.44794535333663887, -113.2757589989833349 ) ) ;
#3664 = DIRECTION ( 'NONE',  ( -0.7071067811865475727, 0.000000000000000000, -0.7071067811865475727 ) ) ;
#3665 = ORIENTED_EDGE ( 'NONE', *, *, #2080, .F. ) ;
#3666 = DIRECTION ( 'NONE',  ( 0.000000000000000000, 0.000000000000000000, 1.000000000000000000 ) ) ;
#3667 = CARTESIAN_POINT ( 'NONE',  ( 168.5885343034276502, 111.4927620392581957, -113.0840845923724771 ) ) ;
#3668 = B_SPLINE_CURVE_WITH_KNOTS ( 'NONE', 3,
 ( #4241, #947, #1465, #5654, #1434, #5142, #1406, #425, #5230, #3291, #3749, #1495, #23, #3319, #3265, #3777, #5626, #4768 ),
 .UNSPECIFIED., .F., .F.,
 ( 4, 2, 2, 2, 2, 2, 2, 2, 4 ),
 ( -1.000000000000000000, -0.8750000000000000000, -0.7500000000000000000, -0.6250000000000000000, -0.5000000000000000000, -0.3750000000000000000, -0.2500000000000000000, -0.1250000000000000000, -0.000000000000000000 ),
 .UNSPECIFIED. ) ;
#3669 = CARTESIAN_POINT ( 'NONE',  ( 168.7670273047731939, 44.73820061220084199, -112.9055915910270187 ) ) ;
#3670 = ORIENTED_EDGE ( 'NONE', *, *, #2493, .T. ) ;
#3671 = VERTEX_POINT ( 'NONE', #5191 ) ;
#3672 = DIRECTION ( 'NONE',  ( 0.7071067811865474617, 0.000000000000000000, 0.7071067811865474617 ) ) ;
#3673 = DIRECTION ( 'NONE',  ( 0.7071067811864976127, 0.000000000000000000, -0.7071067811865975328 ) ) ;
#3674 = CIRCLE ( 'NONE', #4166, 1.199999999999999734 ) ;
#3675 = CARTESIAN_POINT ( 'NONE',  ( -136.5936687608000000, 50.00000000000000000, -142.2505230103000144 ) ) ;
#3676 = CIRCLE ( 'NONE', #4372, 1.875000000000001776 ) ;
#3677 = FACE_OUTER_BOUND ( 'NONE', #3375, .T. ) ;
#3678 = ORIENTED_EDGE ( 'NONE', *, *, #488, .F. ) ;
#3679 = ORIENTED_EDGE ( 'NONE', *, *, #2654, .F. ) ;
#3680 = FACE_BOUND ( 'NONE', #5502, .T. ) ;
#3681 = EDGE_CURVE ( 'NONE', #3534, #81, #1851, .T. ) ;
#3682 = CARTESIAN_POINT ( 'NONE',  ( 165.9754083736748385, 89.47650423128145292, -115.6972105221250899 ) ) ;
#3683 = ORIENTED_EDGE ( 'NONE', *, *, #3548, .T. ) ;
#3684 = CARTESIAN_POINT ( 'NONE',  ( 165.0871860658000116, 67.50000000000000000, -112.0541774767999925 ) ) ;
#3685 = VERTEX_POINT ( 'NONE', #5704 ) ;
#3686 = AXIS2_PLACEMENT_3D ( 'NONE', #1389, #6031, #5579 ) ;
#3687 = EDGE_CURVE ( 'NONE', #706, #3309, #4631, .T. ) ;
#3688 = AXIS2_PLACEMENT_3D ( 'NONE', #1536, #5721, #1903 ) ;
#3689 = CIRCLE ( 'NONE', #1040, 9.999999999999994671 ) ;
#3690 = LINE ( 'NONE', #399, #5193 ) ;
#3691 = CIRCLE ( 'NONE', #5560, 1.200000000000001732 ) ;
#3692 = DIRECTION ( 'NONE',  ( -0.7071067811865975328, 0.000000000000000000, 0.7071067811864976127 ) ) ;
#3693 = CARTESIAN_POINT ( 'NONE',  ( 163.8172798364269056, 22.50000000000000000, -117.8553390593730938 ) ) ;
#3694 = DIRECTION ( 'NONE',  ( -0.7071067811864976127, 0.000000000000000000, 0.7071067811865975328 ) ) ;
#3695 = EDGE_CURVE ( 'NONE', #2023, #2572, #5419, .T. ) ;
#3696 = CARTESIAN_POINT ( 'NONE',  ( -164.5611948112747598, 45.52349576871856129, -114.2829969597250823 ) ) ;
#3697 = CARTESIAN_POINT ( 'NONE',  ( -166.1170931813723541, 43.99276203925820283, -115.5555257144275316 ) ) ;
#3698 = CARTESIAN_POINT ( 'NONE',  ( 165.9386001800268104, 112.2382006122008846, -115.7340187157729758 ) ) ;
#3699 = CIRCLE ( 'NONE', #2134, 1.200000000000011502 ) ;
#3700 = DIRECTION ( 'NONE',  ( -1.000000000000000000, 0.000000000000000000, 0.000000000000000000 ) ) ;
#3701 = ORIENTED_EDGE ( 'NONE', *, *, #2687, .F. ) ;
#3702 = ORIENTED_EDGE ( 'NONE', *, *, #5157, .T. ) ;
#3703 = AXIS2_PLACEMENT_3D ( 'NONE', #5187, #4754, #1451 ) ;
#3704 = EDGE_CURVE ( 'NONE', #3855, #5982, #3947, .T. ) ;
#3705 = DIRECTION ( 'NONE',  ( 0.7071067811865475727, 0.000000000000000000, -0.7071067811865475727 ) ) ;
#3706 = DIRECTION ( 'NONE',  ( 1.000000000000000000, 0.000000000000000000, 0.000000000000000000 ) ) ;
#3707 = B_SPLINE_CURVE_WITH_KNOTS ( 'NONE', 3,
 ( #5737, #4955, #3495, #610 ),
 .UNSPECIFIED., .F., .F.,
 ( 4, 4 ),
 ( 0.000000000000000000, 1.000000000000000000 ),
 .UNSPECIFIED. ) ;
#3708 = CARTESIAN_POINT ( 'NONE',  ( 82.50000000000000000, 0.000000000000000000, -199.1726188958000137 ) ) ;
#3709 = CARTESIAN_POINT ( 'NONE',  ( 168.0599205235999989, 90.00000000000000000, -110.7842712475000155 ) ) ;
#3710 = VERTEX_POINT ( 'NONE', #18 ) ;
#3711 = ORIENTED_EDGE ( 'NONE', *, *, #768, .F. ) ;
#3712 = FACE_BOUND ( 'NONE', #1706, .T. ) ;
#3713 = CARTESIAN_POINT ( 'NONE',  ( 165.9386001800268104, 89.73820061220085620, -115.7340187157729758 ) ) ;
#3714 = ORIENTED_EDGE ( 'NONE', *, *, #1061, .T. ) ;
#3715 = DIRECTION ( 'NONE',  ( 0.7071067811865476838, -0.000000000000000000, -0.7071067811865473507 ) ) ;
#3716 = CARTESIAN_POINT ( 'NONE',  ( 167.3528137423729731, 45.00000000000000000, -111.4913780286270111 ) ) ;
#3717 = AXIS2_PLACEMENT_3D ( 'NONE', #4904, #1632, #4312 ) ;
#3718 = CIRCLE ( 'NONE', #2645, 2.999999999999988898 ) ;
#3719 = DIRECTION ( 'NONE',  ( 0.000000000000000000, 1.000000000000000000, 0.000000000000000000 ) ) ;
#3720 = CARTESIAN_POINT ( 'NONE',  ( 169.4741340859000047, 20.50000000000000000, -112.1984848097999929 ) ) ;
#3721 = DIRECTION ( 'NONE',  ( 7.401486830834370205E-14, -1.000000000000000000, -6.661338147750932932E-14 ) ) ;
#3722 = LINE ( 'NONE', #1408, #5973 ) ;
#3723 = EDGE_CURVE ( 'NONE', #1091, #3340, #4635, .T. ) ;
#3724 = DIRECTION ( 'NONE',  ( 0.7071067811865474617, 0.000000000000000000, -0.7071067811865474617 ) ) ;
#3725 = ORIENTED_EDGE ( 'NONE', *, *, #1290, .F. ) ;
#3726 = CARTESIAN_POINT ( 'NONE',  ( 19.80000000000000071, 58.60000000000000142, -197.1726188958000137 ) ) ;
#3727 = CARTESIAN_POINT ( 'NONE',  ( 155.1198664278999786, 58.60000000000000142, -123.7243253431999932 ) ) ;
#3728 = ADVANCED_FACE ( 'NONE', ( #5163 ), #4728, .F. ) ;
#3729 = CARTESIAN_POINT ( 'NONE',  ( 167.3528137423729731, 45.00000000000000000, -111.4913780286270111 ) ) ;
#3730 = CIRCLE ( 'NONE', #2953, 3.000000000000002665 ) ;
#3731 = EDGE_LOOP ( 'NONE', ( #4839, #303, #211, #2926 ) ) ;
#3732 = EDGE_LOOP ( 'NONE', ( #1154, #1584, #4587, #1822 ) ) ;
#3733 = AXIS2_PLACEMENT_3D ( 'NONE', #822, #1890, #1774 ) ;
#3734 = VECTOR ( 'NONE', #2365, 1000.000000000000114 ) ;
#3735 = CARTESIAN_POINT ( 'NONE',  ( -81.67157287524999276, 0.000000000000000000, -197.1726188958000137 ) ) ;
#3736 = VERTEX_POINT ( 'NONE', #3342 ) ;
#3737 = CARTESIAN_POINT ( 'NONE',  ( 166.6508249723090671, 46.74757277670850897, -112.1933667986910024 ) ) ;
#3738 = EDGE_CURVE ( 'NONE', #3758, #5533, #1481, .T. ) ;
#3739 = VECTOR ( 'NONE', #109, 1000.000000000000000 ) ;
#3740 = DIRECTION ( 'NONE',  ( 0.000000000000000000, -1.000000000000000000, 0.000000000000000000 ) ) ;
#3741 = VERTEX_POINT ( 'NONE', #2419 ) ;
#3742 = EDGE_LOOP ( 'NONE', ( #424, #3937, #1775, #2460 ) ) ;
#3743 = DIRECTION ( 'NONE',  ( -1.387778780781444413E-14, -1.000000000000000000, -1.387778780781444413E-14 ) ) ;
#3744 = CARTESIAN_POINT ( 'NONE',  ( 167.1676936199767169, 88.00000000000000000, -114.5049252758232683 ) ) ;
#3745 = ORIENTED_EDGE ( 'NONE', *, *, #1069, .F. ) ;
#3746 = AXIS2_PLACEMENT_3D ( 'NONE', #5780, #4844, #2991 ) ;
#3747 = DIRECTION ( 'NONE',  ( 1.000000000000000000, 0.000000000000000000, 0.000000000000000000 ) ) ;
#3748 = EDGE_LOOP ( 'NONE', ( #1714, #461 ) ) ;
#3749 = CARTESIAN_POINT ( 'NONE',  ( 165.5684327720166493, 65.55205464666337889, -113.2757589989833491 ) ) ;
#3750 = DIRECTION ( 'NONE',  ( 0.7071067811866001973, 0.000000000000000000, 0.7071067811864948371 ) ) ;
#3751 = CYLINDRICAL_SURFACE ( 'NONE', #1844, 1.999999999999992895 ) ;
#3752 = CARTESIAN_POINT ( 'NONE',  ( 165.2314933988000121, 112.6250000000000000, -116.4411254970000016 ) ) ;
#3753 = EDGE_CURVE ( 'NONE', #5963, #3498, #6003, .T. ) ;
#3754 = ORIENTED_EDGE ( 'NONE', *, *, #915, .F. ) ;
#3755 = DIRECTION ( 'NONE',  ( 0.7071067811865975328, 0.000000000000000000, -0.7071067811864976127 ) ) ;
#3756 = LINE ( 'NONE', #377, #5065 ) ;
#3757 = DIRECTION ( 'NONE',  ( 0.000000000000000000, 0.000000000000000000, -1.000000000000000000 ) ) ;
#3758 = VERTEX_POINT ( 'NONE', #72 ) ;
#3759 = ORIENTED_EDGE ( 'NONE', *, *, #1989, .T. ) ;
#3760 = EDGE_CURVE ( 'NONE', #2014, #990, #244, .T. ) ;
#3761 = EDGE_CURVE ( 'NONE', #473, #702, #1615, .T. ) ;
#3762 = FACE_BOUND ( 'NONE', #1522, .T. ) ;
#3763 = DIRECTION ( 'NONE',  ( 0.000000000000000000, 0.000000000000000000, 1.000000000000000000 ) ) ;
#3764 = CARTESIAN_POINT ( 'NONE',  ( 98.40990257669999153, 123.0000000000000000, -183.2627163190999795 ) ) ;
#3765 = DIRECTION ( 'NONE',  ( 0.000000000000000000, 0.000000000000000000, -1.000000000000000000 ) ) ;
#3766 = EDGE_LOOP ( 'NONE', ( #1292, #5212, #436, #603 ) ) ;
#3767 = ORIENTED_EDGE ( 'NONE', *, *, #690, .T. ) ;
#3768 = DIRECTION ( 'NONE',  ( 0.7071067811865969777, 0.000000000000000000, 0.7071067811864980568 ) ) ;
#3769 = ADVANCED_FACE ( 'NONE', ( #4829 ), #4392, .F. ) ;
#3770 = CARTESIAN_POINT ( 'NONE',  ( -167.3528137423732005, 90.26179938779915801, -111.4913780286270111 ) ) ;
#3771 = ORIENTED_EDGE ( 'NONE', *, *, #4293, .F. ) ;
#3772 = DIRECTION ( 'NONE',  ( -1.387778780781444413E-14, -1.000000000000000000, -1.387778780781444413E-14 ) ) ;
#3773 = AXIS2_PLACEMENT_3D ( 'NONE', #4407, #4470, #590 ) ;
#3774 = DIRECTION ( 'NONE',  ( -1.000000000000000000, 0.000000000000000000, 0.000000000000000000 ) ) ;
#3775 = ORIENTED_EDGE ( 'NONE', *, *, #3687, .T. ) ;
#3776 = AXIS2_PLACEMENT_3D ( 'NONE', #2362, #1004, #3772 ) ;
#3777 = CARTESIAN_POINT ( 'NONE',  ( 164.5611948112747598, 66.97650423128143871, -114.2829969597250823 ) ) ;
#3778 = LINE ( 'NONE', #2395, #4266 ) ;
#3779 = CYLINDRICAL_SURFACE ( 'NONE', #4698, 9.000000000000007105 ) ;
#3780 = VECTOR ( 'NONE', #168, 1000.000000000000114 ) ;
#3781 = CARTESIAN_POINT ( 'NONE',  ( -165.4671956592269453, 112.4999999999999858, -115.2626141949730822 ) ) ;
#3782 = EDGE_LOOP ( 'NONE', ( #1742, #232 ) ) ;
#3783 = CARTESIAN_POINT ( 'NONE',  ( -168.0650385347090321, 43.25242722329148393, -113.6075803610909958 ) ) ;
#3784 = CARTESIAN_POINT ( 'NONE',  ( 169.4741340859000047, 92.00000000000000000, -112.1984848097999929 ) ) ;
#3785 = AXIS2_PLACEMENT_3D ( 'NONE', #2566, #2593, #2197 ) ;
#3786 = CARTESIAN_POINT ( 'NONE',  ( 165.9386001800270094, 22.50000000000000000, -115.7340187157729900 ) ) ;
#3787 = ORIENTED_EDGE ( 'NONE', *, *, #1254, .F. ) ;
#3788 = ORIENTED_EDGE ( 'NONE', *, *, #4876, .F. ) ;
#3789 = CARTESIAN_POINT ( 'NONE',  ( 21.00000000000000000, 41.39999999999999858, -199.1726188958000137 ) ) ;
#3790 = LINE ( 'NONE', #1857, #459 ) ;
#3791 = CIRCLE ( 'NONE', #361, 2.000000000000001776 ) ;
#3792 = CARTESIAN_POINT ( 'NONE',  ( 164.8077004861003729, 46.22909343994984255, -114.0364912848995260 ) ) ;
#3793 = EDGE_CURVE ( 'NONE', #2110, #1895, #2912, .T. ) ;
#3794 = EDGE_CURVE ( 'NONE', #3470, #1895, #4342, .T. ) ;
#3795 = VECTOR ( 'NONE', #4723, 1000.000000000000000 ) ;
#3796 = CARTESIAN_POINT ( 'NONE',  ( 168.4837134362996665, 68.72909343994982123, -113.1889054595005035 ) ) ;
#3797 = EDGE_LOOP ( 'NONE', ( #3815, #3967, #6042, #1096 ) ) ;
#3798 = EDGE_LOOP ( 'NONE', ( #3160, #262, #4150, #3596 ) ) ;
#3799 = CYLINDRICAL_SURFACE ( 'NONE', #1476, 1.999999999999992895 ) ;
#3800 = DIRECTION ( 'NONE',  ( 0.7071067811865474617, 0.000000000000000000, 0.7071067811865474617 ) ) ;
#3801 = ORIENTED_EDGE ( 'NONE', *, *, #2980, .T. ) ;
#3802 = DIRECTION ( 'NONE',  ( 0.7071067811865475727, 0.000000000000000000, 0.7071067811865475727 ) ) ;
#3803 = FACE_OUTER_BOUND ( 'NONE', #134, .T. ) ;
#3804 = EDGE_CURVE ( 'NONE', #1255, #1891, #1975, .T. ) ;
#3805 = EDGE_CURVE ( 'NONE', #5505, #4433, #609, .T. ) ;
#3806 = ORIENTED_EDGE ( 'NONE', *, *, #2127, .F. ) ;
#3807 = VECTOR ( 'NONE', #3063, 1000.000000000000114 ) ;
#3808 = CYLINDRICAL_SURFACE ( 'NONE', #301, 1.999999999999992895 ) ;
#3809 = DIRECTION ( 'NONE',  ( 0.7071067811864976127, 0.000000000000000000, -0.7071067811865975328 ) ) ;
#3810 = DIRECTION ( 'NONE',  ( 0.7071067811865475727, 0.000000000000000000, -0.7071067811865475727 ) ) ;
#3811 = AXIS2_PLACEMENT_3D ( 'NONE', #1694, #5964, #4935 ) ;
#3812 = CIRCLE ( 'NONE', #2443, 2.500000000000000888 ) ;
#3813 = LINE ( 'NONE', #4740, #4436 ) ;
#3814 = AXIS2_PLACEMENT_3D ( 'NONE', #2396, #4770, #5175 ) ;
#3815 = ORIENTED_EDGE ( 'NONE', *, *, #4997, .F. ) ;
#3816 = DIRECTION ( 'NONE',  ( 0.000000000000000000, 0.000000000000000000, -1.000000000000000000 ) ) ;
#3817 = DIRECTION ( 'NONE',  ( -0.7071067811865475727, 0.000000000000000000, -0.7071067811865475727 ) ) ;
#3818 = FACE_BOUND ( 'NONE', #2739, .T. ) ;
#3819 = CARTESIAN_POINT ( 'NONE',  ( 166.6405889500909439, 24.24757277670852318, -115.0320299457089988 ) ) ;
#3820 = ORIENTED_EDGE ( 'NONE', *, *, #4980, .F. ) ;
#3821 = ORIENTED_EDGE ( 'NONE', *, *, #1393, .F. ) ;
#3822 = CARTESIAN_POINT ( 'NONE',  ( 165.2314933988000121, 114.5000000000000000, -116.4411254970000016 ) ) ;
#3823 = CARTESIAN_POINT ( 'NONE',  ( -165.2314933988000121, 24.50000000000000000, -116.4411254970000016 ) ) ;
#3824 = FACE_OUTER_BOUND ( 'NONE', #143, .T. ) ;
#3825 = CARTESIAN_POINT ( 'NONE',  ( -85.99950965933170721, 9.500000000000108358, -180.8446821117182139 ) ) ;
#3826 = VECTOR ( 'NONE', #5293, 1000.000000000000114 ) ;
#3827 = DIRECTION ( 'NONE',  ( -0.7071067811865475727, 0.000000000000000000, -0.7071067811865475727 ) ) ;
#3828 = VERTEX_POINT ( 'NONE', #3958 ) ;
#3829 = ORIENTED_EDGE ( 'NONE', *, *, #2673, .T. ) ;
#3830 = CARTESIAN_POINT ( 'NONE',  ( -168.7670273047729950, 67.50000000000000000, -112.9055915910270045 ) ) ;
#3831 = CYLINDRICAL_SURFACE ( 'NONE', #4720, 2.500000000000010658 ) ;
#3832 = EDGE_CURVE ( 'NONE', #304, #176, #4882, .T. ) ;
#3833 = ORIENTED_EDGE ( 'NONE', *, *, #5764, .F. ) ;
#3834 = AXIS2_PLACEMENT_3D ( 'NONE', #3311, #3898, #5770 ) ;
#3835 = B_SPLINE_CURVE_WITH_KNOTS ( 'NONE', 3,
 ( #1576, #1056, #2378, #1444, #4250, #4880, #1541, #988, #4781, #1971, #5663, #3819, #2931, #5693, #1904, #4380, #161, #3786 ),
 .UNSPECIFIED., .F., .F.,
 ( 4, 2, 2, 2, 2, 2, 2, 2, 4 ),
 ( -1.000000000000000000, -0.8750000000000000000, -0.7500000000000000000, -0.6250000000000000000, -0.5000000000000000000, -0.3750000000000000000, -0.2500000000000000000, -0.1250000000000000000, -0.000000000000000000 ),
 .UNSPECIFIED. ) ;
#3836 = DIRECTION ( 'NONE',  ( -2.516505522483685971E-13, 1.000000000000000000, -2.516505522483685971E-13 ) ) ;
#3837 = CARTESIAN_POINT ( 'NONE',  ( -138.0078823230999774, 50.00000000000000000, -143.6647365726000203 ) ) ;
#3838 = CARTESIAN_POINT ( 'NONE',  ( -19.80000000000000071, 58.60000000000000142, -199.1726188958000137 ) ) ;
#3839 = ORIENTED_EDGE ( 'NONE', *, *, #5949, .F. ) ;
#3840 = EDGE_CURVE ( 'NONE', #5114, #3340, #1588, .T. ) ;
#3841 = AXIS2_PLACEMENT_3D ( 'NONE', #3165, #391, #4148 ) ;
#3842 = LINE ( 'NONE', #5713, #3734 ) ;
#3843 = ADVANCED_FACE ( 'NONE', ( #1646 ), #664, .F. ) ;
#3844 = CARTESIAN_POINT ( 'NONE',  ( -94.12083000289139534, 9.500000000000108358, -184.7233617681585827 ) ) ;
#3845 = CARTESIAN_POINT ( 'NONE',  ( -167.5379338648232590, 20.49999999999999645, -114.1346850309767404 ) ) ;
#3846 = AXIS2_PLACEMENT_3D ( 'NONE', #1889, #966, #2329 ) ;
#3847 = CARTESIAN_POINT ( 'NONE',  ( -169.4741340859000047, 65.50000000000000000, -112.1984848097999929 ) ) ;
#3848 = VERTEX_POINT ( 'NONE', #4919 ) ;
#3849 = CARTESIAN_POINT ( 'NONE',  ( -165.9386001800268389, 89.73820061220084199, -115.7340187157730043 ) ) ;
#3850 = EDGE_CURVE ( 'NONE', #190, #2786, #1068, .T. ) ;
#3851 = DIRECTION ( 'NONE',  ( 0.7071067811865475727, 0.000000000000000000, -0.7071067811865475727 ) ) ;
#3852 = CYLINDRICAL_SURFACE ( 'NONE', #1733, 1.199999999999999734 ) ;
#3853 = CARTESIAN_POINT ( 'NONE',  ( -168.7670273047729950, 67.50000000000000000, -112.9055915910270045 ) ) ;
#3854 = ORIENTED_EDGE ( 'NONE', *, *, #6045, .F. ) ;
#3855 = VERTEX_POINT ( 'NONE', #230 ) ;
#3856 = CARTESIAN_POINT ( 'NONE',  ( 168.4837134362996665, 91.22909343994980702, -113.1889054595005035 ) ) ;
#3857 = CARTESIAN_POINT ( 'NONE',  ( 168.0650385347090321, 20.75242722329148393, -113.6075803610909958 ) ) ;
#3858 = DIRECTION ( 'NONE',  ( 0.7071067811864980568, 0.000000000000000000, -0.7071067811865969777 ) ) ;
#3859 = DIRECTION ( 'NONE',  ( 0.000000000000000000, 0.000000000000000000, -1.000000000000000000 ) ) ;
#3860 = CARTESIAN_POINT ( 'NONE',  ( 165.9386001800270094, 67.50000000000000000, -115.7340187157729900 ) ) ;
#3861 = ORIENTED_EDGE ( 'NONE', *, *, #2427, .F. ) ;
#3862 = ORIENTED_EDGE ( 'NONE', *, *, #5489, .F. ) ;
#3863 = DIRECTION ( 'NONE',  ( -0.7071067811864980568, 0.000000000000000000, 0.7071067811865969777 ) ) ;
#3864 = DIRECTION ( 'NONE',  ( -0.7071067811865499042, 0.000000000000000000, -0.7071067811865451302 ) ) ;
#3865 = ORIENTED_EDGE ( 'NONE', *, *, #3832, .F. ) ;
#3866 = CARTESIAN_POINT ( 'NONE',  ( 167.1743207410276852, 113.5072379607418185, -111.6698710299724695 ) ) ;
#3867 = DIRECTION ( 'NONE',  ( -0.000000000000000000, -0.000000000000000000, -1.000000000000000000 ) ) ;
#3868 = CARTESIAN_POINT ( 'NONE',  ( -165.2263753876909504, 24.24757277670851252, -113.6178163833090338 ) ) ;
#3869 = PRODUCT_DEFINITION ( 'Êú', '', #2324, #2521 ) ;
#3870 = ORIENTED_EDGE ( 'NONE', *, *, #732, .T. ) ;
#3871 = ORIENTED_EDGE ( 'NONE', *, *, #4599, .T. ) ;
#3872 = CARTESIAN_POINT ( 'NONE',  ( -165.7534800575766951, 69.50000000000001421, -113.0907117134232607 ) ) ;
#3873 = DIRECTION ( 'NONE',  ( 0.7071067811865475727, 0.000000000000000000, -0.7071067811865475727 ) ) ;
#3874 = ADVANCED_FACE ( 'NONE', ( #3527, #3072, #1679, #5012, #2143, #296, #4951, #2177, #4981, #5923, #784, #4022, #2664, #4514, #4055, #3097 ), #322, .T. ) ;
#3875 = EDGE_CURVE ( 'NONE', #2231, #5243, #3585, .T. ) ;
#3876 = CIRCLE ( 'NONE', #5258, 2.000000000000001776 ) ;
#3877 = CARTESIAN_POINT ( 'NONE',  ( -155.6855518527999607, 41.39999999999999858, -125.9870670429999961 ) ) ;
#3878 = ORIENTED_EDGE ( 'NONE', *, *, #2863, .T. ) ;
#3879 = CARTESIAN_POINT ( 'NONE',  ( -19.80000000000000071, 41.39999999999999858, -197.1726188958000137 ) ) ;
#3880 = DIRECTION ( 'NONE',  ( 0.7071067811865975328, 0.000000000000000000, -0.7071067811864976127 ) ) ;
#3881 = CARTESIAN_POINT ( 'NONE',  ( 126.8355951803999915, 41.39999999999999858, -154.8370237153999938 ) ) ;
#3882 = FACE_BOUND ( 'NONE', #2421, .T. ) ;
#3883 = ADVANCED_FACE ( 'NONE', ( #3128 ), #264, .F. ) ;
#3884 = EDGE_CURVE ( 'NONE', #1664, #5724, #1388, .T. ) ;
#3885 = DIRECTION ( 'NONE',  ( 0.000000000000000000, 1.000000000000000000, 0.000000000000000000 ) ) ;
#3886 = ORIENTED_EDGE ( 'NONE', *, *, #1699, .T. ) ;
#3887 = CARTESIAN_POINT ( 'NONE',  ( 167.7229811503833901, 91.94794535333662111, -113.9496377454166236 ) ) ;
#3888 = AXIS2_PLACEMENT_3D ( 'NONE', #4111, #3159, #4983 ) ;
#3889 = CIRCLE ( 'NONE', #3490, 2.500000000000002220 ) ;
#3890 = CARTESIAN_POINT ( 'NONE',  ( 165.9386001800270094, 22.50000000000000000, -115.7340187157729900 ) ) ;
#3891 = CIRCLE ( 'NONE', #4092, 3.000000000000002665 ) ;
#3892 = CARTESIAN_POINT ( 'NONE',  ( 132.0584311265070596, 125.5000000000048601, -149.6141877692929540 ) ) ;
#3893 = LINE ( 'NONE', #630, #2137 ) ;
#3894 = CARTESIAN_POINT ( 'NONE',  ( 165.9754083736747532, 68.02349576871857550, -115.6972105221250615 ) ) ;
#3895 = ORIENTED_EDGE ( 'NONE', *, *, #1132, .T. ) ;
#3896 = ORIENTED_EDGE ( 'NONE', *, *, #4009, .T. ) ;
#3897 = CARTESIAN_POINT ( 'NONE',  ( 155.6855518527999607, 41.39999999999999858, -125.9870670429999961 ) ) ;
#3898 = DIRECTION ( 'NONE',  ( 0.000000000000000000, 0.000000000000000000, -1.000000000000000000 ) ) ;
#3899 = EDGE_LOOP ( 'NONE', ( #1854, #4959, #6077, #3895 ) ) ;
#3900 = DIRECTION ( 'NONE',  ( -0.7071067811865475727, 0.000000000000000000, -0.7071067811865475727 ) ) ;
#3901 = CARTESIAN_POINT ( 'NONE',  ( -124.5728534806000027, 41.39999999999999858, -154.2713382903999957 ) ) ;
#3902 = CARTESIAN_POINT ( 'NONE',  ( -165.5684327720165641, 65.55205464666336468, -113.2757589989833349 ) ) ;
#3903 = ORIENTED_EDGE ( 'NONE', *, *, #2351, .T. ) ;
#3904 = CIRCLE ( 'NONE', #2920, 2.500000000000002220 ) ;
#3905 = VERTEX_POINT ( 'NONE', #1207 ) ;
#3906 = AXIS2_PLACEMENT_3D ( 'NONE', #5639, #875, #2842 ) ;
#3907 = FACE_BOUND ( 'NONE', #62, .T. ) ;
#3908 = CARTESIAN_POINT ( 'NONE',  ( -164.5611948112747598, 21.97650423128144226, -114.2829969597250681 ) ) ;
#3909 = DIRECTION ( 'NONE',  ( -0.7071067811865475727, 0.000000000000000000, 0.7071067811865475727 ) ) ;
#3910 = VERTEX_POINT ( 'NONE', #4485 ) ;
#3911 = DIRECTION ( 'NONE',  ( 1.000000000000000000, 0.000000000000000000, 0.000000000000000000 ) ) ;
#3912 = CYLINDRICAL_SURFACE ( 'NONE', #4484, 1.999999999999992895 ) ;
#3913 = CARTESIAN_POINT ( 'NONE',  ( -166.1237203024233224, 110.5000000000000000, -112.7204714685767328 ) ) ;
#3914 = FACE_BOUND ( 'NONE', #5043, .T. ) ;
#3915 = DIRECTION ( 'NONE',  ( 0.7071067811865475727, 0.000000000000000000, 0.7071067811865475727 ) ) ;
#3916 = ORIENTED_EDGE ( 'NONE', *, *, #3922, .F. ) ;
#3917 = AXIS2_PLACEMENT_3D ( 'NONE', #4996, #5872, #332 ) ;
#3918 = CYLINDRICAL_SURFACE ( 'NONE', #3012, 2.999999999999975131 ) ;
#3919 = CARTESIAN_POINT ( 'NONE',  ( -167.3528137423729731, 67.50000000000000000, -111.4913780286270111 ) ) ;
#3920 = AXIS2_PLACEMENT_3D ( 'NONE', #1920, #4264, #3836 ) ;
#3921 = ADVANCED_FACE ( 'NONE', ( #3558 ), #5436, .F. ) ;
#3922 = EDGE_CURVE ( 'NONE', #5982, #3855, #2971, .T. ) ;
#3923 = CARTESIAN_POINT ( 'NONE',  ( -168.0650385347090321, 69.24757277670853739, -113.6075803610909958 ) ) ;
#3924 = LINE ( 'NONE', #4825, #539 ) ;
#3925 = ORIENTED_EDGE ( 'NONE', *, *, #3509, .F. ) ;
#3926 = ORIENTED_EDGE ( 'NONE', *, *, #3167, .F. ) ;
#3927 = EDGE_CURVE ( 'NONE', #1072, #2332, #3478, .T. ) ;
#3928 = CARTESIAN_POINT ( 'NONE',  ( -163.8172798364999778, 88.00000000000000000, -115.0269119346000082 ) ) ;
#3929 = ORIENTED_EDGE ( 'NONE', *, *, #4969, .F. ) ;
#3930 = EDGE_CURVE ( 'NONE', #879, #5891, #1567, .T. ) ;
#3931 = CIRCLE ( 'NONE', #972, 2.000000000000001776 ) ;
#3932 = CARTESIAN_POINT ( 'NONE',  ( 125.1385389054999990, 41.39999999999999858, -156.5340799901999844 ) ) ;
#3933 = CARTESIAN_POINT ( 'NONE',  ( -166.2219140485003948, 46.22909343994983544, -115.4507048472995052 ) ) ;
#3934 = CARTESIAN_POINT ( 'NONE',  ( -163.8172798364999778, 45.00000000000000000, -115.0269119346000082 ) ) ;
#3935 = ORIENTED_EDGE ( 'NONE', *, *, #3059, .F. ) ;
#3936 = CIRCLE ( 'NONE', #5511, 9.000000000000000000 ) ;
#3937 = ORIENTED_EDGE ( 'NONE', *, *, #5992, .F. ) ;
#3938 = LINE ( 'NONE', #2461, #5739 ) ;
#3939 = CARTESIAN_POINT ( 'NONE',  ( -168.7670273047731655, 22.23820061220085265, -112.9055915910270045 ) ) ;
#3940 = CIRCLE ( 'NONE', #4323, 2.999999999999975131 ) ;
#3941 = CARTESIAN_POINT ( 'NONE',  ( 165.2263753876909504, 110.7524272232914768, -113.6178163833090338 ) ) ;
#3942 = ORIENTED_EDGE ( 'NONE', *, *, #3588, .T. ) ;
#3943 = CARTESIAN_POINT ( 'NONE',  ( 168.0599205235999989, 47.00000000000000000, -110.7842712475000155 ) ) ;
#3944 = LINE ( 'NONE', #1257, #3427 ) ;
#3945 = CARTESIAN_POINT ( 'NONE',  ( -164.5243866176269876, 67.50000000000000000, -114.3198051533730109 ) ) ;
#3946 = DIRECTION ( 'NONE',  ( 0.000000000000000000, 0.000000000000000000, -1.000000000000000000 ) ) ;
#3947 = CIRCLE ( 'NONE', #1286, 3.000000000000019096 ) ;
#3948 = DIRECTION ( 'NONE',  ( 4.163336342344333240E-14, 1.000000000000000000, -4.163336342344333240E-14 ) ) ;
#3949 = ORIENTED_EDGE ( 'NONE', *, *, #4144, .F. ) ;
#3950 = ADVANCED_FACE ( 'NONE', ( #1667 ), #2995, .F. ) ;
#3951 = DIRECTION ( 'NONE',  ( -0.7071067811865477948, -0.000000000000000000, -0.7071067811865473507 ) ) ;
#3952 = DIRECTION ( 'NONE',  ( -0.7071067811865475727, 0.000000000000000000, -0.7071067811865475727 ) ) ;
#3953 = APPLICATION_CONTEXT ( 'automotive_design' ) ;
#3954 = CARTESIAN_POINT ( 'NONE',  ( 167.3528137423729731, 45.00000000000000000, -111.4913780286270111 ) ) ;
#3955 = LINE ( 'NONE', #2543, #395 ) ;
#3956 = EDGE_LOOP ( 'NONE', ( #3157, #3295, #998, #5323 ) ) ;
#3957 = ORIENTED_EDGE ( 'NONE', *, *, #3211, .T. ) ;
#3958 = CARTESIAN_POINT ( 'NONE',  ( -81.67157287524999276, 135.0000000000000000, -197.1726188958000137 ) ) ;
#3959 = VERTEX_POINT ( 'NONE', #2965 ) ;
#3960 = CARTESIAN_POINT ( 'NONE',  ( 171.5954544295000233, 135.0000000000000000, -107.2487373414999894 ) ) ;
#3961 = CARTESIAN_POINT ( 'NONE',  ( 125.1385389054999990, 41.39999999999999858, -156.5340799901999844 ) ) ;
#3962 = CARTESIAN_POINT ( 'NONE',  ( 165.2314933988000121, 88.00000000000000000, -116.4411254970000016 ) ) ;
#3963 = VERTEX_POINT ( 'NONE', #4440 ) ;
#3964 = ORIENTED_EDGE ( 'NONE', *, *, #2826, .F. ) ;
#3965 = EDGE_CURVE ( 'NONE', #2210, #1262, #217, .T. ) ;
#3966 = CARTESIAN_POINT ( 'NONE',  ( -20.00000000000000000, 82.48305456232999688, -197.1726188958000137 ) ) ;
#3967 = ORIENTED_EDGE ( 'NONE', *, *, #2369, .F. ) ;
#3968 = CARTESIAN_POINT ( 'NONE',  ( -163.8172798364999778, 114.5000000000000000, -115.0269119346000082 ) ) ;
#3969 = CARTESIAN_POINT ( 'NONE',  ( -164.5243866176269876, 22.50000000000000000, -114.3198051533730109 ) ) ;
#3970 = ORIENTED_EDGE ( 'NONE', *, *, #5498, .F. ) ;
#3971 = LINE ( 'NONE', #621, #1759 ) ;
#3972 = CYLINDRICAL_SURFACE ( 'NONE', #5588, 2.500000000000002220 ) ;
#3973 = CIRCLE ( 'NONE', #1310, 9.000000000000007105 ) ;
#3974 = DIRECTION ( 'NONE',  ( 0.7071067811865975328, 0.000000000000000000, 0.7071067811864976127 ) ) ;
#3975 = CARTESIAN_POINT ( 'NONE',  ( -167.7229811503833616, 114.4479453533366353, -113.9496377454166804 ) ) ;
#3976 = CIRCLE ( 'NONE', #1314, 1.200000000000011502 ) ;
#3977 = DIRECTION ( 'NONE',  ( -0.7071067811865476838, 0.000000000000000000, 0.7071067811865474617 ) ) ;
#3978 = VERTEX_POINT ( 'NONE', #1171 ) ;
#3979 = DIRECTION ( 'NONE',  ( -0.7071067811865475727, -0.000000000000000000, 0.7071067811865474617 ) ) ;
#3980 = AXIS2_PLACEMENT_3D ( 'NONE', #4238, #5649, #396 ) ;
#3981 = DIRECTION ( 'NONE',  ( 0.7071067811864976127, 0.000000000000000000, 0.7071067811865975328 ) ) ;
#3982 = DIRECTION ( 'NONE',  ( 0.000000000000000000, 0.000000000000000000, -1.000000000000000000 ) ) ;
#3983 = DIRECTION ( 'NONE',  ( 0.7071067811865475727, 0.000000000000000000, 0.7071067811865475727 ) ) ;
#3984 = ORIENTED_EDGE ( 'NONE', *, *, #148, .F. ) ;
#3985 = VERTEX_POINT ( 'NONE', #124 ) ;
#3986 = VECTOR ( 'NONE', #5731, 1000.000000000000114 ) ;
#3987 = CARTESIAN_POINT ( 'NONE',  ( -164.5243866176269876, 90.00000000000000000, -114.3198051533730109 ) ) ;
#3988 = AXIS2_PLACEMENT_3D ( 'NONE', #3460, #2073, #224 ) ;
#3989 = CARTESIAN_POINT ( 'NONE',  ( 169.4741340859000047, 24.50000000000000000, -112.1984848097999929 ) ) ;
#3990 = AXIS2_PLACEMENT_3D ( 'NONE', #4164, #5101, #4689 ) ;
#3991 = ORIENTED_EDGE ( 'NONE', *, *, #1578, .T. ) ;
#3992 = DIRECTION ( 'NONE',  ( 0.7071067811865995312, 0.000000000000000000, -0.7071067811864953923 ) ) ;
#3993 = DIRECTION ( 'NONE',  ( 0.7071067811865475727, 0.000000000000000000, -0.7071067811865475727 ) ) ;
#3994 = CARTESIAN_POINT ( 'NONE',  ( -164.5243866176269876, 112.5000000000000000, -114.3198051533730109 ) ) ;
#3995 = VERTEX_POINT ( 'NONE', #4008 ) ;
#3996 = EDGE_LOOP ( 'NONE', ( #5643, #4695, #3465, #3525, #5171 ) ) ;
#3997 = LINE ( 'NONE', #5867, #5985 ) ;
#3998 = EDGE_LOOP ( 'NONE', ( #5190, #2141, #1018, #5047 ) ) ;
#3999 = EDGE_CURVE ( 'NONE', #883, #473, #5392, .T. ) ;
#4000 = FACE_OUTER_BOUND ( 'NONE', #574, .T. ) ;
#4001 = EDGE_CURVE ( 'NONE', #4362, #4112, #1114, .T. ) ;
#4002 = DIRECTION ( 'NONE',  ( -0.7071067811865474617, 0.000000000000000000, -0.7071067811865474617 ) ) ;
#4003 = AXIS2_PLACEMENT_3D ( 'NONE', #1669, #2066, #3948 ) ;
#4004 = AXIS2_PLACEMENT_3D ( 'NONE', #3305, #2293, #2876 ) ;
#4005 = ORIENTED_EDGE ( 'NONE', *, *, #4630, .F. ) ;
#4006 = DIRECTION ( 'NONE',  ( 1.000000000000000000, 0.000000000000000000, 0.000000000000000000 ) ) ;
#4007 = CARTESIAN_POINT ( 'NONE',  ( -165.9386001800270094, 67.50000000000000000, -115.7340187157729900 ) ) ;
#4008 = CARTESIAN_POINT ( 'NONE',  ( 4.000000000000000000, 50.00000000000000000, -199.1726188958000137 ) ) ;
#4009 = EDGE_CURVE ( 'NONE', #294, #5682, #3380, .T. ) ;
#4010 = DIRECTION ( 'NONE',  ( 1.480297366166873915E-14, -1.000000000000000000, 1.480297366166873915E-14 ) ) ;
#4011 = B_SPLINE_CURVE_WITH_KNOTS ( 'NONE', 3,
 ( #1558, #1037, #4427, #2050, #3933, #5802, #5321, #3439, #667, #1591, #4863, #3467, #639, #2454, #3011, #2423, #4893, #4333 ),
 .UNSPECIFIED., .F., .F.,
 ( 4, 2, 2, 2, 2, 2, 2, 2, 4 ),
 ( -1.000000000000000000, -0.8750000000000000000, -0.7500000000000000000, -0.6250000000000000000, -0.5000000000000000000, -0.3750000000000000000, -0.2500000000000000000, -0.1250000000000000000, -0.000000000000000000 ),
 .UNSPECIFIED. ) ;
#4012 = DIRECTION ( 'NONE',  ( 1.000000000000000000, 0.000000000000000000, 0.000000000000000000 ) ) ;
#4013 = CARTESIAN_POINT ( 'NONE',  ( 165.9754083736747532, 90.52349576871858972, -115.6972105221250615 ) ) ;
#4014 = AXIS2_PLACEMENT_3D ( 'NONE', #3394, #4284, #64 ) ;
#4015 = FACE_OUTER_BOUND ( 'NONE', #2706, .T. ) ;
#4016 = DIRECTION ( 'NONE',  ( 0.7071067811865475727, 0.000000000000000000, -0.7071067811865475727 ) ) ;
#4017 = CIRCLE ( 'NONE', #4406, 1.199999999999999734 ) ;
#4018 = LINE ( 'NONE', #4078, #3204 ) ;
#4019 = ORIENTED_EDGE ( 'NONE', *, *, #4710, .F. ) ;
#4020 = ORIENTED_EDGE ( 'NONE', *, *, #4009, .F. ) ;
#4021 = CIRCLE ( 'NONE', #3428, 2.000000000000001776 ) ;
#4022 = FACE_BOUND ( 'NONE', #1868, .T. ) ;
#4023 = CARTESIAN_POINT ( 'NONE',  ( 154.8370237153999938, 58.60000000000000142, -126.8355951803999915 ) ) ;
#4024 = ORIENTED_EDGE ( 'NONE', *, *, #4842, .T. ) ;
#4025 = CARTESIAN_POINT ( 'NONE',  ( -165.9386001800270094, 112.5000000000000000, -115.7340187157729900 ) ) ;
#4026 = DIRECTION ( 'NONE',  ( 0.7071067811865475727, 0.000000000000000000, 0.7071067811865475727 ) ) ;
#4027 = CARTESIAN_POINT ( 'NONE',  ( -165.0871860658000116, 112.5000000000000000, -112.0541774767999925 ) ) ;
#4028 = EDGE_LOOP ( 'NONE', ( #2839, #2269, #2440, #579 ) ) ;
#4029 = ORIENTED_EDGE ( 'NONE', *, *, #1235, .F. ) ;
#4030 = CARTESIAN_POINT ( 'NONE',  ( 167.1743207410276852, 68.50723796074180427, -111.6698710299724695 ) ) ;
#4031 = EDGE_LOOP ( 'NONE', ( #6074, #4802 ) ) ;
#4032 = LINE ( 'NONE', #1691, #3290 ) ;
#4033 = CYLINDRICAL_SURFACE ( 'NONE', #551, 2.500000000000002220 ) ;
#4034 = AXIS2_PLACEMENT_3D ( 'NONE', #5173, #2922, #3719 ) ;
#4035 = AXIS2_PLACEMENT_3D ( 'NONE', #4168, #1336, #4637 ) ;
#4036 = AXIS2_PLACEMENT_3D ( 'NONE', #2013, #5647, #536 ) ;
#4037 = CIRCLE ( 'NONE', #2955, 9.000000000000007105 ) ;
#4038 = ADVANCED_FACE ( 'NONE', ( #4813 ), #1538, .F. ) ;
#4039 = CARTESIAN_POINT ( 'NONE',  ( 166.3087675879833682, 20.55205464666336113, -112.5354241830166586 ) ) ;
#4040 = DIRECTION ( 'NONE',  ( -0.7071067811865476838, 0.000000000000000000, 0.7071067811865474617 ) ) ;
#4041 = CARTESIAN_POINT ( 'NONE',  ( 168.0599205235999989, 88.00000000000000000, -110.7842712475000155 ) ) ;
#4042 = CIRCLE ( 'NONE', #2364, 2.000000000000001776 ) ;
#4043 = CARTESIAN_POINT ( 'NONE',  ( -168.7670273047729950, 112.5000000000000000, -112.9055915910270045 ) ) ;
#4044 = EDGE_CURVE ( 'NONE', #5947, #5314, #2793, .T. ) ;
#4045 = FACE_OUTER_BOUND ( 'NONE', #3368, .T. ) ;
#4046 = EDGE_CURVE ( 'NONE', #1881, #1686, #924, .T. ) ;
#4047 = VERTEX_POINT ( 'NONE', #3945 ) ;
#4048 = LINE ( 'NONE', #5004, #4625 ) ;
#4049 = DIRECTION ( 'NONE',  ( -0.7071067811866001973, 0.000000000000000000, -0.7071067811864948371 ) ) ;
#4050 = CIRCLE ( 'NONE', #2370, 2.000000000000001776 ) ;
#4051 = CARTESIAN_POINT ( 'NONE',  ( -169.4741340859000047, 69.50000000000000000, -112.1984848097999929 ) ) ;
#4052 = ORIENTED_EDGE ( 'NONE', *, *, #5545, .F. ) ;
#4053 = VERTEX_POINT ( 'NONE', #5814 ) ;
#4054 = AXIS2_PLACEMENT_3D ( 'NONE', #752, #2632, #1707 ) ;
#4055 = FACE_BOUND ( 'NONE', #2474, .T. ) ;
#4056 = DIRECTION ( 'NONE',  ( -0.7071067811865499042, 0.000000000000000000, -0.7071067811865451302 ) ) ;
#4057 = EDGE_LOOP ( 'NONE', ( #3100, #4616, #333, #2512 ) ) ;
#4058 = CARTESIAN_POINT ( 'NONE',  ( -168.7670273047729950, 112.5000000000000000, -112.9055915910270045 ) ) ;
#4059 = CARTESIAN_POINT ( 'NONE',  ( -163.8172798364999778, 43.00000000000000000, -115.0269119346000082 ) ) ;
#4060 = ORIENTED_EDGE ( 'NONE', *, *, #803, .F. ) ;
#4061 = ORIENTED_EDGE ( 'NONE', *, *, #5545, .T. ) ;
#4062 = DIRECTION ( 'NONE',  ( -1.000000000000000000, 0.000000000000000000, 0.000000000000000000 ) ) ;
#4063 = CARTESIAN_POINT ( 'NONE',  ( -169.4741340859000047, 43.00000000000000000, -112.1984848097999929 ) ) ;
#4064 = ORIENTED_EDGE ( 'NONE', *, *, #4044, .F. ) ;
#4065 = SURFACE_STYLE_FILL_AREA ( #824 ) ;
#4066 = FACE_OUTER_BOUND ( 'NONE', #6006, .T. ) ;
#4067 = CARTESIAN_POINT ( 'NONE',  ( 165.2263753876909504, 20.75242722329148393, -113.6178163833090338 ) ) ;
#4068 = CARTESIAN_POINT ( 'NONE',  ( 88.95469720931397717, 125.5000000000048601, -189.8894945617361429 ) ) ;
#4069 = B_SPLINE_CURVE_WITH_KNOTS ( 'NONE', 3,
 ( #5059, #1753, #1289, #5001 ),
 .UNSPECIFIED., .F., .F.,
 ( 4, 4 ),
 ( 0.000000000000000000, 1.000000000000000000 ),
 .UNSPECIFIED. ) ;
#4070 = CYLINDRICAL_SURFACE ( 'NONE', #2696, 1.200000000000011502 ) ;
#4071 = CARTESIAN_POINT ( 'NONE',  ( 164.5243866176267886, 22.76179938779915091, -114.3198051533729824 ) ) ;
#4072 = ADVANCED_FACE ( 'NONE', ( #1603 ), #2131, .F. ) ;
#4073 = CARTESIAN_POINT ( 'NONE',  ( -167.3528137423729731, 45.00000000000000000, -111.4913780286270111 ) ) ;
#4074 = CARTESIAN_POINT ( 'NONE',  ( -163.8172798364999778, 88.00000000000000000, -115.0269119346000082 ) ) ;
#4075 = CARTESIAN_POINT ( 'NONE',  ( -125.1385389054999990, 58.60000000000000142, -156.5340799901999844 ) ) ;
#4076 = CIRCLE ( 'NONE', #1409, 2.500000000000000888 ) ;
#4077 = EDGE_CURVE ( 'NONE', #6079, #1687, #2281, .T. ) ;
#4078 = CARTESIAN_POINT ( 'NONE',  ( 57.50000000000000000, 123.0000000000000000, -199.1726188958000137 ) ) ;
#4079 = EDGE_LOOP ( 'NONE', ( #2691, #2911 ) ) ;
#4080 = ORIENTED_EDGE ( 'NONE', *, *, #4823, .F. ) ;
#4081 = CIRCLE ( 'NONE', #3776, 2.000000000000001776 ) ;
#4082 = PLANE ( 'NONE',  #3888 ) ;
#4083 = ORIENTED_EDGE ( 'NONE', *, *, #1814, .F. ) ;
#4084 = CARTESIAN_POINT ( 'NONE',  ( 150.0286976033000030, 50.00000000000000000, -131.6439212925000106 ) ) ;
#4085 = EDGE_CURVE ( 'NONE', #990, #4047, #4069, .T. ) ;
#4086 = LINE ( 'NONE', #3618, #4922 ) ;
#4087 = ORIENTED_EDGE ( 'NONE', *, *, #3321, .F. ) ;
#4088 = EDGE_LOOP ( 'NONE', ( #320, #5337, #1365, #31, #1973, #39, #1755, #5083 ) ) ;
#4089 = CARTESIAN_POINT ( 'NONE',  ( 167.3528137423729731, 112.5000000000000000, -111.4913780286270111 ) ) ;
#4090 = CARTESIAN_POINT ( 'NONE',  ( 167.3528137423729731, 67.50000000000000000, -111.4913780286270111 ) ) ;
#4091 = VERTEX_POINT ( 'NONE', #3147 ) ;
#4092 = AXIS2_PLACEMENT_3D ( 'NONE', #3549, #4942, #5428 ) ;
#4093 = CARTESIAN_POINT ( 'NONE',  ( 162.4030662740769060, 22.50000000000000000, -116.4411254970230942 ) ) ;
#4094 = CARTESIAN_POINT ( 'NONE',  ( -169.4741340859000047, 20.50000000000000000, -112.1984848097999929 ) ) ;
#4095 = ORIENTED_EDGE ( 'NONE', *, *, #3884, .T. ) ;
#4096 = CARTESIAN_POINT ( 'NONE',  ( 62.50000000000000000, 123.0000000000000000, -197.1726188958000137 ) ) ;
#4097 = DIRECTION ( 'NONE',  ( -0.7071067811865474617, 0.000000000000000000, 0.7071067811865474617 ) ) ;
#4098 = DIRECTION ( 'NONE',  ( -0.7071067811865475727, 0.000000000000000000, -0.7071067811865475727 ) ) ;
#4099 = CARTESIAN_POINT ( 'NONE',  ( 167.0694998738996446, 23.72909343994982123, -111.7746918971004675 ) ) ;
#4100 = CIRCLE ( 'NONE', #1149, 2.000000000000001776 ) ;
#4101 = VERTEX_POINT ( 'NONE', #5030 ) ;
#4102 = DIRECTION ( 'NONE',  ( 0.7071067811865475727, -0.000000000000000000, -0.7071067811865475727 ) ) ;
#4103 = EDGE_CURVE ( 'NONE', #1300, #1715, #1712, .T. ) ;
#4104 = DIRECTION ( 'NONE',  ( -0.000000000000000000, 1.000000000000000000, 0.000000000000000000 ) ) ;
#4105 = DIRECTION ( 'NONE',  ( 0.000000000000000000, -1.000000000000000000, 0.000000000000000000 ) ) ;
#4106 = CYLINDRICAL_SURFACE ( 'NONE', #5859, 1.999999999999992895 ) ;
#4107 = VERTEX_POINT ( 'NONE', #313 ) ;
#4108 = B_SPLINE_CURVE_WITH_KNOTS ( 'NONE', 3,
 ( #3890, #5339, #528, #1093, #1976, #3003, #1544, #4884, #4386, #4787, #2477, #3857, #164, #659, #1608, #2539, #4415, #193 ),
 .UNSPECIFIED., .F., .F.,
 ( 4, 2, 2, 2, 2, 2, 2, 2, 4 ),
 ( -1.000000000000000000, -0.8750000000000000000, -0.7500000000000000000, -0.6250000000000000000, -0.5000000000000000000, -0.3750000000000000000, -0.2500000000000000000, -0.1250000000000000000, -0.000000000000000000 ),
 .UNSPECIFIED. ) ;
#4109 = VERTEX_POINT ( 'NONE', #3632 ) ;
#4110 = EDGE_CURVE ( 'NONE', #3985, #3285, #2741, .T. ) ;
#4111 = CARTESIAN_POINT ( 'NONE',  ( 169.4741340859000047, 20.50000000000000000, -112.1984848097999929 ) ) ;
#4112 = VERTEX_POINT ( 'NONE', #2252 ) ;
#4113 = CARTESIAN_POINT ( 'NONE',  ( 169.4741340859000047, 24.50000000000000000, -112.1984848097999929 ) ) ;
#4114 = DIRECTION ( 'NONE',  ( 1.387778780781444413E-14, -1.000000000000000000, 1.387778780781444413E-14 ) ) ;
#4115 = ORIENTED_EDGE ( 'NONE', *, *, #903, .T. ) ;
#4116 = ORIENTED_EDGE ( 'NONE', *, *, #5194, .T. ) ;
#4117 = CARTESIAN_POINT ( 'NONE',  ( 167.0694998738995878, 111.2709065600501930, -111.7746918971004959 ) ) ;
#4118 = CIRCLE ( 'NONE', #3814, 2.500000000000002220 ) ;
#4119 = ADVANCED_FACE ( 'NONE', ( #5966 ), #1696, .F. ) ;
#4120 = CARTESIAN_POINT ( 'NONE',  ( -166.1237203024232940, 92.00000000000000000, -112.7204714685767470 ) ) ;
#4121 = EDGE_LOOP ( 'NONE', ( #502, #94, #1600, #4766 ) ) ;
#4122 = CARTESIAN_POINT ( 'NONE',  ( 163.8172798364999778, 90.00000000000000000, -115.0269119346000082 ) ) ;
#4123 = PLANE ( 'NONE',  #5006 ) ;
#4124 = VERTEX_POINT ( 'NONE', #5911 ) ;
#4125 = AXIS2_PLACEMENT_3D ( 'NONE', #3049, #4929, #704 ) ;
#4126 = LINE ( 'NONE', #3571, #1749 ) ;
#4127 = LINE ( 'NONE', #4559, #4177 ) ;
#4128 = CARTESIAN_POINT ( 'NONE',  ( 166.2219140485003948, 66.27090656005019298, -115.4507048472995052 ) ) ;
#4129 = CYLINDRICAL_SURFACE ( 'NONE', #1261, 1.200000000000011502 ) ;
#4130 = CIRCLE ( 'NONE', #589, 2.000000000000001776 ) ;
#4131 = CARTESIAN_POINT ( 'NONE',  ( -100.1776695296999975, 123.0000000000000000, -181.4949493661000020 ) ) ;
#4132 = DIRECTION ( 'NONE',  ( 1.000000000000000000, 0.000000000000000000, 0.000000000000000000 ) ) ;
#4133 = CIRCLE ( 'NONE', #6084, 9.000000000000007105 ) ;
#4134 = DIRECTION ( 'NONE',  ( -0.7071067811864976127, 0.000000000000000000, -0.7071067811865975328 ) ) ;
#4135 = EDGE_CURVE ( 'NONE', #3736, #4563, #140, .T. ) ;
#4136 = CARTESIAN_POINT ( 'NONE',  ( 168.5885343034276502, 43.99276203925820283, -113.0840845923724771 ) ) ;
#4137 = ORIENTED_EDGE ( 'NONE', *, *, #759, .T. ) ;
#4138 = EDGE_LOOP ( 'NONE', ( #3234, #5198, #963, #2702 ) ) ;
#4139 = AXIS2_PLACEMENT_3D ( 'NONE', #5749, #3447, #619 ) ;
#4140 = FACE_OUTER_BOUND ( 'NONE', #1330, .T. ) ;
#4141 = ORIENTED_EDGE ( 'NONE', *, *, #4997, .T. ) ;
#4142 = DIRECTION ( 'NONE',  ( -0.7071067811865475727, 0.000000000000000000, -0.7071067811865475727 ) ) ;
#4143 = ADVANCED_FACE ( 'NONE', ( #5423 ), #2653, .F. ) ;
#4144 = EDGE_CURVE ( 'NONE', #190, #2823, #3876, .T. ) ;
#4145 = FACE_OUTER_BOUND ( 'NONE', #2952, .T. ) ;
#4146 = ORIENTED_EDGE ( 'NONE', *, *, #1916, .T. ) ;
#4147 = EDGE_LOOP ( 'NONE', ( #208, #5403, #4741, #3870 ) ) ;
#4148 = DIRECTION ( 'NONE',  ( -1.000000000000000000, 0.000000000000000000, 0.000000000000000000 ) ) ;
#4149 = DIRECTION ( 'NONE',  ( -1.000000000000000000, 0.000000000000000000, 0.000000000000000000 ) ) ;
#4150 = ORIENTED_EDGE ( 'NONE', *, *, #3793, .F. ) ;
#4151 = CARTESIAN_POINT ( 'NONE',  ( -169.4741340859000047, 43.00000000000000000, -112.1984848097999929 ) ) ;
#4152 = EDGE_CURVE ( 'NONE', #5665, #3317, #337, .T. ) ;
#4153 = ORIENTED_EDGE ( 'NONE', *, *, #3503, .T. ) ;
#4154 = CARTESIAN_POINT ( 'NONE',  ( 167.1676936199767454, 47.00000000000000711, -114.5049252758232683 ) ) ;
#4155 = CARTESIAN_POINT ( 'NONE',  ( 165.9386001800270094, 67.50000000000000000, -115.7340187157729900 ) ) ;
#4156 = CARTESIAN_POINT ( 'NONE',  ( 165.7534800575767235, 24.50000000000000000, -113.0907117134232465 ) ) ;
#4157 = EDGE_CURVE ( 'NONE', #3411, #1346, #3602, .T. ) ;
#4158 = FACE_OUTER_BOUND ( 'NONE', #2934, .T. ) ;
#4159 = CARTESIAN_POINT ( 'NONE',  ( 166.8077004861004866, 91.59933368479637750, -112.0364912848996397 ) ) ;
#4160 = CARTESIAN_POINT ( 'NONE',  ( 168.7670273047729950, 112.5000000000000000, -112.9055915910270045 ) ) ;
#4161 = PLANE ( 'NONE',  #3686 ) ;
#4162 = ORIENTED_EDGE ( 'NONE', *, *, #5386, .F. ) ;
#4163 = ORIENTED_EDGE ( 'NONE', *, *, #5944, .T. ) ;
#4164 = CARTESIAN_POINT ( 'NONE',  ( 60.00000000000000000, 123.0000000000000000, -199.1726188958000137 ) ) ;
#4165 = VERTEX_POINT ( 'NONE', #4535 ) ;
#4166 = AXIS2_PLACEMENT_3D ( 'NONE', #2628, #5943, #4913 ) ;
#4167 = DIRECTION ( 'NONE',  ( 0.7071067811864976127, 0.000000000000000000, -0.7071067811865975328 ) ) ;
#4168 = CARTESIAN_POINT ( 'NONE',  ( 13.00000000000000000, 50.00000000000000000, -197.1726188958000137 ) ) ;
#4169 = ORIENTED_EDGE ( 'NONE', *, *, #2161, .F. ) ;
#4170 = EDGE_LOOP ( 'NONE', ( #2513, #2666 ) ) ;
#4171 = DIRECTION ( 'NONE',  ( 0.7071067811865475727, 0.000000000000000000, -0.7071067811865475727 ) ) ;
#4172 = CARTESIAN_POINT ( 'NONE',  ( -166.6508249723090671, 91.74757277670852318, -112.1933667986910166 ) ) ;
#4173 = EDGE_LOOP ( 'NONE', ( #5374, #5352, #4816, #929 ) ) ;
#4174 = CARTESIAN_POINT ( 'NONE',  ( 164.5243866176269876, 90.00000000000000000, -114.3198051533730109 ) ) ;
#4175 = OPEN_SHELL ( 'NONE', ( #4526, #3843 ) ) ;
#4176 = ORIENTED_EDGE ( 'NONE', *, *, #580, .F. ) ;
#4177 = VECTOR ( 'NONE', #3176, 1000.000000000000000 ) ;
#4178 = AXIS2_PLACEMENT_3D ( 'NONE', #2776, #3640, #2259 ) ;
#4179 = AXIS2_PLACEMENT_3D ( 'NONE', #4445, #2165, #5485 ) ;
#4180 = DIRECTION ( 'NONE',  ( -0.000000000000000000, -0.000000000000000000, -1.000000000000000000 ) ) ;
#4181 = CARTESIAN_POINT ( 'NONE',  ( 164.7028796189723323, 21.49276203925820283, -114.1413121520275240 ) ) ;
#4182 = ADVANCED_FACE ( 'NONE', ( #2195 ), #4070, .F. ) ;
#4183 = CARTESIAN_POINT ( 'NONE',  ( -163.8172798364999778, 92.00000000000000000, -115.0269119346000082 ) ) ;
#4184 = PRODUCT_DEFINITION_SHAPE ( 'NONE', 'NONE',  #3869 ) ;
#4185 = CARTESIAN_POINT ( 'NONE',  ( -168.2956227839730730, 90.00000000000000000, -112.4341870702269119 ) ) ;
#4186 = DIRECTION ( 'NONE',  ( -0.7071067811865975328, 0.000000000000000000, 0.7071067811864976127 ) ) ;
#4187 = ORIENTED_EDGE ( 'NONE', *, *, #2592, .T. ) ;
#4188 = FACE_OUTER_BOUND ( 'NONE', #958, .T. ) ;
#4189 = EDGE_CURVE ( 'NONE', #4638, #517, #5935, .T. ) ;
#4190 = DIRECTION ( 'NONE',  ( 0.7071067811864953923, 0.000000000000000000, -0.7071067811865995312 ) ) ;
#4191 = AXIS2_PLACEMENT_3D ( 'NONE', #219, #1146, #1174 ) ;
#4192 = CARTESIAN_POINT ( 'NONE',  ( 168.4837134362996665, 43.77090656005017877, -113.1889054595004893 ) ) ;
#4193 = ORIENTED_EDGE ( 'NONE', *, *, #392, .F. ) ;
#4194 = ORIENTED_EDGE ( 'NONE', *, *, #6083, .T. ) ;
#4195 = FACE_BOUND ( 'NONE', #2699, .T. ) ;
#4196 = CIRCLE ( 'NONE', #2334, 2.500000000000000888 ) ;
#4197 = CARTESIAN_POINT ( 'NONE',  ( -165.0871860658000116, 22.50000000000000000, -112.0541774767999925 ) ) ;
#4198 = CARTESIAN_POINT ( 'NONE',  ( 166.1237203024233224, 47.00000000000000711, -112.7204714685767328 ) ) ;
#4199 = LINE ( 'NONE', #504, #1269 ) ;
#4200 = ORIENTED_EDGE ( 'NONE', *, *, #463, .F. ) ;
#4201 = VERTEX_POINT ( 'NONE', #5174 ) ;
#4202 = FACE_BOUND ( 'NONE', #6050, .T. ) ;
#4203 = CARTESIAN_POINT ( 'NONE',  ( -165.0694998738995025, 91.59933368479637750, -113.7746918971003964 ) ) ;
#4204 = ORIENTED_EDGE ( 'NONE', *, *, #5399, .T. ) ;
#4205 = DIRECTION ( 'NONE',  ( -0.7071067811865474617, 0.000000000000000000, 0.7071067811865474617 ) ) ;
#4206 = AXIS2_PLACEMENT_3D ( 'NONE', #1992, #3873, #3414 ) ;
#4207 = EDGE_CURVE ( 'NONE', #1057, #5314, #3778, .T. ) ;
#4208 = ORIENTED_EDGE ( 'NONE', *, *, #3695, .F. ) ;
#4209 = AXIS2_PLACEMENT_3D ( 'NONE', #3601, #1143, #5878 ) ;
#4210 = VECTOR ( 'NONE', #2391, 1000.000000000000114 ) ;
#4211 = CARTESIAN_POINT ( 'NONE',  ( -167.3528137423729731, 90.00000000000000000, -111.4913780286270111 ) ) ;
#4212 = CARTESIAN_POINT ( 'NONE',  ( 164.5611948112747598, 21.97650423128144581, -114.2829969597250823 ) ) ;
#4213 = DIRECTION ( 'NONE',  ( 0.7071067811865475727, 0.000000000000000000, -0.7071067811865475727 ) ) ;
#4214 = FACE_OUTER_BOUND ( 'NONE', #5307, .T. ) ;
#4215 = EDGE_CURVE ( 'NONE', #6079, #4450, #2887, .T. ) ;
#4216 = EDGE_CURVE ( 'NONE', #1825, #5925, #34, .T. ) ;
#4217 = LINE ( 'NONE', #1, #801 ) ;
#4218 = EDGE_LOOP ( 'NONE', ( #5442, #4874, #4163, #3070 ) ) ;
#4219 = CARTESIAN_POINT ( 'NONE',  ( 164.7028796189723039, 91.00723796074179006, -114.1413121520274956 ) ) ;
#4220 = CARTESIAN_POINT ( 'NONE',  ( -98.40990257669999153, 123.0000000000000000, -183.2627163190999795 ) ) ;
#4221 = B_SPLINE_CURVE_WITH_KNOTS ( 'NONE', 3,
 ( #4174, #1431, #1893, #2333 ),
 .UNSPECIFIED., .F., .F.,
 ( 4, 4 ),
 ( 0.000000000000000000, 1.000000000000000000 ),
 .UNSPECIFIED. ) ;
#4222 = EDGE_CURVE ( 'NONE', #1111, #3710, #1928, .T. ) ;
#4223 = CARTESIAN_POINT ( 'NONE',  ( 88.24759042812928556, 125.5000000000048601, -193.4250284676706997 ) ) ;
#4224 = ORIENTED_EDGE ( 'NONE', *, *, #2950, .T. ) ;
#4225 = ORIENTED_EDGE ( 'NONE', *, *, #2576, .F. ) ;
#4226 = CIRCLE ( 'NONE', #2757, 2.000000000000001776 ) ;
#4227 = LINE ( 'NONE', #1792, #2435 ) ;
#4228 = CARTESIAN_POINT ( 'NONE',  ( -165.2314933988000121, 47.00000000000000000, -116.4411254970000016 ) ) ;
#4229 = CARTESIAN_POINT ( 'NONE',  ( -22.19999999999999929, 41.39999999999999858, -197.1726188958000137 ) ) ;
#4230 = VECTOR ( 'NONE', #1074, 1000.000000000000114 ) ;
#4231 = DIRECTION ( 'NONE',  ( -0.7071067811865476838, 0.000000000000000000, -0.7071067811865474617 ) ) ;
#4232 = ORIENTED_EDGE ( 'NONE', *, *, #2534, .T. ) ;
#4233 = ORIENTED_EDGE ( 'NONE', *, *, #68, .F. ) ;
#4234 = CARTESIAN_POINT ( 'NONE',  ( 163.8172798364999778, 69.50000000000000000, -115.0269119346000082 ) ) ;
#4235 = DIRECTION ( 'NONE',  ( -1.000000000000000000, 0.000000000000000000, 0.000000000000000000 ) ) ;
#4236 = ORIENTED_EDGE ( 'NONE', *, *, #3033, .T. ) ;
#4237 = VECTOR ( 'NONE', #5330, 1000.000000000000114 ) ;
#4238 = CARTESIAN_POINT ( 'NONE',  ( -165.2314933988000121, 67.50000000000000000, -116.4411254970000016 ) ) ;
#4239 = DIRECTION ( 'NONE',  ( 1.000000000000000000, 0.000000000000000000, 0.000000000000000000 ) ) ;
#4240 = ORIENTED_EDGE ( 'NONE', *, *, #2384, .F. ) ;
#4241 = CARTESIAN_POINT ( 'NONE',  ( 167.3528137423729731, 67.50000000000000000, -111.4913780286270111 ) ) ;
#4242 = DIRECTION ( 'NONE',  ( 0.000000000000000000, 0.000000000000000000, -1.000000000000000000 ) ) ;
#4243 = CARTESIAN_POINT ( 'NONE',  ( -169.4741340859000047, 92.00000000000000000, -112.1984848097999929 ) ) ;
#4244 = FACE_OUTER_BOUND ( 'NONE', #568, .T. ) ;
#4245 = ORIENTED_EDGE ( 'NONE', *, *, #1235, .T. ) ;
#4246 = CARTESIAN_POINT ( 'NONE',  ( 166.3087675879833682, 91.94794535333662111, -112.5354241830166586 ) ) ;
#4247 = DIRECTION ( 'NONE',  ( -1.000000000000000000, 0.000000000000000000, 0.000000000000000000 ) ) ;
#4248 = EDGE_CURVE ( 'NONE', #479, #5948, #3676, .T. ) ;
#4249 = EDGE_CURVE ( 'NONE', #2554, #2772, #4765, .T. ) ;
#4250 = CARTESIAN_POINT ( 'NONE',  ( 168.4837134362996665, 23.72909343994982478, -113.1889054595005035 ) ) ;
#4251 = ORIENTED_EDGE ( 'NONE', *, *, #5234, .F. ) ;
#4252 = VERTEX_POINT ( 'NONE', #5684 ) ;
#4253 = DIRECTION ( 'NONE',  ( 0.7071067811865475727, 0.000000000000000000, 0.7071067811865475727 ) ) ;
#4254 = LINE ( 'NONE', #36, #4998 ) ;
#4255 = CARTESIAN_POINT ( 'NONE',  ( 164.5611948112747598, 45.52349576871856840, -114.2829969597250681 ) ) ;
#4256 = CARTESIAN_POINT ( 'NONE',  ( -60.00000000000000000, 12.00000000000000000, -199.1726188958000137 ) ) ;
#4257 = ORIENTED_EDGE ( 'NONE', *, *, #3217, .T. ) ;
#4258 = VERTEX_POINT ( 'NONE', #2796 ) ;
#4259 = FACE_BOUND ( 'NONE', #5357, .T. ) ;
#4260 = DIRECTION ( 'NONE',  ( -0.7071067811865476838, -0.000000000000000000, -0.7071067811865474617 ) ) ;
#4261 = CIRCLE ( 'NONE', #1610, 1.200000000000001732 ) ;
#4262 = ORIENTED_EDGE ( 'NONE', *, *, #2792, .F. ) ;
#4263 = ADVANCED_FACE ( 'NONE', ( #891 ), #3320, .F. ) ;
#4264 = DIRECTION ( 'NONE',  ( 0.7071067811865475727, 5.359248925588016781E-15, -0.7071067811865475727 ) ) ;
#4265 = DIRECTION ( 'NONE',  ( -0.000000000000000000, -0.000000000000000000, -1.000000000000000000 ) ) ;
#4266 = VECTOR ( 'NONE', #53, 1000.000000000000000 ) ;
#4267 = EDGE_LOOP ( 'NONE', ( #3942, #5833 ) ) ;
#4268 = CYLINDRICAL_SURFACE ( 'NONE', #1376, 1.199999999999999734 ) ;
#4269 = DIRECTION ( 'NONE',  ( -0.7071067811865975328, 0.000000000000000000, 0.7071067811864976127 ) ) ;
#4270 = DIRECTION ( 'NONE',  ( 0.7071067811865475727, 0.000000000000000000, -0.7071067811865475727 ) ) ;
#4271 = AXIS2_PLACEMENT_3D ( 'NONE', #349, #1643, #3983 ) ;
#4272 = CIRCLE ( 'NONE', #1326, 2.000000000000001776 ) ;
#4273 = VECTOR ( 'NONE', #4314, 1000.000000000000114 ) ;
#4274 = DIRECTION ( 'NONE',  ( -0.7071067811865975328, 0.000000000000000000, 0.7071067811864976127 ) ) ;
#4275 = ORIENTED_EDGE ( 'NONE', *, *, #115, .T. ) ;
#4276 = CARTESIAN_POINT ( 'NONE',  ( 165.5684327720165641, 91.94794535333662111, -113.2757589989833349 ) ) ;
#4277 = CARTESIAN_POINT ( 'NONE',  ( 98.40990257669999153, 12.00000000000000000, -183.2627163190999795 ) ) ;
#4278 = FACE_OUTER_BOUND ( 'NONE', #4218, .T. ) ;
#4279 = FACE_OUTER_BOUND ( 'NONE', #3326, .T. ) ;
#4280 = VERTEX_POINT ( 'NONE', #918 ) ;
#4281 = VERTEX_POINT ( 'NONE', #1467 ) ;
#4282 = EDGE_CURVE ( 'NONE', #214, #1705, #1839, .T. ) ;
#4283 = CARTESIAN_POINT ( 'NONE',  ( -70.00000000001537614, 9.499999999999953815, -107.2477373414999846 ) ) ;
#4284 = DIRECTION ( 'NONE',  ( 0.000000000000000000, 0.000000000000000000, -1.000000000000000000 ) ) ;
#4285 = DIRECTION ( 'NONE',  ( 0.7071067811865437980, 0.000000000000000000, -0.7071067811865512365 ) ) ;
#4286 = CIRCLE ( 'NONE', #5177, 1.199999999999999734 ) ;
#4287 = CIRCLE ( 'NONE', #4003, 2.000000000000001776 ) ;
#4288 = CARTESIAN_POINT ( 'NONE',  ( 164.7028796189723039, 46.00723796074179717, -114.1413121520274956 ) ) ;
#4289 = CIRCLE ( 'NONE', #2724, 9.000000000000007105 ) ;
#4290 = CARTESIAN_POINT ( 'NONE',  ( -155.6855518527999607, 58.60000000000000142, -125.9870670429999961 ) ) ;
#4291 = EDGE_LOOP ( 'NONE', ( #2151, #5022 ) ) ;
#4292 = ORIENTED_EDGE ( 'NONE', *, *, #1882, .T. ) ;
#4293 = EDGE_CURVE ( 'NONE', #386, #410, #1614, .T. ) ;
#4294 = ADVANCED_FACE ( 'NONE', ( #457 ), #5231, .F. ) ;
#4295 = CARTESIAN_POINT ( 'NONE',  ( 165.2314933988000121, 45.00000000000000000, -116.4411254970000016 ) ) ;
#4296 = FACE_OUTER_BOUND ( 'NONE', #2608, .T. ) ;
#4297 = ORIENTED_EDGE ( 'NONE', *, *, #1587, .F. ) ;
#4298 = DIRECTION ( 'NONE',  ( 0.7071067811865475727, 0.000000000000000000, 0.7071067811865475727 ) ) ;
#4299 = DIRECTION ( 'NONE',  ( 0.000000000000000000, 0.000000000000000000, -1.000000000000000000 ) ) ;
#4300 = B_SPLINE_CURVE_WITH_KNOTS ( 'NONE', 3,
 ( #1266, #3156, #5039, #812, #2690, #1611, #4916, #693, #380, #6064, #1361, #5069, #7, #4192, #4136, #5097, #3669, #3218 ),
 .UNSPECIFIED., .F., .F.,
 ( 4, 2, 2, 2, 2, 2, 2, 2, 4 ),
 ( -1.000000000000000000, -0.8750000000000000000, -0.7500000000000000000, -0.6250000000000000000, -0.5000000000000000000, -0.3750000000000000000, -0.2500000000000000000, -0.1250000000000000000, -0.000000000000000000 ),
 .UNSPECIFIED. ) ;
#4301 = B_SPLINE_CURVE_WITH_KNOTS ( 'NONE', 3,
 ( #911, #3713, #3682, #3652, #5531, #4615, #3260, #2733, #3744, #3229, #2818, #5111, #1280, #478, #2331, #1832, #882, #1371 ),
 .UNSPECIFIED., .F., .F.,
 ( 4, 2, 2, 2, 2, 2, 2, 2, 4 ),
 ( -1.000000000000000000, -0.8750000000000000000, -0.7500000000000000000, -0.6250000000000000000, -0.5000000000000000000, -0.3750000000000000000, -0.2500000000000000000, -0.1250000000000000000, -0.000000000000000000 ),
 .UNSPECIFIED. ) ;
#4302 = LINE ( 'NONE', #2918, #2557 ) ;
#4303 = EDGE_LOOP ( 'NONE', ( #4749, #5516 ) ) ;
#4304 = ADVANCED_FACE ( 'NONE', ( #4708 ), #5567, .F. ) ;
#4305 = AXIS2_PLACEMENT_3D ( 'NONE', #97, #5279, #4319 ) ;
#4306 = LINE ( 'NONE', #82, #2172 ) ;
#4307 = DIRECTION ( 'NONE',  ( 0.000000000000000000, -1.000000000000000000, 0.000000000000000000 ) ) ;
#4308 = DIRECTION ( 'NONE',  ( 0.7071067811865475727, 0.000000000000000000, -0.7071067811865475727 ) ) ;
#4309 = AXIS2_PLACEMENT_3D ( 'NONE', #2253, #4298, #1003 ) ;
#4310 = CARTESIAN_POINT ( 'NONE',  ( -164.5243866176269876, 112.5000000000000000, -114.3198051533730109 ) ) ;
#4311 = VERTEX_POINT ( 'NONE', #4648 ) ;
#4312 = DIRECTION ( 'NONE',  ( 0.7071067811865475727, 0.000000000000000000, 0.7071067811865475727 ) ) ;
#4313 = CARTESIAN_POINT ( 'NONE',  ( 167.3528137423732005, 44.73820061220084909, -111.4913780286270111 ) ) ;
#4314 = DIRECTION ( 'NONE',  ( 0.7071067811865975328, 0.000000000000000000, 0.7071067811864976127 ) ) ;
#4315 = DIRECTION ( 'NONE',  ( 1.000000000000000000, 0.000000000000000000, 0.000000000000000000 ) ) ;
#4316 = VERTEX_POINT ( 'NONE', #427 ) ;
#4317 = ORIENTED_EDGE ( 'NONE', *, *, #4745, .T. ) ;
#4318 = CARTESIAN_POINT ( 'NONE',  ( 168.5885343034276502, 91.00723796074179006, -113.0840845923724629 ) ) ;
#4319 = DIRECTION ( 'NONE',  ( -1.000000000000000000, 0.000000000000000000, 0.000000000000000000 ) ) ;
#4320 = CARTESIAN_POINT ( 'NONE',  ( -163.8172798364269056, 67.50000000000000000, -117.8553390593730938 ) ) ;
#4321 = ADVANCED_FACE ( 'NONE', ( #2429 ), #1381, .T. ) ;
#4322 = CARTESIAN_POINT ( 'NONE',  ( -165.9386001800270094, 67.50000000000000000, -115.7340187157729900 ) ) ;
#4323 = AXIS2_PLACEMENT_3D ( 'NONE', #4697, #2360, #4235 ) ;
#4324 = FACE_OUTER_BOUND ( 'NONE', #4460, .T. ) ;
#4325 = VERTEX_POINT ( 'NONE', #1407 ) ;
#4326 = EDGE_LOOP ( 'NONE', ( #834, #1471, #2723, #1596 ) ) ;
#4327 = DIRECTION ( 'NONE',  ( 0.7071067811865475727, 0.000000000000000000, 0.7071067811865475727 ) ) ;
#4328 = DIRECTION ( 'NONE',  ( 0.7071067811865475727, 0.000000000000000000, -0.7071067811865475727 ) ) ;
#4329 = ORIENTED_EDGE ( 'NONE', *, *, #2542, .F. ) ;
#4330 = AXIS2_PLACEMENT_3D ( 'NONE', #5709, #1128, #2018 ) ;
#4331 = ADVANCED_FACE ( 'NONE', ( #1348 ), #24, .F. ) ;
#4332 = DIRECTION ( 'NONE',  ( -0.7071067811865975328, 0.000000000000000000, 0.7071067811864976127 ) ) ;
#4333 = CARTESIAN_POINT ( 'NONE',  ( -168.7670273047729950, 45.00000000000000000, -112.9055915910270045 ) ) ;
#4334 = CARTESIAN_POINT ( 'NONE',  ( -166.8077004861005150, 24.09933368479637039, -112.0364912848996255 ) ) ;
#4335 = VERTEX_POINT ( 'NONE', #4183 ) ;
#4336 = ADVANCED_FACE ( 'NONE', ( #3267, #5597, #1107, #2923, #4805, #2989, #645, #2555, #674, #2523, #3907, #2024, #4870, #3505, #2584, #3018, #582 ), #5777, .T. ) ;
#4337 = VECTOR ( 'NONE', #374, 1000.000000000000114 ) ;
#4338 = EDGE_LOOP ( 'NONE', ( #649, #4060, #4865, #902 ) ) ;
#4339 = CARTESIAN_POINT ( 'NONE',  ( -165.2314933988000121, 110.7500000000000000, -116.4411254970000016 ) ) ;
#4340 = ADVANCED_FACE ( 'NONE', ( #4370 ), #4931, .F. ) ;
#4341 = CARTESIAN_POINT ( 'NONE',  ( -168.7302191111251943, 21.97650423128144581, -112.9423997846749188 ) ) ;
#4342 = CIRCLE ( 'NONE', #5707, 1.200000000000001732 ) ;
#4343 = CYLINDRICAL_SURFACE ( 'NONE', #4838, 1.200000000000011502 ) ;
#4344 = VERTEX_POINT ( 'NONE', #707 ) ;
#4345 = CARTESIAN_POINT ( 'NONE',  ( 22.19999999999999929, 41.39999999999999858, -199.1726188958000137 ) ) ;
#4346 = DIRECTION ( 'NONE',  ( -0.7071067811865475727, 0.000000000000000000, -0.7071067811865475727 ) ) ;
#4347 = CARTESIAN_POINT ( 'NONE',  ( -166.3087675879833682, 110.5520546466633647, -112.5354241830166586 ) ) ;
#4348 = EDGE_CURVE ( 'NONE', #479, #4861, #5808, .T. ) ;
#4349 = DIRECTION ( 'NONE',  ( 0.000000000000000000, 0.000000000000000000, -1.000000000000000000 ) ) ;
#4350 = CARTESIAN_POINT ( 'NONE',  ( 166.1237203024232940, 88.00000000000000000, -112.7204714685767470 ) ) ;
#4351 = VERTEX_POINT ( 'NONE', #3844 ) ;
#4352 = FACE_OUTER_BOUND ( 'NONE', #5580, .T. ) ;
#4353 = B_SPLINE_CURVE_WITH_KNOTS ( 'NONE', 3,
 ( #2287, #900, #435, #5182, #2319, #4716, #5974, #4815, #4350, #5723, #3358, #1506, #558, #126, #3421, #593, #1116, #2405 ),
 .UNSPECIFIED., .F., .F.,
 ( 4, 2, 2, 2, 2, 2, 2, 2, 4 ),
 ( -1.000000000000000000, -0.8750000000000000000, -0.7500000000000000000, -0.6250000000000000000, -0.5000000000000000000, -0.3750000000000000000, -0.2500000000000000000, -0.1250000000000000000, -0.000000000000000000 ),
 .UNSPECIFIED. ) ;
#4354 = CARTESIAN_POINT ( 'NONE',  ( 100.1776695296999975, 12.00000000000000000, -181.4949493661000020 ) ) ;
#4355 = CARTESIAN_POINT ( 'NONE',  ( -166.6405889500909723, 91.74757277670852318, -115.0320299457089988 ) ) ;
#4356 = CARTESIAN_POINT ( 'NONE',  ( 94.24759042812928556, 125.5000000000048601, -199.4250284676706997 ) ) ;
#4357 = CARTESIAN_POINT ( 'NONE',  ( 166.9826463344166427, 69.44794535333664953, -114.6899725613833283 ) ) ;
#4358 = EDGE_LOOP ( 'NONE', ( #620, #9, #3312, #1458 ) ) ;
#4359 = VERTEX_POINT ( 'NONE', #1597 ) ;
#4360 = CARTESIAN_POINT ( 'NONE',  ( -166.4837134362994959, 65.90066631520362250, -115.1889054595003898 ) ) ;
#4361 = CARTESIAN_POINT ( 'NONE',  ( 85.99950965930916880, 9.500000000000053291, -180.8446821117408092 ) ) ;
#4362 = VERTEX_POINT ( 'NONE', #3472 ) ;
#4363 = CARTESIAN_POINT ( 'NONE',  ( -96.64213562372999888, 123.0000000000000000, -185.0304832719999979 ) ) ;
#4364 = CARTESIAN_POINT ( 'NONE',  ( 98.40990257669999153, 123.0000000000000000, -183.2627163190999795 ) ) ;
#4365 = CARTESIAN_POINT ( 'NONE',  ( -165.9386001800268104, 22.76179938779914735, -115.7340187157729758 ) ) ;
#4366 = VERTEX_POINT ( 'NONE', #2056 ) ;
#4367 = EDGE_CURVE ( 'NONE', #4976, #827, #3938, .T. ) ;
#4368 = ORIENTED_EDGE ( 'NONE', *, *, #1587, .T. ) ;
#4369 = AXIS2_PLACEMENT_3D ( 'NONE', #5753, #3057, #187 ) ;
#4370 = FACE_OUTER_BOUND ( 'NONE', #5775, .T. ) ;
#4371 = CARTESIAN_POINT ( 'NONE',  ( -165.5684327720165641, 20.55205464666336113, -113.2757589989833349 ) ) ;
#4372 = AXIS2_PLACEMENT_3D ( 'NONE', #2859, #2827, #3721 ) ;
#4373 = CARTESIAN_POINT ( 'NONE',  ( 164.5243866176269876, 90.00000000000000000, -114.3198051533730109 ) ) ;
#4374 = EDGE_CURVE ( 'NONE', #4718, #32, #4076, .T. ) ;
#4375 = EDGE_LOOP ( 'NONE', ( #5581, #1189 ) ) ;
#4376 = DIRECTION ( 'NONE',  ( 1.000000000000000000, 0.000000000000000000, 0.000000000000000000 ) ) ;
#4377 = CARTESIAN_POINT ( 'NONE',  ( 166.3087675879833682, 43.05205464666336468, -112.5354241830166586 ) ) ;
#4378 = CARTESIAN_POINT ( 'NONE',  ( -167.3528137423729731, 112.5000000000000000, -111.4913780286270111 ) ) ;
#4379 = FACE_BOUND ( 'NONE', #418, .T. ) ;
#4380 = CARTESIAN_POINT ( 'NONE',  ( 165.9754083736747532, 23.02349576871856485, -115.6972105221250615 ) ) ;
#4381 = EDGE_LOOP ( 'NONE', ( #2599, #268, #3564, #3354 ) ) ;
#4382 = CARTESIAN_POINT ( 'NONE',  ( -166.3087675879833682, 43.05205464666337178, -112.5354241830166586 ) ) ;
#4383 = EDGE_CURVE ( 'NONE', #2076, #3104, #4869, .T. ) ;
#4384 = VECTOR ( 'NONE', #5924, 1000.000000000000114 ) ;
#4385 = AXIS2_PLACEMENT_3D ( 'NONE', #3524, #5889, #1180 ) ;
#4386 = CARTESIAN_POINT ( 'NONE',  ( 167.1676936199767169, 20.49999999999999645, -114.5049252758232683 ) ) ;
#4387 = VECTOR ( 'NONE', #1843, 1000.000000000000000 ) ;
#4388 = DIRECTION ( 'NONE',  ( 0.7071067811865474617, 0.000000000000000000, -0.7071067811865474617 ) ) ;
#4389 = CARTESIAN_POINT ( 'NONE',  ( 40.06702755367646773, 125.5000000000048601, -197.1726188958000137 ) ) ;
#4390 = ORIENTED_EDGE ( 'NONE', *, *, #1206, .F. ) ;
#4391 = VERTEX_POINT ( 'NONE', #3968 ) ;
#4392 = CYLINDRICAL_SURFACE ( 'NONE', #5913, 1.999999999999992895 ) ;
#4393 = ORIENTED_EDGE ( 'NONE', *, *, #3060, .T. ) ;
#4394 = CARTESIAN_POINT ( 'NONE',  ( 165.0694998738995309, 114.0993336847963633, -113.7746918971003964 ) ) ;
#4395 = CYLINDRICAL_SURFACE ( 'NONE', #3255, 2.500000000000010658 ) ;
#4396 = CARTESIAN_POINT ( 'NONE',  ( -165.2263753876909789, 65.75242722329150524, -113.6178163833089911 ) ) ;
#4397 = ORIENTED_EDGE ( 'NONE', *, *, #876, .T. ) ;
#4398 = VERTEX_POINT ( 'NONE', #1045 ) ;
#4399 = CARTESIAN_POINT ( 'NONE',  ( -13.00000000000000000, 50.00000000000000000, -199.1726188958000137 ) ) ;
#4400 = CARTESIAN_POINT ( 'NONE',  ( 167.1676936199767454, 114.4999999999999716, -114.5049252758232683 ) ) ;
#4401 = EDGE_CURVE ( 'NONE', #1205, #3040, #3341, .T. ) ;
#4402 = LINE ( 'NONE', #2960, #5612 ) ;
#4403 = ORIENTED_EDGE ( 'NONE', *, *, #4937, .F. ) ;
#4404 = CARTESIAN_POINT ( 'NONE',  ( -168.7302191111251943, 89.47650423128145292, -112.9423997846749188 ) ) ;
#4405 = CYLINDRICAL_SURFACE ( 'NONE', #3395, 1.999999999999992895 ) ;
#4406 = AXIS2_PLACEMENT_3D ( 'NONE', #1601, #1112, #2433 ) ;
#4407 = CARTESIAN_POINT ( 'NONE',  ( -70.00000000001537614, 9.499999999999953815, -199.1726188958000421 ) ) ;
#4408 = FACE_OUTER_BOUND ( 'NONE', #20, .T. ) ;
#4409 = EDGE_CURVE ( 'NONE', #466, #4047, #4964, .T. ) ;
#4410 = EDGE_CURVE ( 'NONE', #2110, #5365, #3976, .T. ) ;
#4411 = DIRECTION ( 'NONE',  ( 0.000000000000000000, 0.000000000000000000, -1.000000000000000000 ) ) ;
#4412 = VERTEX_POINT ( 'NONE', #4093 ) ;
#4413 = CIRCLE ( 'NONE', #2251, 9.000000000000000000 ) ;
#4414 = FACE_OUTER_BOUND ( 'NONE', #2179, .T. ) ;
#4415 = CARTESIAN_POINT ( 'NONE',  ( 168.7670273047731939, 22.23820061220085265, -112.9055915910270187 ) ) ;
#4416 = CIRCLE ( 'NONE', #5589, 3.000000000000019096 ) ;
#4417 = DIRECTION ( 'NONE',  ( -0.000000000000000000, -0.000000000000000000, -1.000000000000000000 ) ) ;
#4418 = EDGE_CURVE ( 'NONE', #5925, #663, #365, .T. ) ;
#4419 = CARTESIAN_POINT ( 'NONE',  ( 166.1170931813723541, 68.50723796074180427, -115.5555257144275316 ) ) ;
#4420 = ORIENTED_EDGE ( 'NONE', *, *, #3738, .F. ) ;
#4421 = ORIENTED_EDGE ( 'NONE', *, *, #1841, .F. ) ;
#4422 = DIRECTION ( 'NONE',  ( 0.7071067811865474617, 0.000000000000000000, 0.7071067811865474617 ) ) ;
#4423 = AXIS2_PLACEMENT_3D ( 'NONE', #1688, #5958, #4432 ) ;
#4424 = ORIENTED_EDGE ( 'NONE', *, *, #4001, .F. ) ;
#4425 = AXIS2_PLACEMENT_3D ( 'NONE', #4662, #2813, #2845 ) ;
#4426 = DIRECTION ( 'NONE',  ( 0.7071067811865475727, 0.000000000000000000, -0.7071067811865475727 ) ) ;
#4427 = CARTESIAN_POINT ( 'NONE',  ( -165.9754083736748385, 45.52349576871856840, -115.6972105221250899 ) ) ;
#4428 = CARTESIAN_POINT ( 'NONE',  ( 165.9386001800270094, 112.5000000000000000, -115.7340187157729900 ) ) ;
#4429 = EDGE_LOOP ( 'NONE', ( #2640, #1507 ) ) ;
#4430 = UNCERTAINTY_MEASURE_WITH_UNIT (LENGTH_MEASURE( 1.000000000000000082E-05 ), #2854, 'distance_accuracy_value', 'NONE');
#4431 = AXIS2_PLACEMENT_3D ( 'NONE', #2773, #1813, #2346 ) ;
#4432 = DIRECTION ( 'NONE',  ( -0.7071067811865012764, 0.000000000000000000, 0.7071067811865937580 ) ) ;
#4433 = VERTEX_POINT ( 'NONE', #1219 ) ;
#4434 = DIRECTION ( 'NONE',  ( -0.7071067811866001973, 0.000000000000000000, 0.7071067811864948371 ) ) ;
#4435 = CARTESIAN_POINT ( 'NONE',  ( -166.8077004861004866, 20.90066631520364382, -112.0364912848996397 ) ) ;
#4436 = VECTOR ( 'NONE', #516, 1000.000000000000114 ) ;
#4437 = EDGE_LOOP ( 'NONE', ( #1771, #5446, #3331, #3775 ) ) ;
#4438 = LINE ( 'NONE', #1571, #1938 ) ;
#4439 = CARTESIAN_POINT ( 'NONE',  ( -43.06702755360861090, 125.5000000000047748, -188.6873375215614317 ) ) ;
#4440 = CARTESIAN_POINT ( 'NONE',  ( -171.5954544295000233, 0.000000000000000000, -107.2487373414999894 ) ) ;
#4441 = DIRECTION ( 'NONE',  ( 0.7071067811865475727, 0.000000000000000000, 0.7071067811865475727 ) ) ;
#4442 = AXIS2_PLACEMENT_3D ( 'NONE', #4544, #5892, #2204 ) ;
#4443 = CARTESIAN_POINT ( 'NONE',  ( 60.00000000000000000, 12.00000000000000000, -199.1726188958000137 ) ) ;
#4444 = ORIENTED_EDGE ( 'NONE', *, *, #690, .F. ) ;
#4445 = CARTESIAN_POINT ( 'NONE',  ( 131.6439212925000106, 50.00000000000000000, -150.0286976033000030 ) ) ;
#4446 = ADVANCED_FACE ( 'NONE', ( #3170 ), #2648, .F. ) ;
#4447 = DIRECTION ( 'NONE',  ( -0.7071067811866001973, 0.000000000000000000, -0.7071067811864948371 ) ) ;
#4448 = CARTESIAN_POINT ( 'NONE',  ( 95.22792206136000459, 12.00000000000000000, -183.6162697096999921 ) ) ;
#4449 = DIRECTION ( 'NONE',  ( 0.7071067811865451302, 0.000000000000000000, -0.7071067811865497932 ) ) ;
#4450 = VERTEX_POINT ( 'NONE', #5534 ) ;
#4451 = EDGE_LOOP ( 'NONE', ( #1585, #51 ) ) ;
#4452 = DIRECTION ( 'NONE',  ( 0.7071067811865474617, 0.000000000000000000, 0.7071067811865474617 ) ) ;
#4453 = EDGE_CURVE ( 'NONE', #3498, #6047, #5641, .T. ) ;
#4454 = EDGE_CURVE ( 'NONE', #3828, #3848, #5052, .T. ) ;
#4455 = FACE_OUTER_BOUND ( 'NONE', #5456, .T. ) ;
#4456 = EDGE_LOOP ( 'NONE', ( #1276, #2350, #1362, #3801 ) ) ;
#4457 = CARTESIAN_POINT ( 'NONE',  ( -125.9870670429999961, 58.60000000000000142, -155.6855518527999607 ) ) ;
#4458 = DIRECTION ( 'NONE',  ( 5.551115123125777653E-14, 1.000000000000000000, -5.551115123125777653E-14 ) ) ;
#4459 = CARTESIAN_POINT ( 'NONE',  ( -164.8077004861003445, 113.7290934399498212, -114.0364912848994976 ) ) ;
#4460 = EDGE_LOOP ( 'NONE', ( #1542, #1209, #4233, #2379 ) ) ;
#4461 = ORIENTED_EDGE ( 'NONE', *, *, #1505, .F. ) ;
#4462 = CYLINDRICAL_SURFACE ( 'NONE', #865, 1.200000000000011502 ) ;
#4463 = EDGE_LOOP ( 'NONE', ( #750, #2214, #2529, #5078 ) ) ;
#4464 = CARTESIAN_POINT ( 'NONE',  ( 167.3528137423729731, 112.5000000000000000, -111.4913780286270111 ) ) ;
#4465 = CARTESIAN_POINT ( 'NONE',  ( -167.3528137423729731, 22.50000000000000000, -111.4913780286270111 ) ) ;
#4466 = VERTEX_POINT ( 'NONE', #279 ) ;
#4467 = CARTESIAN_POINT ( 'NONE',  ( 167.3528137424000022, 47.00000000000000000, -114.3198051534000115 ) ) ;
#4468 = DIRECTION ( 'NONE',  ( -0.7071067811865475727, 0.000000000000000000, -0.7071067811865475727 ) ) ;
#4469 = AXIS2_PLACEMENT_3D ( 'NONE', #292, #223, #1265 ) ;
#4470 = DIRECTION ( 'NONE',  ( 0.000000000000000000, 0.000000000000000000, -1.000000000000000000 ) ) ;
#4471 = DIRECTION ( 'NONE',  ( -1.000000000000000000, 0.000000000000000000, 0.000000000000000000 ) ) ;
#4472 = VECTOR ( 'NONE', #4269, 1000.000000000000114 ) ;
#4473 = DIRECTION ( 'NONE',  ( 0.7071067811865475727, 0.000000000000000000, -0.7071067811865475727 ) ) ;
#4474 = CARTESIAN_POINT ( 'NONE',  ( 168.0599205235999989, 22.50000000000000000, -110.7842712475000155 ) ) ;
#4475 = LINE ( 'NONE', #2484, #5794 ) ;
#4476 = DIRECTION ( 'NONE',  ( -1.000000000000000000, 0.000000000000000000, 0.000000000000000000 ) ) ;
#4477 = OPEN_SHELL ( 'NONE', ( #6, #5821 ) ) ;
#4478 = EDGE_CURVE ( 'NONE', #1346, #569, #2403, .T. ) ;
#4479 = DIRECTION ( 'NONE',  ( -0.7071067811865474617, 0.000000000000000000, 0.7071067811865474617 ) ) ;
#4480 = CIRCLE ( 'NONE', #4975, 1.875000000000001776 ) ;
#4481 = ORIENTED_EDGE ( 'NONE', *, *, #4222, .T. ) ;
#4482 = ORIENTED_EDGE ( 'NONE', *, *, #5130, .F. ) ;
#4483 = AXIS2_PLACEMENT_3D ( 'NONE', #4290, #3827, #2877 ) ;
#4484 = AXIS2_PLACEMENT_3D ( 'NONE', #155, #3418, #5333 ) ;
#4485 = CARTESIAN_POINT ( 'NONE',  ( -125.1385389054999990, 41.39999999999999858, -156.5340799901999844 ) ) ;
#4486 = AXIS2_PLACEMENT_3D ( 'NONE', #1858, #5640, #1421 ) ;
#4487 = DIRECTION ( 'NONE',  ( 0.7071067811865475727, 0.000000000000000000, -0.7071067811865475727 ) ) ;
#4488 = CIRCLE ( 'NONE', #1042, 9.000000000000000000 ) ;
#4489 = EDGE_LOOP ( 'NONE', ( #5236, #2722, #1066, #2575 ) ) ;
#4490 = CARTESIAN_POINT ( 'NONE',  ( -165.9754083736747532, 111.9765042312814245, -115.6972105221250615 ) ) ;
#4491 = CARTESIAN_POINT ( 'NONE',  ( 21.00000000000000000, 58.60000000000000142, -199.1726188958000137 ) ) ;
#4492 = ADVANCED_FACE ( 'NONE', ( #4000 ), #5084, .F. ) ;
#4493 = EDGE_CURVE ( 'NONE', #5472, #4682, #1027, .T. ) ;
#4494 = CARTESIAN_POINT ( 'NONE',  ( -166.8077004861005150, 114.0993336847963633, -112.0364912848996255 ) ) ;
#4495 = ORIENTED_EDGE ( 'NONE', *, *, #683, .T. ) ;
#4496 = EDGE_LOOP ( 'NONE', ( #4421, #729, #5127, #237 ) ) ;
#4497 = CARTESIAN_POINT ( 'NONE',  ( 165.0694998738995309, 69.09933368479637750, -113.7746918971003964 ) ) ;
#4498 = ORIENTED_EDGE ( 'NONE', *, *, #2485, .F. ) ;
#4499 = DIRECTION ( 'NONE',  ( -0.000000000000000000, -0.000000000000000000, -1.000000000000000000 ) ) ;
#4500 = AXIS2_PLACEMENT_3D ( 'NONE', #2097, #3977, #189 ) ;
#4501 = EDGE_CURVE ( 'NONE', #4638, #4201, #5416, .T. ) ;
#4502 = DIRECTION ( 'NONE',  ( -0.7071067811865474617, 0.000000000000000000, 0.7071067811865474617 ) ) ;
#4503 = CARTESIAN_POINT ( 'NONE',  ( -60.00000000000000000, 12.00000000000000000, -199.1726188958000137 ) ) ;
#4504 = DIRECTION ( 'NONE',  ( 0.7071067811865475727, 0.000000000000000000, 0.7071067811865475727 ) ) ;
#4505 = CARTESIAN_POINT ( 'NONE',  ( -169.4741340859000047, 65.50000000000000000, -112.1984848097999929 ) ) ;
#4506 = CARTESIAN_POINT ( 'NONE',  ( 165.9386001800270094, 90.00000000000000000, -115.7340187157729900 ) ) ;
#4507 = CARTESIAN_POINT ( 'NONE',  ( -57.50000000000000000, 123.0000000000000000, -199.1726188958000137 ) ) ;
#4508 = DIRECTION ( 'NONE',  ( -1.000000000000000000, 0.000000000000000000, 0.000000000000000000 ) ) ;
#4509 = AXIS2_PLACEMENT_3D ( 'NONE', #368, #5421, #2249 ) ;
#4510 = DIRECTION ( 'NONE',  ( -0.7071067811865475727, -0.000000000000000000, 0.7071067811865475727 ) ) ;
#4511 = ORIENTED_EDGE ( 'NONE', *, *, #1499, .F. ) ;
#4512 = ORIENTED_EDGE ( 'NONE', *, *, #1352, .F. ) ;
#4513 = VECTOR ( 'NONE', #2577, 1000.000000000000114 ) ;
#4514 = FACE_BOUND ( 'NONE', #2245, .T. ) ;
#4515 = FACE_BOUND ( 'NONE', #5865, .T. ) ;
#4516 = ORIENTED_EDGE ( 'NONE', *, *, #2075, .F. ) ;
#4517 = DIRECTION ( 'NONE',  ( -0.7071067811865475727, -0.000000000000000000, -0.7071067811865475727 ) ) ;
#4518 = FACE_OUTER_BOUND ( 'NONE', #4326, .T. ) ;
#4519 = CARTESIAN_POINT ( 'NONE',  ( -166.9826463344166427, 24.44794535333663177, -114.6899725613833567 ) ) ;
#4520 = ORIENTED_EDGE ( 'NONE', *, *, #5680, .T. ) ;
#4521 = ORIENTED_EDGE ( 'NONE', *, *, #5680, .F. ) ;
#4522 = CARTESIAN_POINT ( 'NONE',  ( 165.0694998738995025, 110.9006663152036509, -113.7746918971003964 ) ) ;
#4523 = CARTESIAN_POINT ( 'NONE',  ( 165.5684327720165641, 69.44794535333660690, -113.2757589989833349 ) ) ;
#4524 = EDGE_CURVE ( 'NONE', #3905, #767, #4032, .T. ) ;
#4525 = ORIENTED_EDGE ( 'NONE', *, *, #1625, .T. ) ;
#4526 = ADVANCED_FACE ( 'NONE', ( #5447 ), #3113, .F. ) ;
#4527 = CARTESIAN_POINT ( 'NONE',  ( -164.5243866176269876, 67.50000000000000000, -114.3198051533730109 ) ) ;
#4528 = CYLINDRICAL_SURFACE ( 'NONE', #3917, 9.000000000000000000 ) ;
#4529 = VECTOR ( 'NONE', #2168, 1000.000000000000114 ) ;
#4530 = AXIS2_PLACEMENT_3D ( 'NONE', #5595, #1837, #2322 ) ;
#4531 = EDGE_CURVE ( 'NONE', #4281, #4450, #1251, .T. ) ;
#4532 = CARTESIAN_POINT ( 'NONE',  ( 165.5684327720166493, 20.55205464666336468, -113.2757589989833491 ) ) ;
#4533 = EDGE_CURVE ( 'NONE', #767, #702, #4700, .T. ) ;
#4534 = CARTESIAN_POINT ( 'NONE',  ( 165.2314933988000121, 90.00000000000000000, -116.4411254970000016 ) ) ;
#4535 = CARTESIAN_POINT ( 'NONE',  ( 168.7670273047729950, 22.50000000000000000, -112.9055915910270045 ) ) ;
#4536 = DIRECTION ( 'NONE',  ( -0.7071067811864976127, 0.000000000000000000, -0.7071067811865975328 ) ) ;
#4537 = DIRECTION ( 'NONE',  ( 0.000000000000000000, 0.000000000000000000, -1.000000000000000000 ) ) ;
#4538 = DIRECTION ( 'NONE',  ( 0.7071067811865012764, 0.000000000000000000, 0.7071067811865937580 ) ) ;
#4539 = ADVANCED_FACE ( 'NONE', ( #3803 ), #4669, .F. ) ;
#4540 = CARTESIAN_POINT ( 'NONE',  ( 20.00000000000000000, 102.4830545622999978, -199.1726188958000137 ) ) ;
#4541 = DIRECTION ( 'NONE',  ( 0.7071067811865475727, -0.000000000000000000, -0.7071067811865475727 ) ) ;
#4542 = ORIENTED_EDGE ( 'NONE', *, *, #5418, .T. ) ;
#4543 = EDGE_LOOP ( 'NONE', ( #4604, #2046, #1399, #1951 ) ) ;
#4544 = CARTESIAN_POINT ( 'NONE',  ( -165.0871860658000116, 67.50000000000000000, -112.0541774767999925 ) ) ;
#4545 = CARTESIAN_POINT ( 'NONE',  ( 163.8172798364999778, 112.6250000000000000, -115.0269119346000082 ) ) ;
#4546 = ORIENTED_EDGE ( 'NONE', *, *, #3098, .T. ) ;
#4547 = DIRECTION ( 'NONE',  ( 0.7071067811865475727, 0.000000000000000000, -0.7071067811865475727 ) ) ;
#4548 = DIRECTION ( 'NONE',  ( 0.7071067811865475727, 0.000000000000000000, -0.7071067811865475727 ) ) ;
#4549 = ORIENTED_EDGE ( 'NONE', *, *, #3695, .T. ) ;
#4550 = ORIENTED_EDGE ( 'NONE', *, *, #4868, .F. ) ;
#4551 = FACE_OUTER_BOUND ( 'NONE', #359, .T. ) ;
#4552 = DIRECTION ( 'NONE',  ( -0.7071067811865474617, 0.000000000000000000, 0.7071067811865474617 ) ) ;
#4553 = ORIENTED_EDGE ( 'NONE', *, *, #723, .F. ) ;
#4554 = DIRECTION ( 'NONE',  ( 1.387778780781444413E-14, -1.000000000000000000, 1.387778780781444413E-14 ) ) ;
#4555 = CARTESIAN_POINT ( 'NONE',  ( 57.50000000000000000, 12.00000000000000000, -199.1726188958000137 ) ) ;
#4556 = EDGE_CURVE ( 'NONE', #3441, #2218, #4221, .T. ) ;
#4557 = ORIENTED_EDGE ( 'NONE', *, *, #608, .T. ) ;
#4558 = CARTESIAN_POINT ( 'NONE',  ( 156.5340799901999844, 58.60000000000000142, -125.1385389054999990 ) ) ;
#4559 = CARTESIAN_POINT ( 'NONE',  ( 62.50000000000000000, 12.00000000000000000, -199.1726188958000137 ) ) ;
#4560 = DIRECTION ( 'NONE',  ( 0.7071067811865475727, 0.000000000000000000, -0.7071067811865475727 ) ) ;
#4561 = DIRECTION ( 'NONE',  ( 0.000000000000000000, 0.000000000000000000, 1.000000000000000000 ) ) ;
#4562 = EDGE_CURVE ( 'NONE', #1234, #133, #1129, .T. ) ;
#4563 = VERTEX_POINT ( 'NONE', #2392 ) ;
#4564 = EDGE_CURVE ( 'NONE', #6061, #5711, #5594, .T. ) ;
#4565 = CARTESIAN_POINT ( 'NONE',  ( 163.8172798364999778, 110.7500000000000000, -115.0269119346000082 ) ) ;
#4566 = CYLINDRICAL_SURFACE ( 'NONE', #1274, 1.999999999999992895 ) ;
#4567 = CARTESIAN_POINT ( 'NONE',  ( 154.2713382903999957, 58.60000000000000142, -124.5728534806000027 ) ) ;
#4568 = AXIS2_PLACEMENT_3D ( 'NONE', #1573, #251, #2063 ) ;
#4569 = EDGE_CURVE ( 'NONE', #2777, #3134, #4733, .T. ) ;
#4570 = FACE_OUTER_BOUND ( 'NONE', #5331, .T. ) ;
#4571 = EDGE_LOOP ( 'NONE', ( #2150, #764, #6032, #4368 ) ) ;
#4572 = ORIENTED_EDGE ( 'NONE', *, *, #3289, .F. ) ;
#4573 =( GEOMETRIC_REPRESENTATION_CONTEXT ( 3 ) GLOBAL_UNCERTAINTY_ASSIGNED_CONTEXT ( ( #112 ) ) GLOBAL_UNIT_ASSIGNED_CONTEXT ( ( #1308, #2216, #3083 ) ) REPRESENTATION_CONTEXT ( 'NONE', 'WORKASPACE' ) );
#4574 = FACE_BOUND ( 'NONE', #4291, .T. ) ;
#4575 = ORIENTED_EDGE ( 'NONE', *, *, #3681, .T. ) ;
#4576 = DIRECTION ( 'NONE',  ( 0.000000000000000000, 0.000000000000000000, -1.000000000000000000 ) ) ;
#4577 = CIRCLE ( 'NONE', #1626, 2.999999999999999112 ) ;
#4578 = CARTESIAN_POINT ( 'NONE',  ( -22.00000000000000000, 50.00000000000000000, -197.1726188958000137 ) ) ;
#4579 = ORIENTED_EDGE ( 'NONE', *, *, #2782, .F. ) ;
#4580 = EDGE_LOOP ( 'NONE', ( #3916, #4927 ) ) ;
#4581 = AXIS2_PLACEMENT_3D ( 'NONE', #4780, #4849, #625 ) ;
#4582 = CYLINDRICAL_SURFACE ( 'NONE', #4731, 2.999999999999975131 ) ;
#4583 = DIRECTION ( 'NONE',  ( 0.000000000000000000, 0.000000000000000000, 1.000000000000000000 ) ) ;
#4584 = ORIENTED_EDGE ( 'NONE', *, *, #5201, .F. ) ;
#4585 = SURFACE_STYLE_USAGE ( .BOTH. , #5508 ) ;
#4586 = CARTESIAN_POINT ( 'NONE',  ( -98.76345596729001386, 123.0000000000000000, -180.0807358037000085 ) ) ;
#4587 = ORIENTED_EDGE ( 'NONE', *, *, #942, .T. ) ;
#4588 = CARTESIAN_POINT ( 'NONE',  ( -19.80000000000000071, 58.60000000000000142, -197.1726188958000137 ) ) ;
#4589 = CARTESIAN_POINT ( 'NONE',  ( 98.40990257669999153, 12.00000000000000000, -183.2627163190999795 ) ) ;
#4590 = EDGE_CURVE ( 'NONE', #382, #5611, #4081, .T. ) ;
#4591 = AXIS2_PLACEMENT_3D ( 'NONE', #1477, #523, #5274 ) ;
#4592 = CARTESIAN_POINT ( 'NONE',  ( 166.9826463344166427, 65.55205464666336468, -114.6899725613833567 ) ) ;
#4593 = DIRECTION ( 'NONE',  ( -0.7071067811864976127, 0.000000000000000000, -0.7071067811865975328 ) ) ;
#4594 = VECTOR ( 'NONE', #2908, 1000.000000000000114 ) ;
#4595 = VERTEX_POINT ( 'NONE', #2276 ) ;
#4596 = CARTESIAN_POINT ( 'NONE',  ( 163.8172798364999778, 22.50000000000000000, -115.0269119346000082 ) ) ;
#4597 = DIRECTION ( 'NONE',  ( -1.000000000000000000, 0.000000000000000000, 0.000000000000000000 ) ) ;
#4598 = CARTESIAN_POINT ( 'NONE',  ( -57.50000000000000000, 12.00000000000000000, -197.1726188958000137 ) ) ;
#4599 = EDGE_CURVE ( 'NONE', #4861, #3274, #5141, .T. ) ;
#4600 = EDGE_CURVE ( 'NONE', #3079, #5676, #21, .T. ) ;
#4601 = LINE ( 'NONE', #1853, #2613 ) ;
#4602 = ORIENTED_EDGE ( 'NONE', *, *, #4103, .T. ) ;
#4603 = AXIS2_PLACEMENT_3D ( 'NONE', #2509, #5819, #4751 ) ;
#4604 = ORIENTED_EDGE ( 'NONE', *, *, #5489, .T. ) ;
#4605 = DIRECTION ( 'NONE',  ( 0.7071067811865475727, 0.000000000000000000, -0.7071067811865475727 ) ) ;
#4606 = ORIENTED_EDGE ( 'NONE', *, *, #2576, .T. ) ;
#4607 = EDGE_CURVE ( 'NONE', #4351, #3104, #941, .T. ) ;
#4608 = VECTOR ( 'NONE', #2088, 1000.000000000000114 ) ;
#4609 = CARTESIAN_POINT ( 'NONE',  ( -162.4030662740769060, 67.50000000000000000, -116.4411254970230942 ) ) ;
#4610 = CYLINDRICAL_SURFACE ( 'NONE', #2458, 2.500000000000002220 ) ;
#4611 = ORIENTED_EDGE ( 'NONE', *, *, #2292, .F. ) ;
#4612 = AXIS2_PLACEMENT_3D ( 'NONE', #1953, #4799, #575 ) ;
#4613 = EDGE_LOOP ( 'NONE', ( #5648, #1791, #632, #411 ) ) ;
#4614 = CYLINDRICAL_SURFACE ( 'NONE', #3841, 3.000000000000002665 ) ;
#4615 = CARTESIAN_POINT ( 'NONE',  ( 166.4837134362994959, 88.40066631520363671, -115.1889054595003756 ) ) ;
#4616 = ORIENTED_EDGE ( 'NONE', *, *, #980, .T. ) ;
#4617 = DIRECTION ( 'NONE',  ( 0.7071067811865474617, 0.000000000000000000, 0.7071067811865474617 ) ) ;
#4618 = ORIENTED_EDGE ( 'NONE', *, *, #6045, .T. ) ;
#4619 = CARTESIAN_POINT ( 'NONE',  ( 166.6405889500909439, 46.74757277670850897, -115.0320299457089988 ) ) ;
#4620 = CARTESIAN_POINT ( 'NONE',  ( -21.00000000000000000, 41.39999999999999858, -199.1726188958000137 ) ) ;
#4621 = DIRECTION ( 'NONE',  ( -0.7071067811865474617, 0.000000000000000000, 0.7071067811865474617 ) ) ;
#4622 = AXIS2_PLACEMENT_3D ( 'NONE', #5160, #4231, #5617 ) ;
#4623 = CARTESIAN_POINT ( 'NONE',  ( -70.00000000001537614, 9.499999999999953815, -107.2477373414999846 ) ) ;
#4624 = DIRECTION ( 'NONE',  ( 0.7071067811865475727, 0.000000000000000000, 0.7071067811865475727 ) ) ;
#4625 = VECTOR ( 'NONE', #779, 1000.000000000000114 ) ;
#4626 = DIRECTION ( 'NONE',  ( 1.387778780781444413E-14, -1.000000000000000000, 1.387778780781444413E-14 ) ) ;
#4627 = CARTESIAN_POINT ( 'NONE',  ( -155.1198664278999786, 58.60000000000000142, -123.7243253431999932 ) ) ;
#4628 = ORIENTED_EDGE ( 'NONE', *, *, #1498, .T. ) ;
#4629 = ORIENTED_EDGE ( 'NONE', *, *, #4755, .F. ) ;
#4630 = EDGE_CURVE ( 'NONE', #1426, #1057, #247, .T. ) ;
#4631 = CIRCLE ( 'NONE', #4933, 9.999999999999994671 ) ;
#4632 = DIRECTION ( 'NONE',  ( -0.7071067811865475727, 0.000000000000000000, -0.7071067811865475727 ) ) ;
#4633 = ORIENTED_EDGE ( 'NONE', *, *, #4189, .T. ) ;
#4634 = CARTESIAN_POINT ( 'NONE',  ( -168.2956227839730730, 45.00000000000000711, -112.4341870702269119 ) ) ;
#4635 = CIRCLE ( 'NONE', #3846, 2.000000000000001776 ) ;
#4637 = DIRECTION ( 'NONE',  ( -1.000000000000000000, 0.000000000000000000, 0.000000000000000000 ) ) ;
#4636 = B_SPLINE_CURVE_WITH_KNOTS ( 'NONE', 3,
 ( #4649, #428, #4185, #1840 ),
 .UNSPECIFIED., .F., .F.,
 ( 4, 4 ),
 ( 0.000000000000000000, 1.000000000000000000 ),
 .UNSPECIFIED. ) ;
#4638 = VERTEX_POINT ( 'NONE', #6048 ) ;
#4639 = ORIENTED_EDGE ( 'NONE', *, *, #5716, .F. ) ;
#4640 = ADVANCED_FACE ( 'NONE', ( #5679 ), #452, .F. ) ;
#4641 = CARTESIAN_POINT ( 'NONE',  ( -168.5885343034276502, 66.49276203925820994, -113.0840845923724629 ) ) ;
#4642 = LINE ( 'NONE', #2298, #4 ) ;
#4643 = ORIENTED_EDGE ( 'NONE', *, *, #3793, .T. ) ;
#4644 = DIRECTION ( 'NONE',  ( -0.7071067811865475727, 0.000000000000000000, 0.7071067811865475727 ) ) ;
#4645 = ADVANCED_FACE ( 'NONE', ( #5624 ), #1921, .T. ) ;
#4646 = EDGE_LOOP ( 'NONE', ( #137, #5875 ) ) ;
#4647 = DIRECTION ( 'NONE',  ( 0.7071067811864976127, 0.000000000000000000, 0.7071067811865975328 ) ) ;
#4648 = CARTESIAN_POINT ( 'NONE',  ( -153.4228101530000004, 41.39999999999999858, -125.4213816179999839 ) ) ;
#4649 = CARTESIAN_POINT ( 'NONE',  ( -167.3528137423729731, 90.00000000000000000, -111.4913780286270111 ) ) ;
#4650 = CARTESIAN_POINT ( 'NONE',  ( 168.7670273047729950, 67.50000000000000000, -112.9055915910270045 ) ) ;
#4651 = VERTEX_POINT ( 'NONE', #1345 ) ;
#4652 = CARTESIAN_POINT ( 'NONE',  ( 165.2263753876909789, 91.74757277670852318, -113.6178163833089911 ) ) ;
#4653 = CARTESIAN_POINT ( 'NONE',  ( -173.0096679918999882, 1.894780628694000185E-14, -108.6629509039000112 ) ) ;
#4654 = B_SPLINE_CURVE_WITH_KNOTS ( 'NONE', 3,
 ( #1115, #2997, #188, #91 ),
 .UNSPECIFIED., .F., .F.,
 ( 4, 4 ),
 ( 0.000000000000000000, 1.000000000000000000 ),
 .UNSPECIFIED. ) ;
#4655 = CARTESIAN_POINT ( 'NONE',  ( -165.2314933988000121, 90.00000000000000000, -116.4411254970000016 ) ) ;
#4656 = EDGE_LOOP ( 'NONE', ( #111, #1311, #1411, #2098, #2261 ) ) ;
#4657 = ORIENTED_EDGE ( 'NONE', *, *, #5498, .T. ) ;
#4658 = FACE_BOUND ( 'NONE', #3150, .T. ) ;
#4659 = ORIENTED_EDGE ( 'NONE', *, *, #521, .T. ) ;
#4660 = CARTESIAN_POINT ( 'NONE',  ( 164.5243866176269876, 22.50000000000000000, -114.3198051533730109 ) ) ;
#4661 = AXIS2_PLACEMENT_3D ( 'NONE', #5384, #1081, #1166 ) ;
#4662 = CARTESIAN_POINT ( 'NONE',  ( -168.0599205235999989, 112.6250000000000000, -110.7842712475000155 ) ) ;
#4663 = ORIENTED_EDGE ( 'NONE', *, *, #3927, .F. ) ;
#4664 = ORIENTED_EDGE ( 'NONE', *, *, #2996, .T. ) ;
#4665 = DIRECTION ( 'NONE',  ( 0.000000000000000000, -1.000000000000000000, 0.000000000000000000 ) ) ;
#4666 = CARTESIAN_POINT ( 'NONE',  ( -167.3160055487252862, 90.52349576871858972, -111.5281862222749680 ) ) ;
#4667 = ORIENTED_EDGE ( 'NONE', *, *, #416, .F. ) ;
#4668 = ADVANCED_FACE ( 'NONE', ( #3232 ), #5113, .F. ) ;
#4669 = CYLINDRICAL_SURFACE ( 'NONE', #1414, 9.000000000000000000 ) ;
#4670 = ADVANCED_FACE ( 'NONE', ( #423 ), #2301, .F. ) ;
#4671 = CARTESIAN_POINT ( 'NONE',  ( -21.00000000000000000, 41.39999999999999858, -197.1726188958000137 ) ) ;
#4672 = OPEN_SHELL ( 'NONE', ( #5919, #4331 ) ) ;
#4673 = VECTOR ( 'NONE', #846, 1000.000000000000000 ) ;
#4674 = AXIS2_PLACEMENT_3D ( 'NONE', #2570, #3093, #4947 ) ;
#4675 = ADVANCED_FACE ( 'NONE', ( #3263 ), #913, .F. ) ;
#4676 = CIRCLE ( 'NONE', #647, 3.000000000000019096 ) ;
#4677 = CARTESIAN_POINT ( 'NONE',  ( -168.4837134362996665, 91.22909343994983544, -113.1889054595004893 ) ) ;
#4678 = CARTESIAN_POINT ( 'NONE',  ( 168.2219140485004800, 46.59933368479635618, -113.4507048472995905 ) ) ;
#4679 = DIRECTION ( 'NONE',  ( -0.7071067811865474617, 0.000000000000000000, -0.7071067811865474617 ) ) ;
#4680 = FACE_OUTER_BOUND ( 'NONE', #142, .T. ) ;
#4681 = LINE ( 'NONE', #4711, #1383 ) ;
#4682 = VERTEX_POINT ( 'NONE', #3837 ) ;
#4683 = CARTESIAN_POINT ( 'NONE',  ( -167.7229811503833901, 43.05205464666336468, -113.9496377454166236 ) ) ;
#4684 = CARTESIAN_POINT ( 'NONE',  ( 165.9386001800270094, 112.5000000000000000, -115.7340187157729900 ) ) ;
#4685 = AXIS2_PLACEMENT_3D ( 'NONE', #925, #2806, #870 ) ;
#4686 = DIRECTION ( 'NONE',  ( 6.938893903907222067E-14, -1.000000000000000000, -6.938893903907222067E-14 ) ) ;
#4687 = ORIENTED_EDGE ( 'NONE', *, *, #3015, .T. ) ;
#4688 = ORIENTED_EDGE ( 'NONE', *, *, #1423, .T. ) ;
#4689 = DIRECTION ( 'NONE',  ( 1.000000000000000000, 0.000000000000000000, 0.000000000000000000 ) ) ;
#4690 = CIRCLE ( 'NONE', #3906, 1.200000000000001732 ) ;
#4691 = CYLINDRICAL_SURFACE ( 'NONE', #5459, 1.999999999999992895 ) ;
#4692 = CARTESIAN_POINT ( 'NONE',  ( -167.3528137423729731, 45.00000000000000000, -111.4913780286270111 ) ) ;
#4693 = CARTESIAN_POINT ( 'NONE',  ( -123.7243253431999932, 41.39999999999999858, -155.1198664278999786 ) ) ;
#4694 = ORIENTED_EDGE ( 'NONE', *, *, #4991, .T. ) ;
#4695 = ORIENTED_EDGE ( 'NONE', *, *, #3386, .F. ) ;
#4696 = DIRECTION ( 'NONE',  ( 0.7071067811865475727, 0.000000000000000000, 0.7071067811865475727 ) ) ;
#4697 = CARTESIAN_POINT ( 'NONE',  ( 69.99999999998435385, 9.499999999999896971, -199.1726188958000421 ) ) ;
#4698 = AXIS2_PLACEMENT_3D ( 'NONE', #84, #1872, #6082 ) ;
#4699 = ORIENTED_EDGE ( 'NONE', *, *, #4705, .F. ) ;
#4700 = LINE ( 'NONE', #1867, #341 ) ;
#4701 = CIRCLE ( 'NONE', #5488, 2.500000000000002220 ) ;
#4702 = ORIENTED_EDGE ( 'NONE', *, *, #5608, .T. ) ;
#4703 = B_SPLINE_CURVE_WITH_KNOTS ( 'NONE', 3,
 ( #4968, #2196, #5912, #2223, #713, #2096, #2563, #5815, #5881, #4939, #3975, #681, #1225, #5362, #5002, #1604, #5939, #4043 ),
 .UNSPECIFIED., .F., .F.,
 ( 4, 2, 2, 2, 2, 2, 2, 2, 4 ),
 ( -1.000000000000000000, -0.8750000000000000000, -0.7500000000000000000, -0.6250000000000000000, -0.5000000000000000000, -0.3750000000000000000, -0.2500000000000000000, -0.1250000000000000000, -0.000000000000000000 ),
 .UNSPECIFIED. ) ;
#4704 = EDGE_CURVE ( 'NONE', #5380, #4837, #793, .T. ) ;
#4705 = EDGE_CURVE ( 'NONE', #1479, #1981, #5605, .T. ) ;
#4706 = AXIS2_PLACEMENT_3D ( 'NONE', #4743, #5303, #89 ) ;
#4707 = CARTESIAN_POINT ( 'NONE',  ( -168.0599205235999989, 65.50000000000000000, -110.7842712475000155 ) ) ;
#4708 = FACE_OUTER_BOUND ( 'NONE', #2067, .T. ) ;
#4709 = CARTESIAN_POINT ( 'NONE',  ( 165.2314933988000121, 90.00000000000000000, -116.4411254970000016 ) ) ;
#4710 = EDGE_CURVE ( 'NONE', #4109, #3905, #5347, .T. ) ;
#4711 = CARTESIAN_POINT ( 'NONE',  ( 125.2799602618000279, 50.00000000000000000, -156.3926586340000142 ) ) ;
#4712 = EDGE_CURVE ( 'NONE', #926, #4391, #5032, .T. ) ;
#4713 = EDGE_LOOP ( 'NONE', ( #850, #5583, #2630, #4845 ) ) ;
#4714 = CARTESIAN_POINT ( 'NONE',  ( 13.00000000000000000, 50.00000000000000000, -199.1726188958000137 ) ) ;
#4715 = CARTESIAN_POINT ( 'NONE',  ( 165.2314933988000121, 47.00000000000000000, -116.4411254970000016 ) ) ;
#4716 = CARTESIAN_POINT ( 'NONE',  ( 166.8077004861005150, 88.40066631520362250, -112.0364912848996255 ) ) ;
#4717 = EDGE_LOOP ( 'NONE', ( #2117, #482 ) ) ;
#4718 = VERTEX_POINT ( 'NONE', #4834 ) ;
#4719 = EDGE_CURVE ( 'NONE', #1307, #1346, #2084, .T. ) ;
#4720 = AXIS2_PLACEMENT_3D ( 'NONE', #5705, #4328, #4760 ) ;
#4721 = FACE_BOUND ( 'NONE', #5345, .T. ) ;
#4722 = DIRECTION ( 'NONE',  ( 0.7071067811865475727, 0.000000000000000000, -0.7071067811865475727 ) ) ;
#4723 = DIRECTION ( 'NONE',  ( 0.000000000000000000, 1.000000000000000000, 0.000000000000000000 ) ) ;
#4724 = VECTOR ( 'NONE', #3867, 1000.000000000000000 ) ;
#4725 = CARTESIAN_POINT ( 'NONE',  ( 168.7302191111251943, 68.02349576871857550, -112.9423997846749188 ) ) ;
#4726 = ORIENTED_EDGE ( 'NONE', *, *, #11, .T. ) ;
#4727 = ORIENTED_EDGE ( 'NONE', *, *, #538, .F. ) ;
#4728 = CYLINDRICAL_SURFACE ( 'NONE', #3071, 1.199999999999999734 ) ;
#4729 = CYLINDRICAL_SURFACE ( 'NONE', #3834, 2.500000000000002220 ) ;
#4730 = VERTEX_POINT ( 'NONE', #77 ) ;
#4731 = AXIS2_PLACEMENT_3D ( 'NONE', #792, #3196, #4062 ) ;
#4732 = CARTESIAN_POINT ( 'NONE',  ( -43.06702755360861090, 125.5000000000047748, -199.1726188958000137 ) ) ;
#4733 = LINE ( 'NONE', #3286, #1318 ) ;
#4734 = CARTESIAN_POINT ( 'NONE',  ( 168.7670273047729950, 45.00000000000000000, -112.9055915910270045 ) ) ;
#4735 = ORIENTED_EDGE ( 'NONE', *, *, #5837, .T. ) ;
#4736 = CARTESIAN_POINT ( 'NONE',  ( -168.2219140485004516, 91.59933368479637750, -113.4507048472996189 ) ) ;
#4737 = DIRECTION ( 'NONE',  ( -0.7071067811865474617, 0.000000000000000000, 0.7071067811865474617 ) ) ;
#4738 = CARTESIAN_POINT ( 'NONE',  ( -165.0871860658000116, 90.00000000000000000, -112.0541774767999925 ) ) ;
#4739 = EDGE_CURVE ( 'NONE', #1426, #5947, #1103, .T. ) ;
#4740 = CARTESIAN_POINT ( 'NONE',  ( 125.1385389054999990, 58.60000000000000142, -156.5340799901999844 ) ) ;
#4741 = ORIENTED_EDGE ( 'NONE', *, *, #2719, .F. ) ;
#4742 = CARTESIAN_POINT ( 'NONE',  ( -73.00000000001539036, 9.499999999999953815, -199.1726188958000421 ) ) ;
#4743 = CARTESIAN_POINT ( 'NONE',  ( -150.0286976033000030, 50.00000000000000000, -131.6439212925000106 ) ) ;
#4744 = DIRECTION ( 'NONE',  ( 0.000000000000000000, 0.000000000000000000, -1.000000000000000000 ) ) ;
#4745 = EDGE_CURVE ( 'NONE', #2520, #1080, #2517, .T. ) ;
#4746 = ADVANCED_FACE ( 'NONE', ( #4800 ), #4395, .F. ) ;
#4747 = CARTESIAN_POINT ( 'NONE',  ( -168.7670273047729950, 45.00000000000000000, -112.9055915910270045 ) ) ;
#4748 = VERTEX_POINT ( 'NONE', #2949 ) ;
#4749 = ORIENTED_EDGE ( 'NONE', *, *, #2042, .F. ) ;
#4750 = LINE ( 'NONE', #3822, #5748 ) ;
#4751 = DIRECTION ( 'NONE',  ( -0.7071067811865475727, 0.000000000000000000, -0.7071067811865475727 ) ) ;
#4752 = EDGE_CURVE ( 'NONE', #3534, #1988, #4011, .T. ) ;
#4753 = ORIENTED_EDGE ( 'NONE', *, *, #4478, .F. ) ;
#4754 = DIRECTION ( 'NONE',  ( 0.7071067811865475727, 0.000000000000000000, -0.7071067811865475727 ) ) ;
#4755 = EDGE_CURVE ( 'NONE', #2670, #3186, #1353, .T. ) ;
#4756 = DIRECTION ( 'NONE',  ( 1.000000000000000000, 0.000000000000000000, 0.000000000000000000 ) ) ;
#4757 = ORIENTED_EDGE ( 'NONE', *, *, #3217, .F. ) ;
#4758 = EDGE_LOOP ( 'NONE', ( #1271, #3031, #1487, #1369 ) ) ;
#4759 = CARTESIAN_POINT ( 'NONE',  ( -87.30889521534669484, 125.5000000000048317, -194.3637236804533757 ) ) ;
#4760 = DIRECTION ( 'NONE',  ( -0.7071067811865475727, 0.000000000000000000, -0.7071067811865475727 ) ) ;
#4761 = VECTOR ( 'NONE', #4476, 1000.000000000000000 ) ;
#4762 = ORIENTED_EDGE ( 'NONE', *, *, #1210, .F. ) ;
#4763 = FACE_OUTER_BOUND ( 'NONE', #2203, .T. ) ;
#4764 = DIRECTION ( 'NONE',  ( 0.7071067811864953923, 0.000000000000000000, -0.7071067811865995312 ) ) ;
#4765 = CIRCLE ( 'NONE', #1022, 2.500000000000000888 ) ;
#4766 = ORIENTED_EDGE ( 'NONE', *, *, #2081, .T. ) ;
#4767 = VECTOR ( 'NONE', #3314, 1000.000000000000114 ) ;
#4768 = CARTESIAN_POINT ( 'NONE',  ( 164.5243866176269876, 67.50000000000000000, -114.3198051533730109 ) ) ;
#4769 = DIRECTION ( 'NONE',  ( -0.7071067811865475727, 0.000000000000000000, -0.7071067811865475727 ) ) ;
#4770 = DIRECTION ( 'NONE',  ( 0.000000000000000000, 0.000000000000000000, -1.000000000000000000 ) ) ;
#4771 = CIRCLE ( 'NONE', #743, 9.999999999999994671 ) ;
#4772 = CIRCLE ( 'NONE', #2122, 2.500000000000002220 ) ;
#4773 = CIRCLE ( 'NONE', #658, 9.000000000000000000 ) ;
#4774 = CARTESIAN_POINT ( 'NONE',  ( -20.00000000000000000, 102.4830545622999978, -199.1726188958000137 ) ) ;
#4775 = ADVANCED_FACE ( 'NONE', ( #204 ), #1619, .F. ) ;
#4776 = CIRCLE ( 'NONE', #2907, 9.000000000000007105 ) ;
#4777 = ORIENTED_EDGE ( 'NONE', *, *, #2376, .T. ) ;
#4778 = CARTESIAN_POINT ( 'NONE',  ( -166.9826463344166427, 43.05205464666337178, -114.6899725613833283 ) ) ;
#4779 = CARTESIAN_POINT ( 'NONE',  ( 96.99568901431999279, 123.0000000000000000, -181.8485027567000145 ) ) ;
#4780 = CARTESIAN_POINT ( 'NONE',  ( 199.1726188958000137, 0.000000000000000000, -82.50000000000000000 ) ) ;
#4781 = CARTESIAN_POINT ( 'NONE',  ( 167.5379338648232590, 24.50000000000000000, -114.1346850309767404 ) ) ;
#4782 = ORIENTED_EDGE ( 'NONE', *, *, #1392, .T. ) ;
#4783 = EDGE_LOOP ( 'NONE', ( #5787, #2010, #3158, #3991, #4726 ) ) ;
#4784 = CARTESIAN_POINT ( 'NONE',  ( -95.53504356526643448, 9.500000000000108358, -186.1375753305336218 ) ) ;
#4785 = EDGE_CURVE ( 'NONE', #4948, #4280, #3373, .T. ) ;
#4786 = EDGE_CURVE ( 'NONE', #673, #6047, #5738, .T. ) ;
#4787 = CARTESIAN_POINT ( 'NONE',  ( 167.5379338648232590, 20.49999999999999645, -114.1346850309767404 ) ) ;
#4788 = DIRECTION ( 'NONE',  ( 0.7071067811865475727, 0.000000000000000000, 0.7071067811865475727 ) ) ;
#4789 = CIRCLE ( 'NONE', #853, 2.500000000000002220 ) ;
#4790 = CARTESIAN_POINT ( 'NONE',  ( 167.3160055487252862, 45.52349576871856129, -111.5281862222749396 ) ) ;
#4791 = VECTOR ( 'NONE', #600, 1000.000000000000114 ) ;
#4792 = LINE ( 'NONE', #2511, #3986 ) ;
#4793 = ORIENTED_EDGE ( 'NONE', *, *, #5868, .T. ) ;
#4794 = ORIENTED_EDGE ( 'NONE', *, *, #1352, .T. ) ;
#4795 = CARTESIAN_POINT ( 'NONE',  ( 60.00000000000000000, 123.0000000000000000, -197.1726188958000137 ) ) ;
#4796 = EDGE_CURVE ( 'NONE', #1895, #3470, #597, .T. ) ;
#4797 = FACE_OUTER_BOUND ( 'NONE', #397, .T. ) ;
#4798 = ORIENTED_EDGE ( 'NONE', *, *, #1915, .T. ) ;
#4799 = DIRECTION ( 'NONE',  ( -0.7071067811865475727, -0.000000000000000000, -0.7071067811865475727 ) ) ;
#4800 = FACE_OUTER_BOUND ( 'NONE', #4543, .T. ) ;
#4801 = CARTESIAN_POINT ( 'NONE',  ( -167.3528137423732005, 67.23820061220087041, -111.4913780286270395 ) ) ;
#4802 = ORIENTED_EDGE ( 'NONE', *, *, #2427, .T. ) ;
#4803 = EDGE_CURVE ( 'NONE', #1906, #1303, #4042, .T. ) ;
#4804 = ORIENTED_EDGE ( 'NONE', *, *, #1806, .F. ) ;
#4805 = FACE_BOUND ( 'NONE', #3782, .T. ) ;
#4806 = CARTESIAN_POINT ( 'NONE',  ( -165.9754083736747532, 21.97650423128144581, -115.6972105221250615 ) ) ;
#4807 = AXIS2_PLACEMENT_3D ( 'NONE', #5512, #5057, #2219 ) ;
#4808 = VECTOR ( 'NONE', #638, 1000.000000000000000 ) ;
#4809 = CARTESIAN_POINT ( 'NONE',  ( 169.4741340859000047, 88.00000000000000000, -112.1984848097999929 ) ) ;
#4810 = ORIENTED_EDGE ( 'NONE', *, *, #5418, .F. ) ;
#4811 = CARTESIAN_POINT ( 'NONE',  ( 155.1198664278999786, 41.39999999999999858, -123.7243253431999932 ) ) ;
#4812 = PLANE ( 'NONE',  #5556 ) ;
#4813 = FACE_OUTER_BOUND ( 'NONE', #4989, .T. ) ;
#4814 = FACE_BOUND ( 'NONE', #2295, .T. ) ;
#4815 = CARTESIAN_POINT ( 'NONE',  ( 166.3087675879833682, 88.05205464666337889, -112.5354241830166586 ) ) ;
#4816 = ORIENTED_EDGE ( 'NONE', *, *, #4216, .F. ) ;
#4817 = ORIENTED_EDGE ( 'NONE', *, *, #3318, .T. ) ;
#4818 = DIRECTION ( 'NONE',  ( -0.7071067811864976127, 0.000000000000000000, -0.7071067811865975328 ) ) ;
#4819 = FACE_OUTER_BOUND ( 'NONE', #3231, .T. ) ;
#4820 = CARTESIAN_POINT ( 'NONE',  ( -166.4837134362994959, 91.59933368479634908, -115.1889054595003756 ) ) ;
#4821 = CARTESIAN_POINT ( 'NONE',  ( -13.00000000000000000, 50.00000000000000000, -199.1726188958000137 ) ) ;
#4822 = AXIS2_PLACEMENT_3D ( 'NONE', #564, #4788, #4285 ) ;
#4823 = EDGE_CURVE ( 'NONE', #927, #2358, #1378, .T. ) ;
#4824 = VECTOR ( 'NONE', #5857, 1000.000000000000000 ) ;
#4825 = CARTESIAN_POINT ( 'NONE',  ( -165.2314933988000121, 114.5000000000000000, -116.4411254970000016 ) ) ;
#4826 = AXIS2_PLACEMENT_3D ( 'NONE', #6053, #2858, #2394 ) ;
#4827 = EDGE_LOOP ( 'NONE', ( #3250, #2942, #4083, #2919 ) ) ;
#4828 = ORIENTED_EDGE ( 'NONE', *, *, #5061, .F. ) ;
#4829 = FACE_OUTER_BOUND ( 'NONE', #2482, .T. ) ;
#4830 = DIRECTION ( 'NONE',  ( 0.7071067811864976127, 0.000000000000000000, 0.7071067811865975328 ) ) ;
#4831 = ORIENTED_EDGE ( 'NONE', *, *, #194, .T. ) ;
#4832 = AXIS2_PLACEMENT_3D ( 'NONE', #3496, #1954, #1492 ) ;
#4833 = DIRECTION ( 'NONE',  ( -0.7071067811866001973, 0.000000000000000000, 0.7071067811864948371 ) ) ;
#4834 = CARTESIAN_POINT ( 'NONE',  ( -100.1776695296999975, 12.00000000000000000, -181.4949493661000020 ) ) ;
#4835 = ADVANCED_FACE ( 'NONE', ( #4924 ), #300, .F. ) ;
#4836 = CARTESIAN_POINT ( 'NONE',  ( -166.3087675879833682, 65.55205464666337889, -112.5354241830166586 ) ) ;
#4837 = VERTEX_POINT ( 'NONE', #1683 ) ;
#4838 = AXIS2_PLACEMENT_3D ( 'NONE', #3877, #981, #2864 ) ;
#4839 = ORIENTED_EDGE ( 'NONE', *, *, #2154, .T. ) ;
#4840 = CARTESIAN_POINT ( 'NONE',  ( -166.6508249723090671, 69.24757277670852318, -112.1933667986910166 ) ) ;
#4841 = CARTESIAN_POINT ( 'NONE',  ( 168.7670273047731655, 112.7617993877991438, -112.9055915910270045 ) ) ;
#4842 = EDGE_CURVE ( 'NONE', #3963, #5562, #3531, .T. ) ;
#4843 = AXIS2_PLACEMENT_3D ( 'NONE', #1183, #722, #2602 ) ;
#4844 = DIRECTION ( 'NONE',  ( 0.7071067811865475727, 0.000000000000000000, -0.7071067811865475727 ) ) ;
#4845 = ORIENTED_EDGE ( 'NONE', *, *, #339, .T. ) ;
#4846 = CYLINDRICAL_SURFACE ( 'NONE', #177, 1.999999999999992895 ) ;
#4847 = CARTESIAN_POINT ( 'NONE',  ( 167.3528137423729731, 45.00000000000000000, -111.4913780286270111 ) ) ;
#4848 = DIRECTION ( 'NONE',  ( -0.7071067811865975328, 0.000000000000000000, 0.7071067811864976127 ) ) ;
#4849 = DIRECTION ( 'NONE',  ( 0.7071067811865475727, 0.000000000000000000, -0.7071067811865475727 ) ) ;
#4850 = DIRECTION ( 'NONE',  ( -2.344671404967999738E-14, -1.000000000000000000, -2.344671404967999738E-14 ) ) ;
#4851 = ORIENTED_EDGE ( 'NONE', *, *, #5685, .F. ) ;
#4852 = CARTESIAN_POINT ( 'NONE',  ( -164.7028796189723039, 43.99276203925818862, -114.1413121520274956 ) ) ;
#4853 = CARTESIAN_POINT ( 'NONE',  ( -130.2297077301000172, 50.00000000000000000, -148.6144840409000096 ) ) ;
#4854 = CARTESIAN_POINT ( 'NONE',  ( -167.7229811503833616, 69.44794535333664953, -113.9496377454166804 ) ) ;
#4855 = CARTESIAN_POINT ( 'NONE',  ( -20.00000000000000000, 92.48305456232999688, -197.1726188958000137 ) ) ;
#4856 = VERTEX_POINT ( 'NONE', #2578 ) ;
#4857 = EDGE_LOOP ( 'NONE', ( #5625, #1888 ) ) ;
#4858 = CARTESIAN_POINT ( 'NONE',  ( -165.9386001800270094, 67.50000000000000000, -115.7340187157729900 ) ) ;
#4859 = CYLINDRICAL_SURFACE ( 'NONE', #2170, 1.200000000000011502 ) ;
#4860 = ADVANCED_FACE ( 'NONE', ( #4518 ), #234, .F. ) ;
#4861 = VERTEX_POINT ( 'NONE', #1187 ) ;
#4862 = CARTESIAN_POINT ( 'NONE',  ( 166.6508249723090671, 114.2475727767085090, -112.1933667986910024 ) ) ;
#4863 = CARTESIAN_POINT ( 'NONE',  ( -167.7229811503833616, 46.94794535333662822, -113.9496377454166804 ) ) ;
#4864 = CARTESIAN_POINT ( 'NONE',  ( -167.0694998738996446, 66.27090656005019298, -111.7746918971004675 ) ) ;
#4865 = ORIENTED_EDGE ( 'NONE', *, *, #760, .T. ) ;
#4866 = EDGE_CURVE ( 'NONE', #3685, #4053, #4956, .T. ) ;
#4867 = ORIENTED_EDGE ( 'NONE', *, *, #4950, .T. ) ;
#4868 = EDGE_CURVE ( 'NONE', #2231, #5080, #2857, .T. ) ;
#4869 = CIRCLE ( 'NONE', #2208, 3.000000000000019096 ) ;
#4870 = FACE_BOUND ( 'NONE', #491, .T. ) ;
#4871 = CARTESIAN_POINT ( 'NONE',  ( -168.5885343034276502, 21.49276203925819573, -113.0840845923724629 ) ) ;
#4872 = AXIS2_PLACEMENT_3D ( 'NONE', #511, #4265, #3747 ) ;
#4873 = CARTESIAN_POINT ( 'NONE',  ( 134.1797514700666909, 125.5000000000048601, -147.4928674257333228 ) ) ;
#4874 = ORIENTED_EDGE ( 'NONE', *, *, #11, .F. ) ;
#4875 = DIRECTION ( 'NONE',  ( 0.000000000000000000, 0.000000000000000000, -1.000000000000000000 ) ) ;
#4876 = EDGE_CURVE ( 'NONE', #466, #2014, #2617, .T. ) ;
#4877 = FACE_OUTER_BOUND ( 'NONE', #172, .T. ) ;
#4878 = CARTESIAN_POINT ( 'NONE',  ( -164.5611948112747598, 111.9765042312814671, -114.2829969597250681 ) ) ;
#4879 = CARTESIAN_POINT ( 'NONE',  ( -22.19999999999999929, 58.60000000000000142, -199.1726188958000137 ) ) ;
#4880 = CARTESIAN_POINT ( 'NONE',  ( 168.2219140485004800, 24.09933368479635973, -113.4507048472995905 ) ) ;
#4881 = ORIENTED_EDGE ( 'NONE', *, *, #4401, .T. ) ;
#4882 = B_SPLINE_CURVE_WITH_KNOTS ( 'NONE', 3,
 ( #3987, #5798, #571, #1982, #2450, #5856, #5344, #1519, #5317, #171, #103, #605, #2047, #1552, #5405, #3464, #3434, #3008 ),
 .UNSPECIFIED., .F., .F.,
 ( 4, 2, 2, 2, 2, 2, 2, 2, 4 ),
 ( -1.000000000000000000, -0.8750000000000000000, -0.7500000000000000000, -0.6250000000000000000, -0.5000000000000000000, -0.3750000000000000000, -0.2500000000000000000, -0.1250000000000000000, -0.000000000000000000 ),
 .UNSPECIFIED. ) ;
#4883 = DIRECTION ( 'NONE',  ( -0.7071067811865475727, -0.000000000000000000, -0.7071067811865475727 ) ) ;
#4884 = CARTESIAN_POINT ( 'NONE',  ( 166.9826463344166427, 20.55205464666336113, -114.6899725613833567 ) ) ;
#4885 = CIRCLE ( 'NONE', #1725, 2.000000000000001776 ) ;
#4886 = CARTESIAN_POINT ( 'NONE',  ( -163.8172798364999778, 20.50000000000000000, -115.0269119346000082 ) ) ;
#4887 = CARTESIAN_POINT ( 'NONE',  ( 167.7229811503833901, 69.44794535333660690, -113.9496377454166236 ) ) ;
#4888 = ORIENTED_EDGE ( 'NONE', *, *, #2719, .T. ) ;
#4889 = ORIENTED_EDGE ( 'NONE', *, *, #5427, .F. ) ;
#4890 = CARTESIAN_POINT ( 'NONE',  ( -166.1170931813723541, 66.49276203925819573, -115.5555257144275316 ) ) ;
#4891 = VERTEX_POINT ( 'NONE', #5050 ) ;
#4892 = CARTESIAN_POINT ( 'NONE',  ( 164.5243866176269876, 112.5000000000000000, -114.3198051533730109 ) ) ;
#4893 = CARTESIAN_POINT ( 'NONE',  ( -168.7670273047731939, 45.26179938779915801, -112.9055915910270187 ) ) ;
#4894 = VECTOR ( 'NONE', #5401, 1000.000000000000114 ) ;
#4895 = CARTESIAN_POINT ( 'NONE',  ( -164.7028796189723039, 66.49276203925819573, -114.1413121520274956 ) ) ;
#4896 = ORIENTED_EDGE ( 'NONE', *, *, #2071, .F. ) ;
#4897 = LINE ( 'NONE', #672, #4608 ) ;
#4898 = ORIENTED_EDGE ( 'NONE', *, *, #5607, .F. ) ;
#4899 = DIRECTION ( 'NONE',  ( -0.7071067811864976127, 0.000000000000000000, -0.7071067811865975328 ) ) ;
#4900 = CARTESIAN_POINT ( 'NONE',  ( -167.0694998738996446, 21.27090656005016811, -111.7746918971004675 ) ) ;
#4901 = AXIS2_PLACEMENT_3D ( 'NONE', #4567, #5037, #2138 ) ;
#4902 = EDGE_CURVE ( 'NONE', #2218, #4466, #4301, .T. ) ;
#4903 = VERTEX_POINT ( 'NONE', #5139 ) ;
#4904 = CARTESIAN_POINT ( 'NONE',  ( 130.2297077301000172, 50.00000000000000000, -148.6144840409000096 ) ) ;
#4905 = LINE ( 'NONE', #4439, #2015 ) ;
#4906 = CARTESIAN_POINT ( 'NONE',  ( -165.2263753876909789, 110.7524272232914910, -113.6178163833089911 ) ) ;
#4907 = CARTESIAN_POINT ( 'NONE',  ( 163.8172798364999778, 112.6250000000000000, -115.0269119346000082 ) ) ;
#4908 = EDGE_CURVE ( 'NONE', #176, #304, #1139, .T. ) ;
#4909 = DIRECTION ( 'NONE',  ( 0.7071067811865969777, 1.894780628693995136E-14, -0.7071067811864980568 ) ) ;
#4910 = EDGE_LOOP ( 'NONE', ( #560, #4240, #2604, #389 ) ) ;
#4911 = VECTOR ( 'NONE', #583, 1000.000000000000114 ) ;
#4912 = CYLINDRICAL_SURFACE ( 'NONE', #1526, 3.000000000000002665 ) ;
#4913 = DIRECTION ( 'NONE',  ( 1.000000000000000000, 0.000000000000000000, 0.000000000000000000 ) ) ;
#4914 = CARTESIAN_POINT ( 'NONE',  ( -168.7670273047731939, 67.76179938779915801, -112.9055915910270187 ) ) ;
#4915 = ADVANCED_FACE ( 'NONE', ( #1402 ), #3284, .F. ) ;
#4916 = CARTESIAN_POINT ( 'NONE',  ( 166.6405889500909723, 43.25242722329148393, -115.0320299457089988 ) ) ;
#4917 = ORIENTED_EDGE ( 'NONE', *, *, #5427, .T. ) ;
#4918 = ORIENTED_EDGE ( 'NONE', *, *, #3108, .F. ) ;
#4919 = CARTESIAN_POINT ( 'NONE',  ( 81.67157287524999276, 135.0000000000000000, -197.1726188958000137 ) ) ;
#4920 = AXIS2_PLACEMENT_3D ( 'NONE', #4709, #3810, #1898 ) ;
#4921 = ORIENTED_EDGE ( 'NONE', *, *, #903, .F. ) ;
#4922 = VECTOR ( 'NONE', #5527, 1000.000000000000000 ) ;
#4923 = DIRECTION ( 'NONE',  ( -0.7071067811865475727, 0.000000000000000000, 0.7071067811865475727 ) ) ;
#4924 = FACE_OUTER_BOUND ( 'NONE', #1931, .T. ) ;
#4925 = DIRECTION ( 'NONE',  ( 0.7071067811865475727, 0.000000000000000000, -0.7071067811865475727 ) ) ;
#4926 = ORIENTED_EDGE ( 'NONE', *, *, #1711, .F. ) ;
#4927 = ORIENTED_EDGE ( 'NONE', *, *, #3704, .F. ) ;
#4928 = CIRCLE ( 'NONE', #3442, 1.199999999999999734 ) ;
#4929 = DIRECTION ( 'NONE',  ( 0.000000000000000000, 0.000000000000000000, -1.000000000000000000 ) ) ;
#4930 = ORIENTED_EDGE ( 'NONE', *, *, #5228, .T. ) ;
#4931 = CYLINDRICAL_SURFACE ( 'NONE', #2004, 9.000000000000000000 ) ;
#4932 = CARTESIAN_POINT ( 'NONE',  ( -164.5243866176267886, 22.23820061220084909, -114.3198051533729824 ) ) ;
#4933 = AXIS2_PLACEMENT_3D ( 'NONE', #6044, #2880, #1862 ) ;
#4934 = EDGE_LOOP ( 'NONE', ( #2299, #381 ) ) ;
#4935 = DIRECTION ( 'NONE',  ( -1.000000000000000000, 0.000000000000000000, 0.000000000000000000 ) ) ;
#4936 = FACE_OUTER_BOUND ( 'NONE', #1131, .T. ) ;
#4937 = EDGE_CURVE ( 'NONE', #697, #214, #4642, .T. ) ;
#4938 = DIRECTION ( 'NONE',  ( 0.7071067811865475727, 0.000000000000000000, -0.7071067811865475727 ) ) ;
#4939 = CARTESIAN_POINT ( 'NONE',  ( -167.5379338648232590, 114.4999999999999716, -114.1346850309767404 ) ) ;
#4940 = AXIS2_PLACEMENT_3D ( 'NONE', #2589, #1997, #652 ) ;
#4941 = CARTESIAN_POINT ( 'NONE',  ( -91.29240287814711508, 9.500000000000108358, -190.3802160176529412 ) ) ;
#4942 = DIRECTION ( 'NONE',  ( -0.000000000000000000, -0.000000000000000000, -1.000000000000000000 ) ) ;
#4943 = LINE ( 'NONE', #1729, #1019 ) ;
#4944 = EDGE_CURVE ( 'NONE', #762, #4280, #3940, .T. ) ;
#4945 = ADVANCED_FACE ( 'NONE', ( #2701 ), #19, .F. ) ;
#4946 = CARTESIAN_POINT ( 'NONE',  ( 162.4030662740769060, 45.00000000000000000, -116.4411254970230942 ) ) ;
#4947 = DIRECTION ( 'NONE',  ( 0.7071067811865475727, 0.000000000000000000, -0.7071067811865475727 ) ) ;
#4948 = VERTEX_POINT ( 'NONE', #393 ) ;
#4949 = ORIENTED_EDGE ( 'NONE', *, *, #942, .F. ) ;
#4950 = EDGE_CURVE ( 'NONE', #1240, #2626, #3166, .T. ) ;
#4951 = FACE_BOUND ( 'NONE', #999, .T. ) ;
#4952 = FACE_BOUND ( 'NONE', #1298, .T. ) ;
#4953 = ORIENTED_EDGE ( 'NONE', *, *, #2300, .F. ) ;
#4954 = EDGE_CURVE ( 'NONE', #3995, #3685, #3936, .T. ) ;
#4955 = CARTESIAN_POINT ( 'NONE',  ( -165.4671956592269453, 22.49999999999999289, -115.2626141949730822 ) ) ;
#4956 = LINE ( 'NONE', #3562, #1869 ) ;
#4957 = CARTESIAN_POINT ( 'NONE',  ( -168.7670273047729950, 22.50000000000000000, -112.9055915910270045 ) ) ;
#4958 = ORIENTED_EDGE ( 'NONE', *, *, #5915, .T. ) ;
#4959 = ORIENTED_EDGE ( 'NONE', *, *, #239, .T. ) ;
#4960 = CARTESIAN_POINT ( 'NONE',  ( 165.7534800575767235, 69.50000000000000000, -113.0907117134232465 ) ) ;
#4961 = ORIENTED_EDGE ( 'NONE', *, *, #2654, .T. ) ;
#4962 = CARTESIAN_POINT ( 'NONE',  ( -156.3926586340000142, 50.00000000000000000, -125.2799602618000279 ) ) ;
#4963 = DIRECTION ( 'NONE',  ( 0.7071067811865474617, 0.000000000000000000, 0.7071067811865474617 ) ) ;
#4964 = B_SPLINE_CURVE_WITH_KNOTS ( 'NONE', 3,
 ( #5714, #212, #616, #5838, #1629, #1565, #4840, #1991, #1496, #3872, #5744, #1530, #3413, #5296, #2957, #2494, #3444, #4527 ),
 .UNSPECIFIED., .F., .F.,
 ( 4, 2, 2, 2, 2, 2, 2, 2, 4 ),
 ( -1.000000000000000000, -0.8750000000000000000, -0.7500000000000000000, -0.6250000000000000000, -0.5000000000000000000, -0.3750000000000000000, -0.2500000000000000000, -0.1250000000000000000, -0.000000000000000000 ),
 .UNSPECIFIED. ) ;
#4965 = CARTESIAN_POINT ( 'NONE',  ( 167.1743207410276568, 21.49276203925819573, -111.6698710299724553 ) ) ;
#4966 = CARTESIAN_POINT ( 'NONE',  ( 19.80000000000000071, 41.39999999999999858, -197.1726188958000137 ) ) ;
#4967 = DIRECTION ( 'NONE',  ( -1.000000000000000000, 0.000000000000000000, 0.000000000000000000 ) ) ;
#4968 = CARTESIAN_POINT ( 'NONE',  ( -165.9386001800270094, 112.5000000000000000, -115.7340187157729900 ) ) ;
#4969 = EDGE_CURVE ( 'NONE', #3565, #2678, #1950, .T. ) ;
#4970 = CARTESIAN_POINT ( 'NONE',  ( 165.9386001800270094, 22.50000000000000000, -115.7340187157729900 ) ) ;
#4971 = DIRECTION ( 'NONE',  ( 0.7071067811865475727, 0.000000000000000000, -0.7071067811865475727 ) ) ;
#4972 = CARTESIAN_POINT ( 'NONE',  ( 20.00000000000000000, 82.48305456232999688, -199.1726188958000137 ) ) ;
#4973 = CLOSED_SHELL ( 'NONE', ( #5877, #2635, #4670, #1464, #3143, #3654, #3493, #3362, #3621, #1735, #5572, #873, #2335, #1779, #5840, #4860, #2619, #33, #992, #3921, #4304, #5158, #3656, #2943, #1135, #3874, #3246, #982, #4182, #797, #1698, #2336, #3539, #5024, #5677, #3348, #1026, #2399, #3520, #5805, #1961, #1201, #495, #5064, #356, #1457, #1009, #4336, #940, #2906, #4987, #4746, #5537, #2310, #4446, #5507, #5091, #1925, #5135, #3553, #795, #946, #4263, #3175, #453, #4668, #4945, #1744, #1968, #4119, #520, #5756, #833, #159, #868, #979, #2535, #835, #5577, #5169, #3950, #1422, #4492, #2610, #1173, #2561, #6052, #5324, #4915, #1466, #235, #3728, #2526, #2903, #481, #4072, #5755, #415, #4539, #5348, #6024, #4340, #1892, #1852, #5096, #1693, #4321, #2192, #4645, #150, #717, #1944, #3579, #3769, #5015, #489, #2234, #5381, #2944, #624, #278, #3659, #6017, #246, #2026, #5455, #3067, #3090, #4775, #3210, #4675, #4038, #5055, #5031, #2341 ) ) ;
#4974 = CARTESIAN_POINT ( 'NONE',  ( -169.4741340859000047, 110.7500000000000000, -112.1984848097999929 ) ) ;
#4975 = AXIS2_PLACEMENT_3D ( 'NONE', #4545, #5495, #1270 ) ;
#4976 = VERTEX_POINT ( 'NONE', #5223 ) ;
#4977 = ORIENTED_EDGE ( 'NONE', *, *, #5194, .F. ) ;
#4978 = EDGE_CURVE ( 'NONE', #4366, #506, #2064, .T. ) ;
#4979 = VECTOR ( 'NONE', #3554, 1000.000000000000114 ) ;
#4980 = EDGE_CURVE ( 'NONE', #2118, #1555, #2881, .T. ) ;
#4981 = FACE_BOUND ( 'NONE', #3555, .T. ) ;
#4982 = VECTOR ( 'NONE', #3120, 1000.000000000000114 ) ;
#4983 = DIRECTION ( 'NONE',  ( 0.000000000000000000, 0.000000000000000000, -1.000000000000000000 ) ) ;
#4984 = ORIENTED_EDGE ( 'NONE', *, *, #1842, .F. ) ;
#4985 = DIRECTION ( 'NONE',  ( 0.000000000000000000, -1.000000000000000000, 0.000000000000000000 ) ) ;
#4986 = CARTESIAN_POINT ( 'NONE',  ( -167.3528137423729731, 67.50000000000000000, -111.4913780286270111 ) ) ;
#4987 = ADVANCED_FACE ( 'NONE', ( #2978 ), #3831, .F. ) ;
#4988 = CARTESIAN_POINT ( 'NONE',  ( -166.2219140485003948, 23.72909343994982478, -115.4507048472995052 ) ) ;
#4989 = EDGE_LOOP ( 'NONE', ( #2086, #2814, #3249, #5140 ) ) ;
#4990 = ORIENTED_EDGE ( 'NONE', *, *, #3468, .F. ) ;
#4991 = EDGE_CURVE ( 'NONE', #5562, #702, #4475, .T. ) ;
#4992 = CARTESIAN_POINT ( 'NONE',  ( -4.000000000000000000, 50.00000000000000000, -199.1726188958000137 ) ) ;
#4993 = DIRECTION ( 'NONE',  ( -0.7071067811865474617, 0.000000000000000000, 0.7071067811865474617 ) ) ;
#4994 = EDGE_LOOP ( 'NONE', ( #422, #5811, #5955, #4275 ) ) ;
#4995 = CARTESIAN_POINT ( 'NONE',  ( -165.0871860658000116, 45.00000000000000000, -112.0541774767999925 ) ) ;
#4996 = CARTESIAN_POINT ( 'NONE',  ( -13.00000000000000000, 50.00000000000000000, -199.1726188958000137 ) ) ;
#4997 = EDGE_CURVE ( 'NONE', #3499, #2076, #5674, .T. ) ;
#4998 = VECTOR ( 'NONE', #1910, 1000.000000000000114 ) ;
#4999 = CARTESIAN_POINT ( 'NONE',  ( 165.7534800575766951, 20.49999999999999645, -113.0907117134232607 ) ) ;
#5000 = CARTESIAN_POINT ( 'NONE',  ( 165.2314933988000121, 110.7500000000000000, -116.4411254970000016 ) ) ;
#5001 = CARTESIAN_POINT ( 'NONE',  ( -164.5243866176269876, 67.50000000000000000, -114.3198051533730109 ) ) ;
#5002 = CARTESIAN_POINT ( 'NONE',  ( -168.5885343034276502, 113.5072379607418185, -113.0840845923724771 ) ) ;
#5003 = CYLINDRICAL_SURFACE ( 'NONE', #4179, 9.000000000000007105 ) ;
#5004 = CARTESIAN_POINT ( 'NONE',  ( 173.0096679918999882, 0.000000000000000000, -108.6629509039000112 ) ) ;
#5005 = CYLINDRICAL_SURFACE ( 'NONE', #4469, 1.999999999999992895 ) ;
#5006 = AXIS2_PLACEMENT_3D ( 'NONE', #2618, #5991, #2705 ) ;
#5007 = DIRECTION ( 'NONE',  ( 0.000000000000000000, 0.000000000000000000, -1.000000000000000000 ) ) ;
#5008 = ORIENTED_EDGE ( 'NONE', *, *, #5858, .F. ) ;
#5009 = ORIENTED_EDGE ( 'NONE', *, *, #3761, .F. ) ;
#5010 = VECTOR ( 'NONE', #2531, 999.9999999999998863 ) ;
#5011 = CIRCLE ( 'NONE', #3920, 1.875000000000001776 ) ;
#5012 = FACE_BOUND ( 'NONE', #3748, .T. ) ;
#5013 = PLANE ( 'NONE',  #3595 ) ;
#5014 = VERTEX_POINT ( 'NONE', #3370 ) ;
#5015 = ADVANCED_FACE ( 'NONE', ( #5735 ), #2913, .T. ) ;
#5016 = CARTESIAN_POINT ( 'NONE',  ( -60.00000000000000000, 123.0000000000000000, -199.1726188958000137 ) ) ;
#5017 = CARTESIAN_POINT ( 'NONE',  ( -165.0694998738995025, 114.0993336847963491, -113.7746918971003964 ) ) ;
#5018 = ORIENTED_EDGE ( 'NONE', *, *, #1015, .F. ) ;
#5019 = ORIENTED_EDGE ( 'NONE', *, *, #580, .T. ) ;
#5020 = DIRECTION ( 'NONE',  ( 0.7071067811864976127, 0.000000000000000000, 0.7071067811865975328 ) ) ;
#5021 = CARTESIAN_POINT ( 'NONE',  ( 166.8077004861004866, 69.09933368479639171, -112.0364912848996397 ) ) ;
#5022 = ORIENTED_EDGE ( 'NONE', *, *, #346, .F. ) ;
#5023 = CIRCLE ( 'NONE', #4035, 9.000000000000000000 ) ;
#5024 = ADVANCED_FACE ( 'NONE', ( #4797 ), #1456, .F. ) ;
#5025 = LINE ( 'NONE', #799, #2831 ) ;
#5026 = ORIENTED_EDGE ( 'NONE', *, *, #2534, .F. ) ;
#5027 = AXIS2_PLACEMENT_3D ( 'NONE', #1294, #5518, #2716 ) ;
#5028 = DIRECTION ( 'NONE',  ( 0.7071067811865475727, 0.000000000000000000, -0.7071067811865475727 ) ) ;
#5029 = CARTESIAN_POINT ( 'NONE',  ( 165.2314933988000121, 22.50000000000000000, -116.4411254970000016 ) ) ;
#5030 = CARTESIAN_POINT ( 'NONE',  ( 165.9386001800270094, 45.00000000000000000, -115.7340187157729900 ) ) ;
#5031 = ADVANCED_FACE ( 'NONE', ( #572 ), #2451, .F. ) ;
#5032 = CIRCLE ( 'NONE', #4330, 1.875000000000001776 ) ;
#5033 = CARTESIAN_POINT ( 'NONE',  ( -60.00000000000000000, 123.0000000000000000, -197.1726188958000137 ) ) ;
#5034 = ORIENTED_EDGE ( 'NONE', *, *, #2200, .T. ) ;
#5035 = DIRECTION ( 'NONE',  ( 0.000000000000000000, 0.000000000000000000, -1.000000000000000000 ) ) ;
#5036 = LINE ( 'NONE', #4507, #978 ) ;
#5037 = DIRECTION ( 'NONE',  ( 0.7071067811864976127, 0.000000000000000000, -0.7071067811865975328 ) ) ;
#5038 = VECTOR ( 'NONE', #1964, 1000.000000000000000 ) ;
#5039 = CARTESIAN_POINT ( 'NONE',  ( 165.9754083736748385, 44.47650423128145292, -115.6972105221250899 ) ) ;
#5040 = ORIENTED_EDGE ( 'NONE', *, *, #115, .F. ) ;
#5041 = ORIENTED_EDGE ( 'NONE', *, *, #5233, .T. ) ;
#5042 = DIRECTION ( 'NONE',  ( -0.7071067811865475727, 0.000000000000000000, -0.7071067811865475727 ) ) ;
#5043 = EDGE_LOOP ( 'NONE', ( #2663, #5619, #686, #3609, #447 ) ) ;
#5044 = CARTESIAN_POINT ( 'NONE',  ( -166.9826463344166427, 110.5520546466633647, -114.6899725613833283 ) ) ;
#5045 = CARTESIAN_POINT ( 'NONE',  ( -166.6508249723090671, 114.2475727767085232, -112.1933667986910166 ) ) ;
#5046 = EDGE_LOOP ( 'NONE', ( #3865, #4977, #5983, #40 ) ) ;
#5047 = ORIENTED_EDGE ( 'NONE', *, *, #2070, .F. ) ;
#5048 = FACE_OUTER_BOUND ( 'NONE', #2406, .T. ) ;
#5049 = EDGE_CURVE ( 'NONE', #2361, #5758, #606, .T. ) ;
#5050 = CARTESIAN_POINT ( 'NONE',  ( 20.00000000000000000, 102.4830545622999978, -197.1726188958000137 ) ) ;
#5051 = ORIENTED_EDGE ( 'NONE', *, *, #2277, .F. ) ;
#5052 = LINE ( 'NONE', #857, #2113 ) ;
#5053 = CARTESIAN_POINT ( 'NONE',  ( -13.00000000000000000, 50.00000000000000000, -199.1726188958000137 ) ) ;
#5054 = ORIENTED_EDGE ( 'NONE', *, *, #4524, .F. ) ;
#5055 = ADVANCED_FACE ( 'NONE', ( #4296 ), #73, .F. ) ;
#5056 = EDGE_CURVE ( 'NONE', #5112, #2023, #3343, .T. ) ;
#5057 = DIRECTION ( 'NONE',  ( 0.7071067811865475727, 0.000000000000000000, -0.7071067811865475727 ) ) ;
#5058 = CARTESIAN_POINT ( 'NONE',  ( 165.2314933988000121, 69.50000000000000000, -116.4411254970000016 ) ) ;
#5059 = CARTESIAN_POINT ( 'NONE',  ( -165.9386001800270094, 67.50000000000000000, -115.7340187157729900 ) ) ;
#5060 = DIRECTION ( 'NONE',  ( -0.7071067811865476838, -0.000000000000000000, -0.7071067811865473507 ) ) ;
#5061 = EDGE_CURVE ( 'NONE', #4366, #2189, #1070, .T. ) ;
#5062 = ORIENTED_EDGE ( 'NONE', *, *, #2103, .T. ) ;
#5063 = CARTESIAN_POINT ( 'NONE',  ( 43.06702755367647484, 125.5000000000048601, -197.1726188958000137 ) ) ;
#5064 = ADVANCED_FACE ( 'NONE', ( #3403 ), #4729, .F. ) ;
#5065 = VECTOR ( 'NONE', #954, 1000.000000000000114 ) ;
#5066 = CARTESIAN_POINT ( 'NONE',  ( -163.8172798364269056, 45.00000000000000000, -117.8553390593730938 ) ) ;
#5067 = CARTESIAN_POINT ( 'NONE',  ( 168.0599205235999989, 110.7500000000000000, -110.7842712475000155 ) ) ;
#5068 = VECTOR ( 'NONE', #3692, 1000.000000000000114 ) ;
#5069 = CARTESIAN_POINT ( 'NONE',  ( 168.0650385347090321, 43.25242722329147682, -113.6075803610909958 ) ) ;
#5070 = VERTEX_POINT ( 'NONE', #1553 ) ;
#5071 = ORIENTED_EDGE ( 'NONE', *, *, #5668, .F. ) ;
#5072 = AXIS2_PLACEMENT_3D ( 'NONE', #3537, #5905, #5933 ) ;
#5073 = CARTESIAN_POINT ( 'NONE',  ( 140.1797514700666625, 125.5000000000048601, -153.4928674257332943 ) ) ;
#5074 = ORIENTED_EDGE ( 'NONE', *, *, #885, .T. ) ;
#5075 = CARTESIAN_POINT ( 'NONE',  ( 165.4671956592269453, 45.00000000000000711, -115.2626141949730822 ) ) ;
#5076 = CIRCLE ( 'NONE', #2120, 9.999999999999994671 ) ;
#5077 = DIRECTION ( 'NONE',  ( 0.7071067811865474617, 0.000000000000000000, -0.7071067811865474617 ) ) ;
#5078 = ORIENTED_EDGE ( 'NONE', *, *, #1142, .F. ) ;
#5079 = CIRCLE ( 'NONE', #2413, 2.500000000000000888 ) ;
#5080 = VERTEX_POINT ( 'NONE', #2594 ) ;
#5081 = PLANE ( 'NONE',  #894 ) ;
#5082 = DIRECTION ( 'NONE',  ( -1.000000000000000000, 0.000000000000000000, 0.000000000000000000 ) ) ;
#5083 = ORIENTED_EDGE ( 'NONE', *, *, #4991, .F. ) ;
#5084 = PLANE ( 'NONE',  #5550 ) ;
#5085 = DIRECTION ( 'NONE',  ( 0.7071067811865475727, 5.024295867787357937E-15, -0.7071067811865475727 ) ) ;
#5086 = EDGE_LOOP ( 'NONE', ( #721, #4953, #5904, #5343 ) ) ;
#5087 = CARTESIAN_POINT ( 'NONE',  ( 167.5379338648232590, 47.00000000000000711, -114.1346850309767404 ) ) ;
#5088 = AXIS2_PLACEMENT_3D ( 'NONE', #1090, #5336, #5306 ) ;
#5089 = CARTESIAN_POINT ( 'NONE',  ( 166.1170931813722689, 66.49276203925820994, -115.5555257144275174 ) ) ;
#5090 = CARTESIAN_POINT ( 'NONE',  ( 166.3087675879833682, 24.44794535333662822, -112.5354241830166586 ) ) ;
#5091 = ADVANCED_FACE ( 'NONE', ( #3436 ), #4859, .F. ) ;
#5092 = CIRCLE ( 'NONE', #3221, 1.199999999999999734 ) ;
#5093 = DIRECTION ( 'NONE',  ( 0.7071067811865475727, 1.004859173557473481E-14, -0.7071067811865475727 ) ) ;
#5094 = DIRECTION ( 'NONE',  ( -1.387778780781444413E-14, -1.000000000000000000, 0.000000000000000000 ) ) ;
#5095 = DIRECTION ( 'NONE',  ( 0.000000000000000000, -1.000000000000000000, 0.000000000000000000 ) ) ;
#5096 = ADVANCED_FACE ( 'NONE', ( #508 ), #1322, .F. ) ;
#5097 = CARTESIAN_POINT ( 'NONE',  ( 168.7302191111252796, 44.47650423128144581, -112.9423997846749046 ) ) ;
#5098 = ORIENTED_EDGE ( 'NONE', *, *, #1437, .F. ) ;
#5099 = AXIS2_PLACEMENT_3D ( 'NONE', #2874, #5728, #3363 ) ;
#5100 = EDGE_LOOP ( 'NONE', ( #5277, #783, #3658, #197 ) ) ;
#5101 = DIRECTION ( 'NONE',  ( 0.000000000000000000, 0.000000000000000000, -1.000000000000000000 ) ) ;
#5102 = EDGE_LOOP ( 'NONE', ( #5438, #4292, #1277, #1550 ) ) ;
#5103 = AXIS2_PLACEMENT_3D ( 'NONE', #4467, #249, #4006 ) ;
#5104 = CARTESIAN_POINT ( 'NONE',  ( 86.83337686575434589, 125.5000000000048601, -192.0108149052957742 ) ) ;
#5105 = EDGE_CURVE ( 'NONE', #5948, #2206, #2954, .T. ) ;
#5106 = CARTESIAN_POINT ( 'NONE',  ( -60.00000000000000000, 123.0000000000000000, -199.1726188958000137 ) ) ;
#5107 = ORIENTED_EDGE ( 'NONE', *, *, #4710, .T. ) ;
#5108 = VECTOR ( 'NONE', #3044, 1000.000000000000000 ) ;
#5109 = ORIENTED_EDGE ( 'NONE', *, *, #5712, .F. ) ;
#5110 = CARTESIAN_POINT ( 'NONE',  ( 155.6855518527999607, 41.39999999999999858, -125.9870670429999961 ) ) ;
#5111 = CARTESIAN_POINT ( 'NONE',  ( 168.0650385347090321, 88.25242722329150524, -113.6075803610909958 ) ) ;
#5112 = VERTEX_POINT ( 'NONE', #5066 ) ;
#5113 = PLANE ( 'NONE',  #832 ) ;
#5114 = VERTEX_POINT ( 'NONE', #4074 ) ;
#5115 = CARTESIAN_POINT ( 'NONE',  ( 162.4914546217252109, 112.6250000000000000, -116.3527371493747751 ) ) ;
#5116 = CARTESIAN_POINT ( 'NONE',  ( -150.0286976033000030, 50.00000000000000000, -131.6439212925000106 ) ) ;
#5117 = FACE_OUTER_BOUND ( 'NONE', #5435, .T. ) ;
#5118 = DIRECTION ( 'NONE',  ( -1.000000000000000000, 0.000000000000000000, 0.000000000000000000 ) ) ;
#5119 = CIRCLE ( 'NONE', #1958, 2.999999999999999112 ) ;
#5120 = CARTESIAN_POINT ( 'NONE',  ( 171.5954544295000233, 0.000000000000000000, -107.2487373414999894 ) ) ;
#5121 = ORIENTED_EDGE ( 'NONE', *, *, #2034, .F. ) ;
#5122 = CARTESIAN_POINT ( 'NONE',  ( 165.0694998738995309, 91.59933368479634908, -113.7746918971003964 ) ) ;
#5123 = AXIS2_PLACEMENT_3D ( 'NONE', #2791, #174, #611 ) ;
#5124 = CARTESIAN_POINT ( 'NONE',  ( 166.6405889500909723, 110.7524272232914626, -115.0320299457089988 ) ) ;
#5125 = FACE_OUTER_BOUND ( 'NONE', #2634, .T. ) ;
#5126 = ORIENTED_EDGE ( 'NONE', *, *, #876, .F. ) ;
#5127 = ORIENTED_EDGE ( 'NONE', *, *, #1360, .T. ) ;
#5128 = EDGE_CURVE ( 'NONE', #5799, #5618, #837, .T. ) ;
#5129 = CIRCLE ( 'NONE', #2862, 1.875000000000001776 ) ;
#5130 = EDGE_CURVE ( 'NONE', #4362, #2520, #1574, .T. ) ;
#5131 = CARTESIAN_POINT ( 'NONE',  ( -124.5728534806000027, 58.60000000000000142, -154.2713382903999957 ) ) ;
#5132 = CARTESIAN_POINT ( 'NONE',  ( -96.64213562372999888, 12.00000000000000000, -185.0304832719999979 ) ) ;
#5133 = CARTESIAN_POINT ( 'NONE',  ( -4.000000000000000000, 50.00000000000000000, -197.1726188958000137 ) ) ;
#5134 = FACE_OUTER_BOUND ( 'NONE', #3529, .T. ) ;
#5135 = ADVANCED_FACE ( 'NONE', ( #4015 ), #3121, .F. ) ;
#5136 = VERTEX_POINT ( 'NONE', #3637 ) ;
#5137 = ORIENTED_EDGE ( 'NONE', *, *, #5316, .F. ) ;
#5138 = LINE ( 'NONE', #4234, #700 ) ;
#5139 = CARTESIAN_POINT ( 'NONE',  ( 156.3926586340000142, 50.00000000000000000, -125.2799602618000279 ) ) ;
#5140 = ORIENTED_EDGE ( 'NONE', *, *, #2080, .T. ) ;
#5141 = LINE ( 'NONE', #969, #4767 ) ;
#5142 = CARTESIAN_POINT ( 'NONE',  ( 166.8077004861005150, 65.90066631520365092, -112.0364912848996255 ) ) ;
#5143 = LINE ( 'NONE', #3720, #573 ) ;
#5144 = DIRECTION ( 'NONE',  ( 4.163336342344333240E-14, 1.000000000000000000, -4.163336342344333240E-14 ) ) ;
#5145 = DIRECTION ( 'NONE',  ( -0.7071067811865476838, -0.000000000000000000, -0.7071067811865473507 ) ) ;
#5146 = DIRECTION ( 'NONE',  ( -0.7071067811865475727, 0.000000000000000000, -0.7071067811865475727 ) ) ;
#5147 = ORIENTED_EDGE ( 'NONE', *, *, #4556, .F. ) ;
#5148 = CARTESIAN_POINT ( 'NONE',  ( -167.5379338648232590, 42.99999999999999289, -114.1346850309767404 ) ) ;
#5149 = CARTESIAN_POINT ( 'NONE',  ( -125.9870670429999961, 58.60000000000000142, -155.6855518527999607 ) ) ;
#5150 = CARTESIAN_POINT ( 'NONE',  ( -30.00000000000000000, 92.48305456232999688, -199.1726188958000137 ) ) ;
#5151 = ORIENTED_EDGE ( 'NONE', *, *, #1313, .T. ) ;
#5152 = EDGE_LOOP ( 'NONE', ( #756, #2386, #5178, #5147 ) ) ;
#5153 = AXIS2_PLACEMENT_3D ( 'NONE', #2711, #1259, #3208 ) ;
#5154 = LINE ( 'NONE', #2352, #2734 ) ;
#5155 = ORIENTED_EDGE ( 'NONE', *, *, #3202, .T. ) ;
#5156 = FACE_OUTER_BOUND ( 'NONE', #5219, .T. ) ;
#5157 = EDGE_CURVE ( 'NONE', #4316, #2865, #4226, .T. ) ;
#5158 = ADVANCED_FACE ( 'NONE', ( #5457 ), #866, .F. ) ;
#5159 = VECTOR ( 'NONE', #1802, 1000.000000000000000 ) ;
#5160 = CARTESIAN_POINT ( 'NONE',  ( -93.41372322170677478, 9.500000000000108358, -188.2588956740932815 ) ) ;
#5161 = ORIENTED_EDGE ( 'NONE', *, *, #4533, .F. ) ;
#5162 = EDGE_LOOP ( 'NONE', ( #93, #971, #2545, #3829 ) ) ;
#5163 = FACE_OUTER_BOUND ( 'NONE', #4758, .T. ) ;
#5164 = CARTESIAN_POINT ( 'NONE',  ( -60.00000000000000000, 123.0000000000000000, -199.1726188958000137 ) ) ;
#5165 = ORIENTED_EDGE ( 'NONE', *, *, #4950, .F. ) ;
#5166 = EDGE_CURVE ( 'NONE', #4252, #3710, #96, .T. ) ;
#5167 = DIRECTION ( 'NONE',  ( 0.000000000000000000, 1.000000000000000000, 0.000000000000000000 ) ) ;
#5168 = APPLICATION_PROTOCOL_DEFINITION ( 'draft international standard', 'automotive_design', 1998, #2497 ) ;
#5169 = ADVANCED_FACE ( 'NONE', ( #405 ), #4566, .F. ) ;
#5170 = EDGE_CURVE ( 'NONE', #1030, #2499, #1088, .T. ) ;
#5171 = ORIENTED_EDGE ( 'NONE', *, *, #643, .F. ) ;
#5172 = VECTOR ( 'NONE', #4818, 1000.000000000000114 ) ;
#5173 = CARTESIAN_POINT ( 'NONE',  ( 20.00000000000000000, 92.48305456232999688, -197.1726188958000137 ) ) ;
#5174 = CARTESIAN_POINT ( 'NONE',  ( -154.9784450715999924, 50.00000000000000000, -123.8657466994000060 ) ) ;
#5175 = DIRECTION ( 'NONE',  ( -1.000000000000000000, 0.000000000000000000, 0.000000000000000000 ) ) ;
#5176 = CYLINDRICAL_SURFACE ( 'NONE', #5703, 1.200000000000011502 ) ;
#5177 = AXIS2_PLACEMENT_3D ( 'NONE', #4671, #914, #3774 ) ;
#5178 = ORIENTED_EDGE ( 'NONE', *, *, #4902, .F. ) ;
#5179 = FACE_OUTER_BOUND ( 'NONE', #4713, .T. ) ;
#5180 = LINE ( 'NONE', #4715, #542 ) ;
#5181 = AXIS2_PLACEMENT_3D ( 'NONE', #157, #592, #2404 ) ;
#5182 = CARTESIAN_POINT ( 'NONE',  ( 167.1743207410276568, 88.99276203925819573, -111.6698710299724553 ) ) ;
#5183 = ORIENTED_EDGE ( 'NONE', *, *, #2003, .F. ) ;
#5184 = ORIENTED_EDGE ( 'NONE', *, *, #1499, .T. ) ;
#5185 = FACE_BOUND ( 'NONE', #4451, .T. ) ;
#5186 = DIRECTION ( 'NONE',  ( 0.000000000000000000, 0.000000000000000000, -1.000000000000000000 ) ) ;
#5187 = CARTESIAN_POINT ( 'NONE',  ( 165.2314933988000121, 45.00000000000000000, -116.4411254970000016 ) ) ;
#5188 = CARTESIAN_POINT ( 'NONE',  ( -67.00000000001537614, 9.499999999999953815, -197.1726188958000137 ) ) ;
#5189 = EDGE_LOOP ( 'NONE', ( #5750, #5841, #2363, #2357 ) ) ;
#5190 = ORIENTED_EDGE ( 'NONE', *, *, #85, .T. ) ;
#5191 = CARTESIAN_POINT ( 'NONE',  ( -164.5243866176269876, 22.50000000000000000, -114.3198051533730109 ) ) ;
#5192 = DIRECTION ( 'NONE',  ( -0.7071067811865474617, 0.000000000000000000, -0.7071067811865474617 ) ) ;
#5193 = VECTOR ( 'NONE', #426, 1000.000000000000000 ) ;
#5194 = EDGE_CURVE ( 'NONE', #1011, #304, #5740, .T. ) ;
#5195 = ORIENTED_EDGE ( 'NONE', *, *, #3098, .F. ) ;
#5196 = CARTESIAN_POINT ( 'NONE',  ( -88.12083000289135271, 9.500000000000108358, -178.7233617681585542 ) ) ;
#5197 = SHAPE_DEFINITION_REPRESENTATION ( #4184, #2142 ) ;
#5198 = ORIENTED_EDGE ( 'NONE', *, *, #79, .F. ) ;
#5199 = EDGE_CURVE ( 'NONE', #1891, #1255, #1963, .T. ) ;
#5200 = CARTESIAN_POINT ( 'NONE',  ( -168.7670273047729950, 90.00000000000000000, -112.9055915910270045 ) ) ;
#5201 = EDGE_CURVE ( 'NONE', #569, #382, #3152, .T. ) ;
#5202 = DIRECTION ( 'NONE',  ( -0.7071067811865475727, 0.000000000000000000, -0.7071067811865475727 ) ) ;
#5203 = CARTESIAN_POINT ( 'NONE',  ( 164.5243866176269876, 67.50000000000000000, -114.3198051533730109 ) ) ;
#5204 = LINE ( 'NONE', #1110, #5038 ) ;
#5205 = ORIENTED_EDGE ( 'NONE', *, *, #2600, .T. ) ;
#5206 = CARTESIAN_POINT ( 'NONE',  ( -169.4741340859000047, 88.00000000000000000, -112.1984848097999929 ) ) ;
#5207 = EDGE_CURVE ( 'NONE', #4837, #4107, #5036, .T. ) ;
#5208 = CARTESIAN_POINT ( 'NONE',  ( 169.4741340859000047, 67.50000000000000000, -112.1984848097999929 ) ) ;
#5209 = AXIS2_PLACEMENT_3D ( 'NONE', #3934, #5831, #3469 ) ;
#5210 = DIRECTION ( 'NONE',  ( -0.7071067811865475727, 0.000000000000000000, -0.7071067811865475727 ) ) ;
#5211 = DIRECTION ( 'NONE',  ( 0.000000000000000000, 0.000000000000000000, -1.000000000000000000 ) ) ;
#5212 = ORIENTED_EDGE ( 'NONE', *, *, #2790, .F. ) ;
#5213 = ORIENTED_EDGE ( 'NONE', *, *, #1878, .F. ) ;
#5214 = AXIS2_PLACEMENT_3D ( 'NONE', #1728, #1757, #809 ) ;
#5215 = LINE ( 'NONE', #2725, #545 ) ;
#5216 = CARTESIAN_POINT ( 'NONE',  ( -165.2314933988000121, 88.00000000000000000, -116.4411254970000016 ) ) ;
#5217 = DIRECTION ( 'NONE',  ( -0.7071067811865451302, 0.000000000000000000, 0.7071067811865497932 ) ) ;
#5218 = CARTESIAN_POINT ( 'NONE',  ( 163.8172798364999778, 65.50000000000000000, -115.0269119346000082 ) ) ;
#5219 = EDGE_LOOP ( 'NONE', ( #709, #4141, #782, #2473 ) ) ;
#5220 = VERTEX_POINT ( 'NONE', #5544 ) ;
#5221 = VECTOR ( 'NONE', #1569, 1000.000000000000000 ) ;
#5222 = CARTESIAN_POINT ( 'NONE',  ( -164.9957911384268812, 44.99999999999999289, -114.7912096741730750 ) ) ;
#5223 = CARTESIAN_POINT ( 'NONE',  ( 169.4741340859000047, 110.7500000000000000, -112.1984848097999929 ) ) ;
#5224 = EDGE_LOOP ( 'NONE', ( #4390, #5719 ) ) ;
#5225 = VECTOR ( 'NONE', #1087, 1000.000000000000114 ) ;
#5226 = DIRECTION ( 'NONE',  ( -0.7071067811865451302, 0.000000000000000000, 0.7071067811865497932 ) ) ;
#5227 = DIRECTION ( 'NONE',  ( -5.497483997274742898E-28, 1.000000000000000000, 2.344671404968054958E-14 ) ) ;
#5228 = EDGE_CURVE ( 'NONE', #827, #3242, #2627, .T. ) ;
#5229 = ORIENTED_EDGE ( 'NONE', *, *, #1734, .T. ) ;
#5230 = CARTESIAN_POINT ( 'NONE',  ( 166.1237203024232940, 65.50000000000001421, -112.7204714685767470 ) ) ;
#5231 = CYLINDRICAL_SURFACE ( 'NONE', #5453, 1.999999999999992895 ) ;
#5232 = LINE ( 'NONE', #4243, #2258 ) ;
#5233 = EDGE_CURVE ( 'NONE', #5220, #1732, #1787, .T. ) ;
#5234 = EDGE_CURVE ( 'NONE', #1570, #4109, #4048, .T. ) ;
#5235 = CYLINDRICAL_SURFACE ( 'NONE', #987, 3.000000000000002665 ) ;
#5236 = ORIENTED_EDGE ( 'NONE', *, *, #4803, .T. ) ;
#5237 = CARTESIAN_POINT ( 'NONE',  ( 92.49023111524856233, 125.5000000000048601, -189.1823877805514371 ) ) ;
#5238 = CARTESIAN_POINT ( 'NONE',  ( 166.6508249723090671, 43.25242722329148393, -112.1933667986910166 ) ) ;
#5239 = CYLINDRICAL_SURFACE ( 'NONE', #3492, 2.500000000000010658 ) ;
#5240 = EDGE_CURVE ( 'NONE', #2685, #5921, #1865, .T. ) ;
#5241 = CARTESIAN_POINT ( 'NONE',  ( 171.5954544295000233, 0.000000000000000000, -107.2487373414999894 ) ) ;
#5242 = VERTEX_POINT ( 'NONE', #5206 ) ;
#5243 = VERTEX_POINT ( 'NONE', #3726 ) ;
#5244 = CARTESIAN_POINT ( 'NONE',  ( 168.7670273047729950, 90.00000000000000000, -112.9055915910270045 ) ) ;
#5245 = DIRECTION ( 'NONE',  ( -0.000000000000000000, 1.000000000000000000, 0.000000000000000000 ) ) ;
#5246 = CYLINDRICAL_SURFACE ( 'NONE', #5598, 1.999999999999992895 ) ;
#5247 = CARTESIAN_POINT ( 'NONE',  ( -167.5379338648232590, 69.50000000000001421, -114.1346850309767404 ) ) ;
#5248 = EDGE_CURVE ( 'NONE', #1988, #3534, #753, .T. ) ;
#5249 = CARTESIAN_POINT ( 'NONE',  ( 168.0599205235999989, 24.50000000000000000, -110.7842712475000155 ) ) ;
#5250 = ORIENTED_EDGE ( 'NONE', *, *, #3580, .T. ) ;
#5251 = ORIENTED_EDGE ( 'NONE', *, *, #1734, .F. ) ;
#5252 = CARTESIAN_POINT ( 'NONE',  ( -168.7302191111251943, 66.97650423128145292, -112.9423997846749188 ) ) ;
#5253 = DIRECTION ( 'NONE',  ( 5.551115123125777653E-14, -1.000000000000000000, -6.245004513516500491E-14 ) ) ;
#5254 = AXIS2_PLACEMENT_3D ( 'NONE', #345, #2100, #4447 ) ;
#5255 = ORIENTED_EDGE ( 'NONE', *, *, #3965, .T. ) ;
#5256 = CYLINDRICAL_SURFACE ( 'NONE', #2052, 1.999999999999992895 ) ;
#5257 = CARTESIAN_POINT ( 'NONE',  ( 66.99999999998438227, 9.499999999999896971, -107.2477373414999846 ) ) ;
#5258 = AXIS2_PLACEMENT_3D ( 'NONE', #284, #2163, #5938 ) ;
#5259 = LINE ( 'NONE', #206, #1568 ) ;
#5260 = ORIENTED_EDGE ( 'NONE', *, *, #2753, .F. ) ;
#5261 = FACE_OUTER_BOUND ( 'NONE', #3766, .T. ) ;
#5262 = OPEN_SHELL ( 'NONE', ( #3883, #6019 ) ) ;
#5263 = CARTESIAN_POINT ( 'NONE',  ( -98.40990257669999153, 12.00000000000000000, -183.2627163190999795 ) ) ;
#5264 = CARTESIAN_POINT ( 'NONE',  ( 165.9386001800270094, 112.5000000000000000, -115.7340187157729900 ) ) ;
#5265 = VECTOR ( 'NONE', #3644, 1000.000000000000114 ) ;
#5266 = VECTOR ( 'NONE', #1052, 1000.000000000000114 ) ;
#5267 = AXIS2_PLACEMENT_3D ( 'NONE', #1700, #1670, #3576 ) ;
#5268 = FACE_OUTER_BOUND ( 'NONE', #5702, .T. ) ;
#5269 = ORIENTED_EDGE ( 'NONE', *, *, #768, .T. ) ;
#5270 = DIRECTION ( 'NONE',  ( -0.7071067811865474617, 0.000000000000000000, 0.7071067811865474617 ) ) ;
#5271 = DIRECTION ( 'NONE',  ( 1.000000000000000000, 0.000000000000000000, 0.000000000000000000 ) ) ;
#5272 = EDGE_CURVE ( 'NONE', #3441, #105, #5888, .T. ) ;
#5273 = FACE_BOUND ( 'NONE', #6012, .T. ) ;
#5274 = DIRECTION ( 'NONE',  ( 1.000000000000000000, 0.000000000000000000, 0.000000000000000000 ) ) ;
#5275 = EDGE_LOOP ( 'NONE', ( #3404, #327 ) ) ;
#5276 = B_SPLINE_CURVE_WITH_KNOTS ( 'NONE', 3,
 ( #1647, #2519, #578, #4895, #1562, #2984, #4396, #3902, #1527, #5774, #4836, #175, #1593, #4864, #5378, #2456, #4801, #3013 ),
 .UNSPECIFIED., .F., .F.,
 ( 4, 2, 2, 2, 2, 2, 2, 2, 4 ),
 ( -1.000000000000000000, -0.8750000000000000000, -0.7500000000000000000, -0.6250000000000000000, -0.5000000000000000000, -0.3750000000000000000, -0.2500000000000000000, -0.1250000000000000000, -0.000000000000000000 ),
 .UNSPECIFIED. ) ;
#5277 = ORIENTED_EDGE ( 'NONE', *, *, #3064, .F. ) ;
#5278 = DIRECTION ( 'NONE',  ( -0.7071067811865475727, -0.000000000000000000, 0.7071067811865474617 ) ) ;
#5279 = DIRECTION ( 'NONE',  ( 0.000000000000000000, 0.000000000000000000, -1.000000000000000000 ) ) ;
#5280 = EDGE_CURVE ( 'NONE', #2801, #2785, #1179, .T. ) ;
#5281 = CYLINDRICAL_SURFACE ( 'NONE', #4822, 1.874999999999998446 ) ;
#5282 = CIRCLE ( 'NONE', #5088, 1.200000000000001732 ) ;
#5283 = CARTESIAN_POINT ( 'NONE',  ( 167.3528137423732005, 45.26179938779914380, -111.4913780286270395 ) ) ;
#5284 = DIRECTION ( 'NONE',  ( 0.000000000000000000, 0.000000000000000000, -1.000000000000000000 ) ) ;
#5285 = VERTEX_POINT ( 'NONE', #1875 ) ;
#5286 = ORIENTED_EDGE ( 'NONE', *, *, #5499, .T. ) ;
#5287 = CARTESIAN_POINT ( 'NONE',  ( -166.2219140485003948, 66.27090656005015035, -115.4507048472995194 ) ) ;
#5288 = CARTESIAN_POINT ( 'NONE',  ( 165.2314933988000121, 20.50000000000000000, -116.4411254970000016 ) ) ;
#5289 = ORIENTED_EDGE ( 'NONE', *, *, #5386, .T. ) ;
#5290 = EDGE_CURVE ( 'NONE', #1080, #4112, #2658, .T. ) ;
#5291 = CARTESIAN_POINT ( 'NONE',  ( 167.3160055487252862, 113.0234957687185755, -111.5281862222749396 ) ) ;
#5292 = CARTESIAN_POINT ( 'NONE',  ( 82.50000000000000000, 0.000000000000000000, -199.1726188958000137 ) ) ;
#5293 = DIRECTION ( 'NONE',  ( 0.7071067811864976127, 0.000000000000000000, 0.7071067811865975328 ) ) ;
#5294 = ORIENTED_EDGE ( 'NONE', *, *, #2600, .F. ) ;
#5295 = EDGE_LOOP ( 'NONE', ( #4224, #5952, #4444, #871 ) ) ;
#5296 = CARTESIAN_POINT ( 'NONE',  ( -164.8077004861003445, 68.72909343994983544, -114.0364912848994976 ) ) ;
#5297 = CARTESIAN_POINT ( 'NONE',  ( 166.4837134362994959, 114.0993336847963633, -115.1889054595003898 ) ) ;
#5298 = CIRCLE ( 'NONE', #3423, 2.000000000000001776 ) ;
#5299 = CIRCLE ( 'NONE', #287, 2.500000000000002220 ) ;
#5300 = CARTESIAN_POINT ( 'NONE',  ( -164.9957911384268812, 112.4999999999999858, -114.7912096741730750 ) ) ;
#5301 = ORIENTED_EDGE ( 'NONE', *, *, #2145, .F. ) ;
#5302 = FACE_OUTER_BOUND ( 'NONE', #4173, .T. ) ;
#5303 = DIRECTION ( 'NONE',  ( -0.7071067811865475727, 0.000000000000000000, -0.7071067811865475727 ) ) ;
#5304 = CARTESIAN_POINT ( 'NONE',  ( -167.0694998738996446, 111.2709065600501788, -111.7746918971004675 ) ) ;
#5305 = FACE_BOUND ( 'NONE', #2296, .T. ) ;
#5306 = DIRECTION ( 'NONE',  ( -0.7071067811864953923, 0.000000000000000000, -0.7071067811865995312 ) ) ;
#5307 = EDGE_LOOP ( 'NONE', ( #2048, #3095, #5797, #75 ) ) ;
#5308 = CARTESIAN_POINT ( 'NONE',  ( -171.5954544295000233, 0.000000000000000000, -107.2487373414999894 ) ) ;
#5309 = CARTESIAN_POINT ( 'NONE',  ( -169.4741340859000047, 114.5000000000000000, -112.1984848097999929 ) ) ;
#5310 = CARTESIAN_POINT ( 'NONE',  ( -166.1170931813722689, 68.50723796074179006, -115.5555257144275174 ) ) ;
#5311 = DIRECTION ( 'NONE',  ( 1.000000000000000000, 0.000000000000000000, 0.000000000000000000 ) ) ;
#5312 = AXIS2_PLACEMENT_3D ( 'NONE', #412, #3705, #5638 ) ;
#5313 = EDGE_LOOP ( 'NONE', ( #1462, #936, #331, #263 ) ) ;
#5314 = VERTEX_POINT ( 'NONE', #4742 ) ;
#5315 = EDGE_CURVE ( 'NONE', #3710, #4252, #4133, .T. ) ;
#5316 = EDGE_CURVE ( 'NONE', #5420, #2626, #4928, .T. ) ;
#5317 = CARTESIAN_POINT ( 'NONE',  ( -165.7534800575767235, 88.00000000000000000, -113.0907117134232465 ) ) ;
#5318 = CARTESIAN_POINT ( 'NONE',  ( -85.99950965933170721, 9.500000000000108358, -180.8446821117182139 ) ) ;
#5319 = VERTEX_POINT ( 'NONE', #1472 ) ;
#5320 = CARTESIAN_POINT ( 'NONE',  ( 164.7028796189723039, 113.5072379607417616, -114.1413121520274956 ) ) ;
#5321 = CARTESIAN_POINT ( 'NONE',  ( -166.6405889500909723, 46.74757277670851607, -115.0320299457089988 ) ) ;
#5322 = CARTESIAN_POINT ( 'NONE',  ( -165.7534800575766951, 24.49999999999999645, -113.0907117134232607 ) ) ;
#5323 = ORIENTED_EDGE ( 'NONE', *, *, #810, .T. ) ;
#5324 = ADVANCED_FACE ( 'NONE', ( #4188 ), #1412, .F. ) ;
#5325 = AXIS2_PLACEMENT_3D ( 'NONE', #5110, #881, #3107 ) ;
#5326 = ORIENTED_EDGE ( 'NONE', *, *, #4207, .F. ) ;
#5327 = CARTESIAN_POINT ( 'NONE',  ( 168.7670273047729950, 112.5000000000000000, -112.9055915910270045 ) ) ;
#5328 = CARTESIAN_POINT ( 'NONE',  ( -167.1743207410276852, 21.49276203925820283, -111.6698710299724695 ) ) ;
#5329 = B_SPLINE_CURVE_WITH_KNOTS ( 'NONE', 3,
 ( #4692, #2354, #4634, #471 ),
 .UNSPECIFIED., .F., .F.,
 ( 4, 4 ),
 ( 0.000000000000000000, 1.000000000000000000 ),
 .UNSPECIFIED. ) ;
#5330 = DIRECTION ( 'NONE',  ( -0.7071067811865474617, 0.000000000000000000, 0.7071067811865474617 ) ) ;
#5331 = EDGE_LOOP ( 'NONE', ( #1937, #4029, #3925, #4817 ) ) ;
#5332 = CYLINDRICAL_SURFACE ( 'NONE', #2738, 1.999999999999992895 ) ;
#5333 = DIRECTION ( 'NONE',  ( 0.7071067811865475727, 0.000000000000000000, -0.7071067811865475727 ) ) ;
#5334 = CARTESIAN_POINT ( 'NONE',  ( 82.50000000000000000, 135.0000000000000000, -199.1726188958000137 ) ) ;
#5335 = FACE_OUTER_BOUND ( 'NONE', #2092, .T. ) ;
#5336 = DIRECTION ( 'NONE',  ( 0.7071067811865975328, 0.000000000000000000, -0.7071067811864976127 ) ) ;
#5337 = ORIENTED_EDGE ( 'NONE', *, *, #4454, .T. ) ;
#5338 = CARTESIAN_POINT ( 'NONE',  ( -166.8077004861004866, 43.40066631520362961, -112.0364912848996397 ) ) ;
#5339 = CARTESIAN_POINT ( 'NONE',  ( 165.9386001800268104, 22.23820061220085265, -115.7340187157729758 ) ) ;
#5340 = CARTESIAN_POINT ( 'NONE',  ( -167.1676936199767169, 69.50000000000000000, -114.5049252758232683 ) ) ;
#5341 = CYLINDRICAL_SURFACE ( 'NONE', #5747, 9.999999999999998224 ) ;
#5342 = VERTEX_POINT ( 'NONE', #5237 ) ;
#5343 = ORIENTED_EDGE ( 'NONE', *, *, #229, .T. ) ;
#5344 = CARTESIAN_POINT ( 'NONE',  ( -165.2263753876909789, 88.25242722329149103, -113.6178163833089911 ) ) ;
#5345 = EDGE_LOOP ( 'NONE', ( #2789, #4793 ) ) ;
#5346 = CARTESIAN_POINT ( 'NONE',  ( 164.5611948112747598, 113.0234957687185613, -114.2829969597250681 ) ) ;
#5347 = LINE ( 'NONE', #5292, #3739 ) ;
#5348 = ADVANCED_FACE ( 'NONE', ( #5179 ), #953, .F. ) ;
#5349 = CARTESIAN_POINT ( 'NONE',  ( -171.5954544295000233, 0.000000000000000000, -107.2487373414999894 ) ) ;
#5350 = VERTEX_POINT ( 'NONE', #4811 ) ;
#5351 = EDGE_CURVE ( 'NONE', #4412, #2332, #3615, .T. ) ;
#5352 = ORIENTED_EDGE ( 'NONE', *, *, #4418, .F. ) ;
#5353 = VECTOR ( 'NONE', #3574, 1000.000000000000114 ) ;
#5354 = DIRECTION ( 'NONE',  ( 0.7071067811864976127, 0.000000000000000000, 0.7071067811865975328 ) ) ;
#5355 = EDGE_CURVE ( 'NONE', #473, #3905, #4438, .T. ) ;
#5356 = CARTESIAN_POINT ( 'NONE',  ( -20.00000000000000000, 102.4830545622999978, -197.1726188958000137 ) ) ;
#5357 = EDGE_LOOP ( 'NONE', ( #1612, #3282, #2751, #2891, #169 ) ) ;
#5358 = CARTESIAN_POINT ( 'NONE',  ( 21.00000000000000000, 58.60000000000000142, -199.1726188958000137 ) ) ;
#5359 = CARTESIAN_POINT ( 'NONE',  ( -168.7670273047729950, 22.50000000000000000, -112.9055915910270045 ) ) ;
#5360 = CARTESIAN_POINT ( 'NONE',  ( -164.5243866176269876, 112.5000000000000000, -114.3198051533730109 ) ) ;
#5361 = EDGE_CURVE ( 'NONE', #1690, #1011, #2799, .T. ) ;
#5362 = CARTESIAN_POINT ( 'NONE',  ( -168.4837134362996665, 113.7290934399498497, -113.1889054595004893 ) ) ;
#5363 = VECTOR ( 'NONE', #3299, 1000.000000000000000 ) ;
#5364 = CARTESIAN_POINT ( 'NONE',  ( -22.00000000000000000, 50.00000000000000000, -199.1726188958000137 ) ) ;
#5365 = VERTEX_POINT ( 'NONE', #2093 ) ;
#5366 = DIRECTION ( 'NONE',  ( -0.000000000000000000, -0.000000000000000000, -1.000000000000000000 ) ) ;
#5367 = CARTESIAN_POINT ( 'NONE',  ( 124.5728534806000027, 41.39999999999999858, -154.2713382903999957 ) ) ;
#5368 = CARTESIAN_POINT ( 'NONE',  ( -168.5885343034276502, 68.50723796074180427, -113.0840845923724771 ) ) ;
#5369 = CYLINDRICAL_SURFACE ( 'NONE', #1227, 1.874999999999998446 ) ;
#5370 = ORIENTED_EDGE ( 'NONE', *, *, #3304, .F. ) ;
#5371 = ORIENTED_EDGE ( 'NONE', *, *, #3617, .F. ) ;
#5372 = CARTESIAN_POINT ( 'NONE',  ( -165.9386001800268389, 67.23820061220087041, -115.7340187157730043 ) ) ;
#5373 = CIRCLE ( 'NONE', #3020, 1.200000000000011502 ) ;
#5374 = ORIENTED_EDGE ( 'NONE', *, *, #657, .T. ) ;
#5375 = LINE ( 'NONE', #2516, #5108 ) ;
#5376 = CARTESIAN_POINT ( 'NONE',  ( 165.4671956592269453, 22.50000000000000355, -115.2626141949730822 ) ) ;
#5377 = CIRCLE ( 'NONE', #1628, 2.500000000000002220 ) ;
#5378 = CARTESIAN_POINT ( 'NONE',  ( -167.1743207410276852, 66.49276203925819573, -111.6698710299724695 ) ) ;
#5379 = VERTEX_POINT ( 'NONE', #3943 ) ;
#5380 = VERTEX_POINT ( 'NONE', #154 ) ;
#5381 = ADVANCED_FACE ( 'NONE', ( #3449 ), #5332, .F. ) ;
#5382 = DIRECTION ( 'NONE',  ( 0.7071067811864976127, 0.000000000000000000, 0.7071067811865975328 ) ) ;
#5383 = ORIENTED_EDGE ( 'NONE', *, *, #1617, .T. ) ;
#5384 = CARTESIAN_POINT ( 'NONE',  ( 81.67157287524999276, 0.000000000000000000, -197.1726188958000137 ) ) ;
#5385 = CARTESIAN_POINT ( 'NONE',  ( -168.4837134362996665, 21.27090656005016811, -113.1889054595005035 ) ) ;
#5386 = EDGE_CURVE ( 'NONE', #2206, #4391, #3971, .T. ) ;
#5387 = EDGE_CURVE ( 'NONE', #5243, #3741, #4017, .T. ) ;
#5388 = ORIENTED_EDGE ( 'NONE', *, *, #2783, .T. ) ;
#5389 = DIRECTION ( 'NONE',  ( 0.7071067811864976127, 0.000000000000000000, 0.7071067811865975328 ) ) ;
#5390 = DIRECTION ( 'NONE',  ( 0.7071067811865475727, 0.000000000000000000, 0.7071067811865475727 ) ) ;
#5391 = VECTOR ( 'NONE', #2681, 1000.000000000000000 ) ;
#5392 = LINE ( 'NONE', #5334, #3352 ) ;
#5393 = DIRECTION ( 'NONE',  ( 0.7071067811865937580, 0.000000000000000000, -0.7071067811865012764 ) ) ;
#5394 = EDGE_CURVE ( 'NONE', #5080, #2231, #3233, .T. ) ;
#5395 = AXIS2_PLACEMENT_3D ( 'NONE', #5999, #5146, #5573 ) ;
#5396 = CARTESIAN_POINT ( 'NONE',  ( 4.000000000000000000, 50.00000000000000000, -199.1726188958000137 ) ) ;
#5397 = EDGE_LOOP ( 'NONE', ( #1861, #4146, #3226, #5074, #1750 ) ) ;
#5398 = CARTESIAN_POINT ( 'NONE',  ( 168.7670273047729950, 90.00000000000000000, -112.9055915910270045 ) ) ;
#5399 = EDGE_CURVE ( 'NONE', #1732, #5491, #1655, .T. ) ;
#5400 = CARTESIAN_POINT ( 'NONE',  ( -168.7670273047729950, 112.5000000000000000, -112.9055915910270045 ) ) ;
#5401 = DIRECTION ( 'NONE',  ( 0.7071067811865474617, 0.000000000000000000, 0.7071067811865474617 ) ) ;
#5402 = FACE_OUTER_BOUND ( 'NONE', #855, .T. ) ;
#5403 = ORIENTED_EDGE ( 'NONE', *, *, #5240, .F. ) ;
#5404 = ORIENTED_EDGE ( 'NONE', *, *, #2496, .F. ) ;
#5405 = CARTESIAN_POINT ( 'NONE',  ( -167.1743207410276852, 88.99276203925818152, -111.6698710299724695 ) ) ;
#5406 = DIRECTION ( 'NONE',  ( 0.000000000000000000, 0.000000000000000000, -1.000000000000000000 ) ) ;
#5407 = EDGE_LOOP ( 'NONE', ( #3619, #2764, #3347, #351, #3054 ) ) ;
#5408 = CARTESIAN_POINT ( 'NONE',  ( 165.5684327720165641, 114.4479453533366211, -113.2757589989833349 ) ) ;
#5409 = DIRECTION ( 'NONE',  ( -0.7071067811865475727, 0.000000000000000000, -0.7071067811865475727 ) ) ;
#5410 = CARTESIAN_POINT ( 'NONE',  ( -168.5885343034276502, 23.50723796074179717, -113.0840845923724771 ) ) ;
#5411 = ORIENTED_EDGE ( 'NONE', *, *, #2351, .F. ) ;
#5412 = ORIENTED_EDGE ( 'NONE', *, *, #6060, .F. ) ;
#5413 = VECTOR ( 'NONE', #2198, 1000.000000000000114 ) ;
#5414 = DIRECTION ( 'NONE',  ( 0.7071067811865475727, 5.024295867787357937E-15, 0.7071067811865475727 ) ) ;
#5415 = ORIENTED_EDGE ( 'NONE', *, *, #5234, .T. ) ;
#5416 = LINE ( 'NONE', #4962, #5940 ) ;
#5417 = CARTESIAN_POINT ( 'NONE',  ( 37.06702755367646773, 125.5000000000048601, -188.6873375215614317 ) ) ;
#5418 = EDGE_CURVE ( 'NONE', #1338, #2678, #1446, .T. ) ;
#5419 = CIRCLE ( 'NONE', #2765, 2.000000000000001776 ) ;
#5420 = VERTEX_POINT ( 'NONE', #3879 ) ;
#5421 = DIRECTION ( 'NONE',  ( 0.7071067811865475727, 0.000000000000000000, -0.7071067811865475727 ) ) ;
#5422 = CARTESIAN_POINT ( 'NONE',  ( -98.40990257669999153, 123.0000000000000000, -183.2627163190999795 ) ) ;
#5423 = FACE_OUTER_BOUND ( 'NONE', #1990, .T. ) ;
#5424 = DIRECTION ( 'NONE',  ( 1.000000000000000000, 0.000000000000000000, 0.000000000000000000 ) ) ;
#5425 = EDGE_CURVE ( 'NONE', #4903, #4252, #1966, .T. ) ;
#5426 = AXIS2_PLACEMENT_3D ( 'NONE', #4795, #5768, #2108 ) ;
#5427 = EDGE_CURVE ( 'NONE', #4563, #2499, #2927, .T. ) ;
#5428 = DIRECTION ( 'NONE',  ( 1.000000000000000000, 0.000000000000000000, 0.000000000000000000 ) ) ;
#5429 = B_SPLINE_CURVE_WITH_KNOTS ( 'NONE', 3,
 ( #1223, #2588, #3056, #5359 ),
 .UNSPECIFIED., .F., .F.,
 ( 4, 4 ),
 ( 0.000000000000000000, 1.000000000000000000 ),
 .UNSPECIFIED. ) ;
#5430 = DIRECTION ( 'NONE',  ( 7.401486830834370205E-14, -1.000000000000000000, -6.661338147750932932E-14 ) ) ;
#5431 = CARTESIAN_POINT ( 'NONE',  ( 162.4030662740769060, 90.00000000000000000, -116.4411254970230942 ) ) ;
#5432 = EDGE_CURVE ( 'NONE', #1057, #1426, #670, .T. ) ;
#5433 = CARTESIAN_POINT ( 'NONE',  ( -85.89468165297166991, 125.5000000000048317, -192.9495101180783365 ) ) ;
#5434 = ORIENTED_EDGE ( 'NONE', *, *, #239, .F. ) ;
#5435 = EDGE_LOOP ( 'NONE', ( #4643, #2268, #3984, #342 ) ) ;
#5436 = CYLINDRICAL_SURFACE ( 'NONE', #1781, 1.874999999999998446 ) ;
#5437 = FACE_BOUND ( 'NONE', #3996, .T. ) ;
#5438 = ORIENTED_EDGE ( 'NONE', *, *, #2983, .F. ) ;
#5439 = DIRECTION ( 'NONE',  ( 0.7071067811865475727, 0.000000000000000000, -0.7071067811865475727 ) ) ;
#5440 = CARTESIAN_POINT ( 'NONE',  ( -171.5954544295000233, 0.000000000000000000, -107.2487373414999894 ) ) ;
#5441 = CARTESIAN_POINT ( 'NONE',  ( 62.50000000000000000, 12.00000000000000000, -197.1726188958000137 ) ) ;
#5442 = ORIENTED_EDGE ( 'NONE', *, *, #5718, .F. ) ;
#5443 = ORIENTED_EDGE ( 'NONE', *, *, #2040, .F. ) ;
#5444 = FACE_BOUND ( 'NONE', #4580, .T. ) ;
#5445 = CARTESIAN_POINT ( 'NONE',  ( 167.0694998738996446, 68.72909343994983544, -111.7746918971004675 ) ) ;
#5446 = ORIENTED_EDGE ( 'NONE', *, *, #194, .F. ) ;
#5447 = FACE_OUTER_BOUND ( 'NONE', #5100, .T. ) ;
#5448 = CARTESIAN_POINT ( 'NONE',  ( -155.6855518527999607, 41.39999999999999858, -125.9870670429999961 ) ) ;
#5449 = DIRECTION ( 'NONE',  ( -0.7071067811865012764, 0.000000000000000000, -0.7071067811865937580 ) ) ;
#5450 = DIRECTION ( 'NONE',  ( 0.7071067811865475727, 0.000000000000000000, -0.7071067811865475727 ) ) ;
#5451 = DIRECTION ( 'NONE',  ( -1.000000000000000000, 0.000000000000000000, 0.000000000000000000 ) ) ;
#5452 = CARTESIAN_POINT ( 'NONE',  ( 165.9386001800270094, 90.00000000000000000, -115.7340187157729900 ) ) ;
#5453 = AXIS2_PLACEMENT_3D ( 'NONE', #1007, #4769, #1871 ) ;
#5454 = CARTESIAN_POINT ( 'NONE',  ( 60.00000000000000000, 12.00000000000000000, -199.1726188958000137 ) ) ;
#5455 = ADVANCED_FACE ( 'NONE', ( #5302 ), #4846, .F. ) ;
#5456 = EDGE_LOOP ( 'NONE', ( #5107, #295, #3281, #3679 ) ) ;
#5457 = FACE_OUTER_BOUND ( 'NONE', #1445, .T. ) ;
#5458 = CARTESIAN_POINT ( 'NONE',  ( 154.8370237153999938, 58.60000000000000142, -126.8355951803999915 ) ) ;
#5459 = AXIS2_PLACEMENT_3D ( 'NONE', #4197, #2353, #3223 ) ;
#5460 = CARTESIAN_POINT ( 'NONE',  ( -167.3528137423729731, 112.5000000000000000, -111.4913780286270111 ) ) ;
#5461 = CIRCLE ( 'NONE', #1816, 2.000000000000001776 ) ;
#5462 = EDGE_LOOP ( 'NONE', ( #3389, #2260, #2976, #2548, #2211 ) ) ;
#5463 = EDGE_LOOP ( 'NONE', ( #2910, #2490, #677, #3759 ) ) ;
#5464 = AXIS2_PLACEMENT_3D ( 'NONE', #4389, #997, #4756 ) ;
#5465 = CARTESIAN_POINT ( 'NONE',  ( 19.80000000000000071, 58.60000000000000142, -199.1726188958000137 ) ) ;
#5466 = VECTOR ( 'NONE', #5916, 1000.000000000000114 ) ;
#5467 = FACE_BOUND ( 'NONE', #4303, .T. ) ;
#5468 = EDGE_LOOP ( 'NONE', ( #807, #4542 ) ) ;
#5469 = CARTESIAN_POINT ( 'NONE',  ( -167.1676936199767454, 110.5000000000000000, -114.5049252758232683 ) ) ;
#5470 = CARTESIAN_POINT ( 'NONE',  ( -167.3528137423732005, 112.7617993877991438, -111.4913780286270111 ) ) ;
#5471 = VERTEX_POINT ( 'NONE', #1721 ) ;
#5472 = VERTEX_POINT ( 'NONE', #3543 ) ;
#5473 = LINE ( 'NONE', #852, #210 ) ;
#5474 = EDGE_CURVE ( 'NONE', #5380, #3959, #802, .T. ) ;
#5475 = LINE ( 'NONE', #3109, #2933 ) ;
#5476 = EDGE_LOOP ( 'NONE', ( #537, #1534 ) ) ;
#5477 = DIRECTION ( 'NONE',  ( 1.000000000000000000, 0.000000000000000000, 0.000000000000000000 ) ) ;
#5478 = DIRECTION ( 'NONE',  ( 0.7071067811865975328, 0.000000000000000000, 0.7071067811864976127 ) ) ;
#5479 = CIRCLE ( 'NONE', #1831, 2.000000000000001776 ) ;
#5480 = B_SPLINE_CURVE_WITH_KNOTS ( 'NONE', 3,
 ( #5642, #962, #4725, #1912, #3796, #5670, #1516, #4887, #567, #661, #4357, #1452, #532, #3338, #4419, #3894, #69, #3860 ),
 .UNSPECIFIED., .F., .F.,
 ( 4, 2, 2, 2, 2, 2, 2, 2, 4 ),
 ( -1.000000000000000000, -0.8750000000000000000, -0.7500000000000000000, -0.6250000000000000000, -0.5000000000000000000, -0.3750000000000000000, -0.2500000000000000000, -0.1250000000000000000, -0.000000000000000000 ),
 .UNSPECIFIED. ) ;
#5481 = CYLINDRICAL_SURFACE ( 'NONE', #4807, 1.200000000000011502 ) ;
#5482 = CYLINDRICAL_SURFACE ( 'NONE', #776, 9.000000000000007105 ) ;
#5483 = CARTESIAN_POINT ( 'NONE',  ( -125.9870670429999961, 58.60000000000000142, -155.6855518527999607 ) ) ;
#5484 = DIRECTION ( 'NONE',  ( 0.000000000000000000, 0.000000000000000000, -1.000000000000000000 ) ) ;
#5485 = DIRECTION ( 'NONE',  ( -0.7071067811865475727, 0.000000000000000000, -0.7071067811865475727 ) ) ;
#5486 = CARTESIAN_POINT ( 'NONE',  ( 21.00000000000000000, 41.39999999999999858, -197.1726188958000137 ) ) ;
#5487 = CARTESIAN_POINT ( 'NONE',  ( -156.5340799901999844, 41.39999999999999858, -125.1385389054999990 ) ) ;
#5488 = AXIS2_PLACEMENT_3D ( 'NONE', #1193, #3084, #280 ) ;
#5489 = EDGE_CURVE ( 'NONE', #730, #4595, #2129, .T. ) ;
#5490 = DIRECTION ( 'NONE',  ( 0.7071067811865499042, 0.000000000000000000, 0.7071067811865451302 ) ) ;
#5491 = VERTEX_POINT ( 'NONE', #3630 ) ;
#5492 = VERTEX_POINT ( 'NONE', #4558 ) ;
#5493 = AXIS2_PLACEMENT_3D ( 'NONE', #4534, #5450, #2130 ) ;
#5494 = CIRCLE ( 'NONE', #2837, 2.500000000000000888 ) ;
#5495 = DIRECTION ( 'NONE',  ( 0.7071067811865475727, 0.000000000000000000, -0.7071067811865475727 ) ) ;
#5496 = ORIENTED_EDGE ( 'NONE', *, *, #4249, .F. ) ;
#5497 = CARTESIAN_POINT ( 'NONE',  ( -168.4837134362996665, 111.2709065600502072, -113.1889054595005035 ) ) ;
#5498 = EDGE_CURVE ( 'NONE', #5671, #2077, #957, .T. ) ;
#5499 = EDGE_CURVE ( 'NONE', #3285, #1156, #3316, .T. ) ;
#5500 = CARTESIAN_POINT ( 'NONE',  ( 163.8172798364999778, 88.00000000000000000, -115.0269119346000082 ) ) ;
#5501 = ORIENTED_EDGE ( 'NONE', *, *, #2592, .F. ) ;
#5502 = EDGE_LOOP ( 'NONE', ( #350, #2372 ) ) ;
#5503 = CARTESIAN_POINT ( 'NONE',  ( 21.00000000000000000, 41.39999999999999858, -197.1726188958000137 ) ) ;
#5504 = LINE ( 'NONE', #3567, #3037 ) ;
#5505 = VERTEX_POINT ( 'NONE', #4096 ) ;
#5506 = CIRCLE ( 'NONE', #2355, 2.000000000000001776 ) ;
#5507 = ADVANCED_FACE ( 'NONE', ( #5909 ), #5481, .F. ) ;
#5508 = SURFACE_SIDE_STYLE ('',( #4065 ) ) ;
#5509 = LINE ( 'NONE', #4555, #1554 ) ;
#5510 = ORIENTED_EDGE ( 'NONE', *, *, #2819, .F. ) ;
#5511 = AXIS2_PLACEMENT_3D ( 'NONE', #1306, #3197, #5082 ) ;
#5512 = CARTESIAN_POINT ( 'NONE',  ( 125.9870670429999961, 58.60000000000000142, -155.6855518527999607 ) ) ;
#5513 = CARTESIAN_POINT ( 'NONE',  ( -98.40990257669999153, 12.00000000000000000, -183.2627163190999795 ) ) ;
#5514 = CARTESIAN_POINT ( 'NONE',  ( 167.5379338648232590, 65.50000000000001421, -114.1346850309767404 ) ) ;
#5515 = CARTESIAN_POINT ( 'NONE',  ( -96.99568901431999279, 12.00000000000000000, -181.8485027567000145 ) ) ;
#5516 = ORIENTED_EDGE ( 'NONE', *, *, #3173, .F. ) ;
#5517 = CARTESIAN_POINT ( 'NONE',  ( -166.3087675879833682, 46.94794535333664953, -112.5354241830166586 ) ) ;
#5518 = DIRECTION ( 'NONE',  ( 0.7071067811865475727, 0.000000000000000000, -0.7071067811865475727 ) ) ;
#5519 = CARTESIAN_POINT ( 'NONE',  ( 167.5379338648232590, 110.5000000000000000, -114.1346850309767404 ) ) ;
#5520 = CIRCLE ( 'NONE', #2275, 2.000000000000001776 ) ;
#5521 = DIRECTION ( 'NONE',  ( -0.7071067811865975328, 0.000000000000000000, -0.7071067811864976127 ) ) ;
#5522 = ORIENTED_EDGE ( 'NONE', *, *, #1578, .F. ) ;
#5523 = ORIENTED_EDGE ( 'NONE', *, *, #2271, .T. ) ;
#5524 = CARTESIAN_POINT ( 'NONE',  ( -22.19999999999999929, 41.39999999999999858, -199.1726188958000137 ) ) ;
#5525 = ORIENTED_EDGE ( 'NONE', *, *, #85, .F. ) ;
#5526 = CYLINDRICAL_SURFACE ( 'NONE', #364, 1.999999999999992895 ) ;
#5527 = DIRECTION ( 'NONE',  ( 0.7071067811865969777, 0.000000000000000000, -0.7071067811864980568 ) ) ;
#5528 = ORIENTED_EDGE ( 'NONE', *, *, #1236, .T. ) ;
#5529 = ORIENTED_EDGE ( 'NONE', *, *, #5764, .T. ) ;
#5530 = CARTESIAN_POINT ( 'NONE',  ( -62.50000000000000000, 12.00000000000000000, -199.1726188958000137 ) ) ;
#5531 = CARTESIAN_POINT ( 'NONE',  ( 166.2219140485003948, 88.77090656005017877, -115.4507048472995052 ) ) ;
#5532 = EDGE_CURVE ( 'NONE', #2631, #642, #1071, .T. ) ;
#5533 = VERTEX_POINT ( 'NONE', #4588 ) ;
#5534 = CARTESIAN_POINT ( 'NONE',  ( 168.0599205235999989, 114.5000000000000000, -110.7842712475000155 ) ) ;
#5535 = DIRECTION ( 'NONE',  ( -0.7071067811865475727, 0.000000000000000000, -0.7071067811865475727 ) ) ;
#5536 = EDGE_LOOP ( 'NONE', ( #5932, #3635, #5557, #1058 ) ) ;
#5537 = ADVANCED_FACE ( 'NONE', ( #1194 ), #2587, .F. ) ;
#5538 = DIRECTION ( 'NONE',  ( 0.7071067811865475727, 0.000000000000000000, -0.7071067811865475727 ) ) ;
#5539 = B_SPLINE_CURVE_WITH_KNOTS ( 'NONE', 3,
 ( #4892, #203, #5346, #5320, #3010, #4394, #3530, #5408, #666, #1186, #2981, #4862, #3075, #2453, #3866, #5291, #1073, #173 ),
 .UNSPECIFIED., .F., .F.,
 ( 4, 2, 2, 2, 2, 2, 2, 2, 4 ),
 ( -1.000000000000000000, -0.8750000000000000000, -0.7500000000000000000, -0.6250000000000000000, -0.5000000000000000000, -0.3750000000000000000, -0.2500000000000000000, -0.1250000000000000000, -0.000000000000000000 ),
 .UNSPECIFIED. ) ;
#5540 = DIRECTION ( 'NONE',  ( 0.000000000000000000, 0.000000000000000000, -1.000000000000000000 ) ) ;
#5541 = FACE_OUTER_BOUND ( 'NONE', #3732, .T. ) ;
#5542 = CARTESIAN_POINT ( 'NONE',  ( -164.7028796189723323, 46.00723796074178296, -114.1413121520275240 ) ) ;
#5543 = CIRCLE ( 'NONE', #1508, 1.200000000000001732 ) ;
#5544 = CARTESIAN_POINT ( 'NONE',  ( 138.0078823230999774, 50.00000000000000000, -143.6647365726000203 ) ) ;
#5545 = EDGE_CURVE ( 'NONE', #1517, #1705, #4126, .T. ) ;
#5546 = CARTESIAN_POINT ( 'NONE',  ( 167.7229811503833616, 110.5520546466633647, -113.9496377454166804 ) ) ;
#5547 = LINE ( 'NONE', #5150, #5363 ) ;
#5548 = ORIENTED_EDGE ( 'NONE', *, *, #1313, .F. ) ;
#5549 = ORIENTED_EDGE ( 'NONE', *, *, #3512, .T. ) ;
#5550 = AXIS2_PLACEMENT_3D ( 'NONE', #2124, #5871, #5477 ) ;
#5551 = CARTESIAN_POINT ( 'NONE',  ( -164.5243866176269876, 90.00000000000000000, -114.3198051533730109 ) ) ;
#5552 = DIRECTION ( 'NONE',  ( -0.7071067811866001973, 0.000000000000000000, -0.7071067811864948371 ) ) ;
#5553 = CARTESIAN_POINT ( 'NONE',  ( -163.8172798364999778, 47.00000000000000000, -115.0269119346000082 ) ) ;
#5554 = DIRECTION ( 'NONE',  ( 0.7071067811865475727, -1.004859173557473481E-14, -0.7071067811865475727 ) ) ;
#5555 = ORIENTED_EDGE ( 'NONE', *, *, #4562, .T. ) ;
#5556 = AXIS2_PLACEMENT_3D ( 'NONE', #1113, #1996, #5271 ) ;
#5557 = ORIENTED_EDGE ( 'NONE', *, *, #3077, .F. ) ;
#5558 = CIRCLE ( 'NONE', #255, 9.000000000000000000 ) ;
#5559 = CARTESIAN_POINT ( 'NONE',  ( 164.5243866176269876, 112.5000000000000000, -114.3198051533730109 ) ) ;
#5560 = AXIS2_PLACEMENT_3D ( 'NONE', #5131, #5582, #6007 ) ;
#5561 = CARTESIAN_POINT ( 'NONE',  ( -164.5611948112747598, 90.52349576871854708, -114.2829969597250823 ) ) ;
#5562 = VERTEX_POINT ( 'NONE', #281 ) ;
#5563 = DIRECTION ( 'NONE',  ( 1.000000000000000000, 0.000000000000000000, 2.344671404967999738E-14 ) ) ;
#5564 = ORIENTED_EDGE ( 'NONE', *, *, #1060, .F. ) ;
#5565 = CARTESIAN_POINT ( 'NONE',  ( 168.0599205235999989, 43.00000000000000000, -110.7842712475000155 ) ) ;
#5566 = CIRCLE ( 'NONE', #4191, 1.200000000000011502 ) ;
#5567 = PLANE ( 'NONE',  #527 ) ;
#5568 = DIRECTION ( 'NONE',  ( 0.7071067811865475727, 0.000000000000000000, -0.7071067811865475727 ) ) ;
#5569 = CARTESIAN_POINT ( 'NONE',  ( -154.2713382903999957, 41.39999999999999858, -124.5728534806000027 ) ) ;
#5570 = CIRCLE ( 'NONE', #2708, 2.000000000000001776 ) ;
#5571 = EDGE_CURVE ( 'NONE', #499, #2807, #3335, .T. ) ;
#5572 = ADVANCED_FACE ( 'NONE', ( #311 ), #5995, .F. ) ;
#5573 = DIRECTION ( 'NONE',  ( -0.7071067811865475727, 0.000000000000000000, 0.7071067811865475727 ) ) ;
#5574 = ORIENTED_EDGE ( 'NONE', *, *, #1740, .F. ) ;
#5575 = CARTESIAN_POINT ( 'NONE',  ( -167.1676936199767454, 42.99999999999998579, -114.5049252758232683 ) ) ;
#5576 = CARTESIAN_POINT ( 'NONE',  ( 166.1170931813722689, 111.4927620392581815, -115.5555257144275174 ) ) ;
#5577 = ADVANCED_FACE ( 'NONE', ( #1782 ), #2193, .F. ) ;
#5578 = EDGE_CURVE ( 'NONE', #2872, #2670, #2961, .T. ) ;
#5579 = DIRECTION ( 'NONE',  ( 0.000000000000000000, 0.000000000000000000, -1.000000000000000000 ) ) ;
#5580 = EDGE_LOOP ( 'NONE', ( #4193, #4667, #3367, #3488 ) ) ;
#5581 = ORIENTED_EDGE ( 'NONE', *, *, #1711, .T. ) ;
#5582 = DIRECTION ( 'NONE',  ( -0.7071067811865975328, 0.000000000000000000, -0.7071067811864976127 ) ) ;
#5583 = ORIENTED_EDGE ( 'NONE', *, *, #2863, .F. ) ;
#5584 = VECTOR ( 'NONE', #5382, 1000.000000000000114 ) ;
#5585 = DIRECTION ( 'NONE',  ( 0.7071067811865475727, 0.000000000000000000, -0.7071067811865475727 ) ) ;
#5586 = FACE_OUTER_BOUND ( 'NONE', #3489, .T. ) ;
#5587 = ORIENTED_EDGE ( 'NONE', *, *, #1079, .F. ) ;
#5588 = AXIS2_PLACEMENT_3D ( 'NONE', #2682, #739, #1666 ) ;
#5589 = AXIS2_PLACEMENT_3D ( 'NONE', #757, #4517, #2180 ) ;
#5590 = ORIENTED_EDGE ( 'NONE', *, *, #5789, .T. ) ;
#5591 = FACE_BOUND ( 'NONE', #5476, .T. ) ;
#5592 = CARTESIAN_POINT ( 'NONE',  ( -164.7028796189723323, 91.00723796074179006, -114.1413121520275240 ) ) ;
#5593 = EDGE_LOOP ( 'NONE', ( #1833, #1373, #3400, #1957, #5383 ) ) ;
#5594 = LINE ( 'NONE', #2821, #3199 ) ;
#5595 = CARTESIAN_POINT ( 'NONE',  ( -169.4741340859000047, 43.00000000000000000, -112.1984848097999929 ) ) ;
#5596 = CARTESIAN_POINT ( 'NONE',  ( 168.7670273047729950, 45.00000000000000000, -112.9055915910270045 ) ) ;
#5597 = FACE_BOUND ( 'NONE', #3308, .T. ) ;
#5598 = AXIS2_PLACEMENT_3D ( 'NONE', #98, #1024, #1513 ) ;
#5599 = CYLINDRICAL_SURFACE ( 'NONE', #1450, 3.000000000000019096 ) ;
#5600 = AXIS2_PLACEMENT_3D ( 'NONE', #6039, #934, #1886 ) ;
#5601 = AXIS2_PLACEMENT_3D ( 'NONE', #5917, #1672, #5430 ) ;
#5602 = CARTESIAN_POINT ( 'NONE',  ( 20.00000000000000000, 82.48305456232999688, -199.1726188958000137 ) ) ;
#5603 = ORIENTED_EDGE ( 'NONE', *, *, #68, .T. ) ;
#5604 = CARTESIAN_POINT ( 'NONE',  ( -165.9386001800268389, 44.73820061220084199, -115.7340187157730043 ) ) ;
#5605 = CIRCLE ( 'NONE', #2959, 1.200000000000001732 ) ;
#5606 = CARTESIAN_POINT ( 'NONE',  ( 163.8172798364999778, 90.00000000000000000, -115.0269119346000082 ) ) ;
#5607 = EDGE_CURVE ( 'NONE', #5342, #642, #3690, .T. ) ;
#5608 = EDGE_CURVE ( 'NONE', #5242, #3340, #2768, .T. ) ;
#5609 = CYLINDRICAL_SURFACE ( 'NONE', #3393, 10.00000000000000000 ) ;
#5610 = ORIENTED_EDGE ( 'NONE', *, *, #5789, .F. ) ;
#5611 = VERTEX_POINT ( 'NONE', #1838 ) ;
#5612 = VECTOR ( 'NONE', #4274, 1000.000000000000114 ) ;
#5613 = DIRECTION ( 'NONE',  ( 0.7071067811864976127, 0.000000000000000000, 0.7071067811865975328 ) ) ;
#5614 = VERTEX_POINT ( 'NONE', #5115 ) ;
#5615 = EDGE_CURVE ( 'NONE', #32, #4718, #74, .T. ) ;
#5616 = CARTESIAN_POINT ( 'NONE',  ( 166.8077004861004866, 46.59933368479635618, -112.0364912848996397 ) ) ;
#5617 = DIRECTION ( 'NONE',  ( -0.7071067811865451302, 0.000000000000000000, 0.7071067811865497932 ) ) ;
#5618 = VERTEX_POINT ( 'NONE', #5565 ) ;
#5619 = ORIENTED_EDGE ( 'NONE', *, *, #2869, .T. ) ;
#5620 = FACE_BOUND ( 'NONE', #2254, .T. ) ;
#5621 = CARTESIAN_POINT ( 'NONE',  ( -165.7534800575766951, 92.00000000000001421, -113.0907117134232607 ) ) ;
#5622 = EDGE_LOOP ( 'NONE', ( #1746, #4169, #5832, #1117 ) ) ;
#5623 = EDGE_CURVE ( 'NONE', #1906, #2572, #1807, .T. ) ;
#5624 = FACE_OUTER_BOUND ( 'NONE', #3998, .T. ) ;
#5625 = ORIENTED_EDGE ( 'NONE', *, *, #1048, .F. ) ;
#5626 = CARTESIAN_POINT ( 'NONE',  ( 164.5243866176268455, 67.23820061220087041, -114.3198051533730251 ) ) ;
#5627 = CARTESIAN_POINT ( 'NONE',  ( -167.3528137424000022, 114.5000000000000000, -114.3198051534000115 ) ) ;
#5628 = DIRECTION ( 'NONE',  ( -0.7071067811865995312, 0.000000000000000000, 0.7071067811864953923 ) ) ;
#5629 = DIRECTION ( 'NONE',  ( 1.387778780781444413E-14, -1.000000000000000000, 0.000000000000000000 ) ) ;
#5630 = ORIENTED_EDGE ( 'NONE', *, *, #1848, .F. ) ;
#5631 = DIRECTION ( 'NONE',  ( 0.7071067811865475727, 0.000000000000000000, -0.7071067811865475727 ) ) ;
#5632 = CYLINDRICAL_SURFACE ( 'NONE', #3205, 1.200000000000011502 ) ;
#5633 = DIRECTION ( 'NONE',  ( 0.7071067811865474617, 0.000000000000000000, 0.7071067811865474617 ) ) ;
#5634 = EDGE_LOOP ( 'NONE', ( #2345, #2321 ) ) ;
#5635 = ORIENTED_EDGE ( 'NONE', *, *, #348, .T. ) ;
#5636 = EDGE_CURVE ( 'NONE', #5758, #1766, #5143, .T. ) ;
#5637 = COLOUR_RGB ( '',0.7921568627450980005, 0.8196078431372548767, 0.9333333333333333481 ) ;
#5638 = DIRECTION ( 'NONE',  ( -5.551115123125777653E-14, 1.000000000000000000, -5.551115123125777653E-14 ) ) ;
#5639 = CARTESIAN_POINT ( 'NONE',  ( 154.2713382903999957, 41.39999999999999858, -124.5728534806000027 ) ) ;
#5640 = DIRECTION ( 'NONE',  ( 0.7071067811865475727, 0.000000000000000000, 0.7071067811865475727 ) ) ;
#5641 = CIRCLE ( 'NONE', #2703, 2.000000000000001776 ) ;
#5642 = CARTESIAN_POINT ( 'NONE',  ( 168.7670273047729950, 67.50000000000000000, -112.9055915910270045 ) ) ;
#5643 = ORIENTED_EDGE ( 'NONE', *, *, #3687, .F. ) ;
#5644 = ORIENTED_EDGE ( 'NONE', *, *, #2071, .T. ) ;
#5645 = EDGE_CURVE ( 'NONE', #1405, #4101, #1561, .T. ) ;
#5646 = FACE_BOUND ( 'NONE', #2992, .T. ) ;
#5647 = DIRECTION ( 'NONE',  ( 0.000000000000000000, -1.000000000000000000, 0.000000000000000000 ) ) ;
#5648 = ORIENTED_EDGE ( 'NONE', *, *, #5128, .F. ) ;
#5649 = DIRECTION ( 'NONE',  ( 0.7071067811865475727, 5.024295867787357937E-15, 0.7071067811865475727 ) ) ;
#5650 = DIRECTION ( 'NONE',  ( 0.000000000000000000, 0.000000000000000000, 1.000000000000000000 ) ) ;
#5651 = VERTEX_POINT ( 'NONE', #766 ) ;
#5652 = EDGE_CURVE ( 'NONE', #3079, #1303, #794, .T. ) ;
#5653 = CIRCLE ( 'NONE', #3785, 9.000000000000007105 ) ;
#5654 = CARTESIAN_POINT ( 'NONE',  ( 167.1743207410276568, 66.49276203925819573, -111.6698710299724553 ) ) ;
#5655 = DIRECTION ( 'NONE',  ( 0.7071067811865475727, 0.000000000000000000, 0.7071067811865475727 ) ) ;
#5656 = CARTESIAN_POINT ( 'NONE',  ( 169.4741340859000047, 88.00000000000000000, -112.1984848097999929 ) ) ;
#5657 = CARTESIAN_POINT ( 'NONE',  ( 154.2713382903999957, 41.39999999999999858, -124.5728534806000027 ) ) ;
#5658 = VECTOR ( 'NONE', #2655, 1000.000000000000114 ) ;
#5659 = ORIENTED_EDGE ( 'NONE', *, *, #4152, .T. ) ;
#5660 = CARTESIAN_POINT ( 'NONE',  ( -165.9386001800270094, 45.00000000000000000, -115.7340187157729900 ) ) ;
#5661 = LINE ( 'NONE', #587, #2615 ) ;
#5662 = AXIS2_PLACEMENT_3D ( 'NONE', #3825, #2756, #5217 ) ;
#5663 = CARTESIAN_POINT ( 'NONE',  ( 166.9826463344166427, 24.44794535333663887, -114.6899725613833283 ) ) ;
#5664 = ORIENTED_EDGE ( 'NONE', *, *, #4215, .T. ) ;
#5665 = VERTEX_POINT ( 'NONE', #3016 ) ;
#5666 = DIRECTION ( 'NONE',  ( 0.000000000000000000, 0.000000000000000000, 1.000000000000000000 ) ) ;
#5667 = CARTESIAN_POINT ( 'NONE',  ( 167.3528137423729731, 90.00000000000000000, -111.4913780286270111 ) ) ;
#5668 = EDGE_CURVE ( 'NONE', #5993, #4311, #5475, .T. ) ;
#5669 = FACE_OUTER_BOUND ( 'NONE', #1948, .T. ) ;
#5670 = CARTESIAN_POINT ( 'NONE',  ( 168.2219140485004800, 69.09933368479639171, -113.4507048472995905 ) ) ;
#5671 = VERTEX_POINT ( 'NONE', #1745 ) ;
#5672 = ORIENTED_EDGE ( 'NONE', *, *, #885, .F. ) ;
#5673 = CARTESIAN_POINT ( 'NONE',  ( -165.4671956592269453, 44.99999999999999289, -115.2626141949730822 ) ) ;
#5674 = LINE ( 'NONE', #2389, #1673 ) ;
#5675 = AXIS2_PLACEMENT_3D ( 'NONE', #3081, #5414, #2187 ) ;
#5676 = VERTEX_POINT ( 'NONE', #3594 ) ;
#5677 = ADVANCED_FACE ( 'NONE', ( #2213 ), #4462, .F. ) ;
#5678 = DIRECTION ( 'NONE',  ( 0.7071067811865003883, 0.000000000000000000, -0.7071067811865947572 ) ) ;
#5679 = FACE_OUTER_BOUND ( 'NONE', #3024, .T. ) ;
#5680 = EDGE_CURVE ( 'NONE', #133, #2210, #283, .T. ) ;
#5681 = CIRCLE ( 'NONE', #1258, 2.999999999999988898 ) ;
#5682 = VERTEX_POINT ( 'NONE', #2674 ) ;
#5683 = DIRECTION ( 'NONE',  ( 0.7071067811865475727, 0.000000000000000000, 0.7071067811865475727 ) ) ;
#5684 = CARTESIAN_POINT ( 'NONE',  ( 154.9784450715999924, 50.00000000000000000, -123.8657466994000060 ) ) ;
#5685 = EDGE_CURVE ( 'NONE', #2210, #5796, #3997, .T. ) ;
#5686 = DIRECTION ( 'NONE',  ( -0.7071067811864976127, 0.000000000000000000, -0.7071067811865975328 ) ) ;
#5687 = LINE ( 'NONE', #2464, #2078 ) ;
#5688 = ORIENTED_EDGE ( 'NONE', *, *, #1178, .F. ) ;
#5689 = DIRECTION ( 'NONE',  ( 1.000000000000000000, 0.000000000000000000, 0.000000000000000000 ) ) ;
#5690 = CARTESIAN_POINT ( 'NONE',  ( 171.5954544295000233, 0.000000000000000000, -107.2487373414999894 ) ) ;
#5691 = CIRCLE ( 'NONE', #5600, 2.000000000000001776 ) ;
#5692 = CYLINDRICAL_SURFACE ( 'NONE', #5181, 1.999999999999992895 ) ;
#5693 = CARTESIAN_POINT ( 'NONE',  ( 166.2219140485003948, 23.72909343994982834, -115.4507048472995194 ) ) ;
#5694 = ORIENTED_EDGE ( 'NONE', *, *, #3612, .T. ) ;
#5695 = ORIENTED_EDGE ( 'NONE', *, *, #3588, .F. ) ;
#5696 = LINE ( 'NONE', #3457, #1819 ) ;
#5697 = DIRECTION ( 'NONE',  ( 0.7071067811865475727, 0.000000000000000000, -0.7071067811865475727 ) ) ;
#5698 = CARTESIAN_POINT ( 'NONE',  ( -165.9754083736748385, 90.52349576871856129, -115.6972105221250899 ) ) ;
#5699 = CARTESIAN_POINT ( 'NONE',  ( 165.7534800575767235, 47.00000000000000000, -113.0907117134232465 ) ) ;
#5700 = LINE ( 'NONE', #2909, #1035 ) ;
#5701 = ORIENTED_EDGE ( 'NONE', *, *, #1547, .T. ) ;
#5702 = EDGE_LOOP ( 'NONE', ( #3583, #3861, #1181, #4633 ) ) ;
#5703 = AXIS2_PLACEMENT_3D ( 'NONE', #951, #3664, #863 ) ;
#5704 = CARTESIAN_POINT ( 'NONE',  ( 22.00000000000000000, 50.00000000000000000, -199.1726188958000137 ) ) ;
#5705 = CARTESIAN_POINT ( 'NONE',  ( 98.40990257669999153, 12.00000000000000000, -183.2627163190999795 ) ) ;
#5706 = ORIENTED_EDGE ( 'NONE', *, *, #269, .F. ) ;
#5707 = AXIS2_PLACEMENT_3D ( 'NONE', #3041, #2011, #1099 ) ;
#5708 = DIRECTION ( 'NONE',  ( -0.7071067811865475727, 0.000000000000000000, -0.7071067811865475727 ) ) ;
#5709 = CARTESIAN_POINT ( 'NONE',  ( -163.8172798364999778, 112.6250000000000000, -115.0269119346000082 ) ) ;
#5710 = DIRECTION ( 'NONE',  ( 0.000000000000000000, 0.000000000000000000, 1.000000000000000000 ) ) ;
#5711 = VERTEX_POINT ( 'NONE', #276 ) ;
#5712 = EDGE_CURVE ( 'NONE', #114, #1156, #2366, .T. ) ;
#5713 = CARTESIAN_POINT ( 'NONE',  ( 165.2314933988000121, 92.00000000000000000, -116.4411254970000016 ) ) ;
#5714 = CARTESIAN_POINT ( 'NONE',  ( -167.3528137423729731, 67.50000000000000000, -111.4913780286270111 ) ) ;
#5715 = CARTESIAN_POINT ( 'NONE',  ( -165.9386001800268389, 22.23820061220085265, -115.7340187157730043 ) ) ;
#5716 = EDGE_CURVE ( 'NONE', #2224, #3910, #1163, .T. ) ;
#5717 = CARTESIAN_POINT ( 'NONE',  ( 37.06702755367646773, 125.5000000000048601, -197.1726188958000137 ) ) ;
#5718 = EDGE_CURVE ( 'NONE', #880, #1906, #5504, .T. ) ;
#5719 = ORIENTED_EDGE ( 'NONE', *, *, #1360, .F. ) ;
#5720 = CARTESIAN_POINT ( 'NONE',  ( 156.3926586340000142, 50.00000000000000000, -125.2799602618000279 ) ) ;
#5721 = DIRECTION ( 'NONE',  ( 0.7071067811864976127, 0.000000000000000000, -0.7071067811865975328 ) ) ;
#5722 = CARTESIAN_POINT ( 'NONE',  ( -21.00000000000000000, 58.60000000000000142, -199.1726188958000137 ) ) ;
#5723 = CARTESIAN_POINT ( 'NONE',  ( 165.7534800575766951, 87.99999999999998579, -113.0907117134232607 ) ) ;
#5724 = VERTEX_POINT ( 'NONE', #306 ) ;
#5725 = EDGE_LOOP ( 'NONE', ( #1829, #4639 ) ) ;
#5726 = CARTESIAN_POINT ( 'NONE',  ( 168.2219140485004800, 91.59933368479634908, -113.4507048472995905 ) ) ;
#5727 = EDGE_CURVE ( 'NONE', #5562, #3828, #4897, .T. ) ;
#5728 = DIRECTION ( 'NONE',  ( 0.7071067811865475727, 0.000000000000000000, 0.7071067811865475727 ) ) ;
#5729 = CARTESIAN_POINT ( 'NONE',  ( -165.9386001800270094, 90.00000000000000000, -115.7340187157729900 ) ) ;
#5730 = LINE ( 'NONE', #4356, #2921 ) ;
#5731 = DIRECTION ( 'NONE',  ( 0.7071067811865474617, 0.000000000000000000, 0.7071067811865474617 ) ) ;
#5732 = VERTEX_POINT ( 'NONE', #3966 ) ;
#5733 = ORIENTED_EDGE ( 'NONE', *, *, #5432, .F. ) ;
#5734 = DIRECTION ( 'NONE',  ( 0.7071067811865475727, 0.000000000000000000, -0.7071067811865475727 ) ) ;
#5735 = FACE_OUTER_BOUND ( 'NONE', #669, .T. ) ;
#5736 = ORIENTED_EDGE ( 'NONE', *, *, #4969, .T. ) ;
#5737 = CARTESIAN_POINT ( 'NONE',  ( -165.9386001800270094, 22.50000000000000000, -115.7340187157729900 ) ) ;
#5738 = LINE ( 'NONE', #1525, #1580 ) ;
#5739 = VECTOR ( 'NONE', #3377, 1000.000000000000114 ) ;
#5741 = LINE ( 'NONE', #5349, #2844 ) ;
#5740 = B_SPLINE_CURVE_WITH_KNOTS ( 'NONE', 3,
 ( #5885, #2256, #1230, #1264 ),
 .UNSPECIFIED., .F., .F.,
 ( 4, 4 ),
 ( 0.000000000000000000, 1.000000000000000000 ),
 .UNSPECIFIED. ) ;
#5742 = ORIENTED_EDGE ( 'NONE', *, *, #4944, .F. ) ;
#5743 = ORIENTED_EDGE ( 'NONE', *, *, #4785, .F. ) ;
#5744 = CARTESIAN_POINT ( 'NONE',  ( -165.5684327720166493, 69.44794535333664953, -113.2757589989833491 ) ) ;
#5745 = CARTESIAN_POINT ( 'NONE',  ( -165.0694998738995309, 20.90066631520363671, -113.7746918971003964 ) ) ;
#5746 = AXIS2_PLACEMENT_3D ( 'NONE', #4589, #2250, #5965 ) ;
#5747 = AXIS2_PLACEMENT_3D ( 'NONE', #1979, #5284, #1121 ) ;
#5748 = VECTOR ( 'NONE', #2873, 1000.000000000000114 ) ;
#5749 = CARTESIAN_POINT ( 'NONE',  ( 69.99999999998435385, 9.499999999999896971, -199.1726188958000421 ) ) ;
#5750 = ORIENTED_EDGE ( 'NONE', *, *, #1806, .T. ) ;
#5751 = CARTESIAN_POINT ( 'NONE',  ( -70.00000000001537614, 9.499999999999953815, -197.1726188958000137 ) ) ;
#5752 = CARTESIAN_POINT ( 'NONE',  ( 167.3160055487252862, 44.47650423128145292, -111.5281862222749680 ) ) ;
#5753 = CARTESIAN_POINT ( 'NONE',  ( 40.06702755367646773, 125.5000000000048601, -199.1726188958000137 ) ) ;
#5754 = FACE_OUTER_BOUND ( 'NONE', #3542, .T. ) ;
#5755 = ADVANCED_FACE ( 'NONE', ( #5835 ), #3500, .F. ) ;
#5756 = ADVANCED_FACE ( 'NONE', ( #2582 ), #3102, .F. ) ;
#5757 = DIRECTION ( 'NONE',  ( -0.000000000000000000, 1.000000000000000000, 0.000000000000000000 ) ) ;
#5758 = VERTEX_POINT ( 'NONE', #1468 ) ;
#5759 = DIRECTION ( 'NONE',  ( -1.000000000000000000, 0.000000000000000000, 0.000000000000000000 ) ) ;
#5760 = LINE ( 'NONE', #3035, #1351 ) ;
#5761 = FACE_OUTER_BOUND ( 'NONE', #5162, .T. ) ;
#5762 = AXIS2_PLACEMENT_3D ( 'NONE', #2591, #4473, #256 ) ;
#5763 = CARTESIAN_POINT ( 'NONE',  ( -40.06702755360861090, 125.5000000000047748, -197.1726188958000137 ) ) ;
#5764 = EDGE_CURVE ( 'NONE', #1297, #1091, #5232, .T. ) ;
#5765 = DIRECTION ( 'NONE',  ( 0.7071067811864976127, 0.000000000000000000, 0.7071067811865975328 ) ) ;
#5766 = EDGE_LOOP ( 'NONE', ( #4867, #5137, #5564, #5388 ) ) ;
#5767 = ORIENTED_EDGE ( 'NONE', *, *, #4739, .T. ) ;
#5768 = DIRECTION ( 'NONE',  ( 0.000000000000000000, 0.000000000000000000, -1.000000000000000000 ) ) ;
#5769 = AXIS2_PLACEMENT_3D ( 'NONE', #3892, #130, #2905 ) ;
#5770 = DIRECTION ( 'NONE',  ( -1.000000000000000000, 0.000000000000000000, 0.000000000000000000 ) ) ;
#5771 = EDGE_LOOP ( 'NONE', ( #2202, #1134 ) ) ;
#5772 = FACE_OUTER_BOUND ( 'NONE', #4028, .T. ) ;
#5773 = CARTESIAN_POINT ( 'NONE',  ( -60.00000000000000000, 123.0000000000000000, -199.1726188958000137 ) ) ;
#5774 = CARTESIAN_POINT ( 'NONE',  ( -166.1237203024233224, 65.50000000000001421, -112.7204714685767328 ) ) ;
#5775 = EDGE_LOOP ( 'NONE', ( #888, #5008, #3929, #3127 ) ) ;
#5776 = VERTEX_POINT ( 'NONE', #1929 ) ;
#5777 = PLANE ( 'NONE',  #4661 ) ;
#5778 = CARTESIAN_POINT ( 'NONE',  ( -166.3087675879833682, 20.55205464666336468, -112.5354241830166586 ) ) ;
#5779 = VECTOR ( 'NONE', #4002, 1000.000000000000114 ) ;
#5780 = CARTESIAN_POINT ( 'NONE',  ( 165.2314933988000121, 112.6250000000000000, -116.4411254970000016 ) ) ;
#5781 = ORIENTED_EDGE ( 'NONE', *, *, #1016, .F. ) ;
#5782 = CARTESIAN_POINT ( 'NONE',  ( -169.4741340859000047, 22.50000000000000000, -112.1984848097999929 ) ) ;
#5783 = CARTESIAN_POINT ( 'NONE',  ( -169.4741340859000047, 47.00000000000000000, -112.1984848097999929 ) ) ;
#5784 = CARTESIAN_POINT ( 'NONE',  ( -165.0694998738995309, 110.9006663152036367, -113.7746918971003964 ) ) ;
#5785 = FACE_BOUND ( 'NONE', #4079, .T. ) ;
#5786 = CARTESIAN_POINT ( 'NONE',  ( 168.0599205235999989, 92.00000000000000000, -110.7842712475000155 ) ) ;
#5787 = ORIENTED_EDGE ( 'NONE', *, *, #2409, .T. ) ;
#5788 = CARTESIAN_POINT ( 'NONE',  ( -165.0694998738995309, 43.40066631520362250, -113.7746918971003964 ) ) ;
#5789 = EDGE_CURVE ( 'NONE', #114, #3985, #3029, .T. ) ;
#5790 = VECTOR ( 'NONE', #5077, 1000.000000000000114 ) ;
#5791 = ADVANCED_FACE ( 'NONE', ( #4680 ), #950, .F. ) ;
#5792 = CYLINDRICAL_SURFACE ( 'NONE', #4603, 9.000000000000007105 ) ;
#5793 = CARTESIAN_POINT ( 'NONE',  ( -165.2314933988000121, 92.00000000000000000, -116.4411254970000016 ) ) ;
#5794 = VECTOR ( 'NONE', #1489, 1000.000000000000114 ) ;
#5795 = CARTESIAN_POINT ( 'NONE',  ( 165.2314933988000121, 114.5000000000000000, -116.4411254970000016 ) ) ;
#5796 = VERTEX_POINT ( 'NONE', #54 ) ;
#5797 = ORIENTED_EDGE ( 'NONE', *, *, #3182, .F. ) ;
#5798 = CARTESIAN_POINT ( 'NONE',  ( -164.5243866176267886, 89.73820061220085620, -114.3198051533729824 ) ) ;
#5799 = VERTEX_POINT ( 'NONE', #3268 ) ;
#5800 = AXIS2_PLACEMENT_3D ( 'NONE', #1651, #3993, #5409 ) ;
#5801 = DIRECTION ( 'NONE',  ( -5.551115123125777653E-14, 1.000000000000000000, -5.551115123125777653E-14 ) ) ;
#5802 = CARTESIAN_POINT ( 'NONE',  ( -166.4837134362994959, 46.59933368479635618, -115.1889054595003756 ) ) ;
#5803 = CARTESIAN_POINT ( 'NONE',  ( -164.8077004861003445, 23.72909343994982123, -114.0364912848994976 ) ) ;
#5804 = ORIENTED_EDGE ( 'NONE', *, *, #3313, .F. ) ;
#5805 = ADVANCED_FACE ( 'NONE', ( #4214 ), #3779, .F. ) ;
#5806 = CIRCLE ( 'NONE', #2668, 3.000000000000002665 ) ;
#5807 = VERTEX_POINT ( 'NONE', #2860 ) ;
#5808 = LINE ( 'NONE', #4339, #2306 ) ;
#5809 = CARTESIAN_POINT ( 'NONE',  ( -167.1676936199767454, 20.49999999999999645, -114.5049252758232683 ) ) ;
#5810 = DIRECTION ( 'NONE',  ( 0.000000000000000000, 0.000000000000000000, -1.000000000000000000 ) ) ;
#5811 = ORIENTED_EDGE ( 'NONE', *, *, #682, .F. ) ;
#5812 = CARTESIAN_POINT ( 'NONE',  ( -169.4741340859000047, 67.50000000000000000, -112.1984848097999929 ) ) ;
#5813 = DIRECTION ( 'NONE',  ( -1.387778780781444413E-14, -1.000000000000000000, -1.387778780781444413E-14 ) ) ;
#5814 = CARTESIAN_POINT ( 'NONE',  ( 22.00000000000000000, 50.00000000000000000, -197.1726188958000137 ) ) ;
#5815 = CARTESIAN_POINT ( 'NONE',  ( -166.9826463344166427, 114.4479453533366211, -114.6899725613833567 ) ) ;
#5816 = CARTESIAN_POINT ( 'NONE',  ( -126.8355951803999915, 58.60000000000000142, -154.8370237153999938 ) ) ;
#5817 = ORIENTED_EDGE ( 'NONE', *, *, #2463, .T. ) ;
#5818 = CARTESIAN_POINT ( 'NONE',  ( 88.12083000286881429, 9.500000000000053291, -178.7233617681811779 ) ) ;
#5819 = DIRECTION ( 'NONE',  ( 0.7071067811865475727, 0.000000000000000000, -0.7071067811865475727 ) ) ;
#5820 = CARTESIAN_POINT ( 'NONE',  ( 128.5228972205724745, 125.5000000000048601, -150.3212945504776599 ) ) ;
#5821 = ADVANCED_FACE ( 'NONE', ( #6057 ), #3751, .F. ) ;
#5822 = CARTESIAN_POINT ( 'NONE',  ( 173.0096679918999882, 135.0000000000000000, -108.6629509039000112 ) ) ;
#5823 = EDGE_LOOP ( 'NONE', ( #4403, #3839, #4061, #2185 ) ) ;
#5824 = VERTEX_POINT ( 'NONE', #1008 ) ;
#5825 = CARTESIAN_POINT ( 'NONE',  ( -167.5379338648232590, 65.50000000000001421, -114.1346850309767404 ) ) ;
#5826 = ORIENTED_EDGE ( 'NONE', *, *, #340, .F. ) ;
#5827 = CARTESIAN_POINT ( 'NONE',  ( -81.67157287524999276, 0.000000000000000000, -197.1726188958000137 ) ) ;
#5828 = CARTESIAN_POINT ( 'NONE',  ( 165.9386001800270094, 22.50000000000000000, -115.7340187157729900 ) ) ;
#5829 = EDGE_CURVE ( 'NONE', #3463, #3411, #2311, .T. ) ;
#5830 = EDGE_CURVE ( 'NONE', #4325, #4311, #773, .T. ) ;
#5831 = DIRECTION ( 'NONE',  ( 0.7071067811865475727, 0.000000000000000000, 0.7071067811865475727 ) ) ;
#5832 = ORIENTED_EDGE ( 'NONE', *, *, #5474, .F. ) ;
#5833 = ORIENTED_EDGE ( 'NONE', *, *, #5170, .T. ) ;
#5834 = CIRCLE ( 'NONE', #731, 2.000000000000001776 ) ;
#5835 = FACE_OUTER_BOUND ( 'NONE', #220, .T. ) ;
#5836 = ORIENTED_EDGE ( 'NONE', *, *, #3704, .T. ) ;
#5837 = EDGE_CURVE ( 'NONE', #1304, #3848, #3722, .T. ) ;
#5838 = CARTESIAN_POINT ( 'NONE',  ( -167.1743207410276568, 68.50723796074179006, -111.6698710299724553 ) ) ;
#5839 = CARTESIAN_POINT ( 'NONE',  ( -167.3160055487252862, 21.97650423128144581, -111.5281862222749396 ) ) ;
#5840 = ADVANCED_FACE ( 'NONE', ( #1350 ), #515, .F. ) ;
#5841 = ORIENTED_EDGE ( 'NONE', *, *, #408, .F. ) ;
#5842 = DIRECTION ( 'NONE',  ( 0.000000000000000000, -1.000000000000000000, 0.000000000000000000 ) ) ;
#5843 = CARTESIAN_POINT ( 'NONE',  ( 165.2314933988000121, 24.50000000000000000, -116.4411254970000016 ) ) ;
#5844 = DIRECTION ( 'NONE',  ( 0.7071067811865475727, 0.000000000000000000, 0.7071067811865475727 ) ) ;
#5845 = DIRECTION ( 'NONE',  ( -0.7071067811864976127, 0.000000000000000000, -0.7071067811865975328 ) ) ;
#5846 = CIRCLE ( 'NONE', #1908, 2.000000000000001776 ) ;
#5847 = AXIS2_PLACEMENT_3D ( 'NONE', #906, #3336, #5585 ) ;
#5848 = CARTESIAN_POINT ( 'NONE',  ( 165.2314933988000121, 110.7500000000000000, -116.4411254970000016 ) ) ;
#5849 = ORIENTED_EDGE ( 'NONE', *, *, #5870, .F. ) ;
#5850 = CARTESIAN_POINT ( 'NONE',  ( 166.1170931813723541, 91.00723796074179006, -115.5555257144275316 ) ) ;
#5851 = DIRECTION ( 'NONE',  ( 0.7071067811864976127, 0.000000000000000000, -0.7071067811865975328 ) ) ;
#5852 = CARTESIAN_POINT ( 'NONE',  ( -163.8172798364999778, 43.00000000000000000, -115.0269119346000082 ) ) ;
#5853 = CARTESIAN_POINT ( 'NONE',  ( -81.67157287524999276, 0.000000000000000000, -197.1726188958000137 ) ) ;
#5854 = ORIENTED_EDGE ( 'NONE', *, *, #3245, .F. ) ;
#5855 = EDGE_LOOP ( 'NONE', ( #16, #4095 ) ) ;
#5856 = CARTESIAN_POINT ( 'NONE',  ( -165.0694998738995309, 88.40066631520362250, -113.7746918971003964 ) ) ;
#5857 = DIRECTION ( 'NONE',  ( -0.7071067811865475727, -0.000000000000000000, 0.7071067811865474617 ) ) ;
#5858 = EDGE_CURVE ( 'NONE', #2678, #1338, #4413, .T. ) ;
#5859 = AXIS2_PLACEMENT_3D ( 'NONE', #4655, #1821, #409 ) ;
#5860 = ORIENTED_EDGE ( 'NONE', *, *, #5499, .F. ) ;
#5861 = CARTESIAN_POINT ( 'NONE',  ( -169.4741340859000047, 88.00000000000000000, -112.1984848097999929 ) ) ;
#5862 = CARTESIAN_POINT ( 'NONE',  ( -154.2713382903999957, 58.60000000000000142, -124.5728534806000027 ) ) ;
#5863 = VECTOR ( 'NONE', #2540, 1000.000000000000000 ) ;
#5864 = LINE ( 'NONE', #3162, #3634 ) ;
#5865 = EDGE_LOOP ( 'NONE', ( #2726, #5742 ) ) ;
#5866 = ORIENTED_EDGE ( 'NONE', *, *, #5886, .F. ) ;
#5867 = CARTESIAN_POINT ( 'NONE',  ( -165.2314933988000121, 69.50000000000000000, -116.4411254970000016 ) ) ;
#5868 = EDGE_CURVE ( 'NONE', #3198, #1343, #4118, .T. ) ;
#5869 = ORIENTED_EDGE ( 'NONE', *, *, #1138, .T. ) ;
#5870 = EDGE_CURVE ( 'NONE', #5342, #1845, #5681, .T. ) ;
#5871 = DIRECTION ( 'NONE',  ( -0.000000000000000000, 1.000000000000000000, 0.000000000000000000 ) ) ;
#5872 = DIRECTION ( 'NONE',  ( 0.000000000000000000, 0.000000000000000000, -1.000000000000000000 ) ) ;
#5873 = AXIS2_PLACEMENT_3D ( 'NONE', #4853, #3952, #5697 ) ;
#5874 = EDGE_CURVE ( 'NONE', #176, #1690, #4636, .T. ) ;
#5875 = ORIENTED_EDGE ( 'NONE', *, *, #2525, .T. ) ;
#5876 = CARTESIAN_POINT ( 'NONE',  ( 167.3528137423729731, 22.50000000000000000, -111.4913780286270111 ) ) ;
#5877 = ADVANCED_FACE ( 'NONE', ( #2770 ), #5599, .F. ) ;
#5878 = DIRECTION ( 'NONE',  ( -0.7071067811865475727, 0.000000000000000000, -0.7071067811865475727 ) ) ;
#5879 = AXIS2_PLACEMENT_3D ( 'NONE', #4714, #4875, #3055 ) ;
#5880 = DIRECTION ( 'NONE',  ( -0.7071067811865437980, 0.000000000000000000, -0.7071067811865512365 ) ) ;
#5881 = CARTESIAN_POINT ( 'NONE',  ( -167.1676936199767169, 114.5000000000000142, -114.5049252758232683 ) ) ;
#5882 = CIRCLE ( 'NONE', #4612, 3.000000000000019096 ) ;
#5883 = CARTESIAN_POINT ( 'NONE',  ( 21.00000000000000000, 41.39999999999999858, -199.1726188958000137 ) ) ;
#5884 = CARTESIAN_POINT ( 'NONE',  ( -125.1385389054999990, 58.60000000000000142, -156.5340799901999844 ) ) ;
#5885 = CARTESIAN_POINT ( 'NONE',  ( -165.9386001800270094, 90.00000000000000000, -115.7340187157729900 ) ) ;
#5886 = EDGE_CURVE ( 'NONE', #1205, #1281, #444, .T. ) ;
#5887 = DIRECTION ( 'NONE',  ( -0.7071067811865475727, 0.000000000000000000, -0.7071067811865475727 ) ) ;
#5888 = B_SPLINE_CURVE_WITH_KNOTS ( 'NONE', 3,
 ( #2401, #28, #1357, #4219, #897, #5122, #4652, #4276, #2802, #462, #4246, #1440, #4159, #57, #984, #3296, #6028, #2833 ),
 .UNSPECIFIED., .F., .F.,
 ( 4, 2, 2, 2, 2, 2, 2, 2, 4 ),
 ( -1.000000000000000000, -0.8750000000000000000, -0.7500000000000000000, -0.6250000000000000000, -0.5000000000000000000, -0.3750000000000000000, -0.2500000000000000000, -0.1250000000000000000, -0.000000000000000000 ),
 .UNSPECIFIED. ) ;
#5889 = DIRECTION ( 'NONE',  ( 0.7071067811865475727, 0.000000000000000000, 0.7071067811865475727 ) ) ;
#5890 = ORIENTED_EDGE ( 'NONE', *, *, #1760, .T. ) ;
#5891 = VERTEX_POINT ( 'NONE', #1962 ) ;
#5892 = DIRECTION ( 'NONE',  ( -0.7071067811865475727, 0.000000000000000000, -0.7071067811865475727 ) ) ;
#5893 = CARTESIAN_POINT ( 'NONE',  ( 165.4671956592269453, 112.5000000000000000, -115.2626141949730822 ) ) ;
#5894 = VERTEX_POINT ( 'NONE', #5356 ) ;
#5895 = CIRCLE ( 'NONE', #4826, 1.875000000000001776 ) ;
#5896 = DIRECTION ( 'NONE',  ( -1.000000000000000000, 0.000000000000000000, 0.000000000000000000 ) ) ;
#5897 = CARTESIAN_POINT ( 'NONE',  ( -168.0599205235999989, 45.00000000000000000, -110.7842712475000155 ) ) ;
#5898 = AXIS2_PLACEMENT_3D ( 'NONE', #1001, #1033, #5253 ) ;
#5899 = CARTESIAN_POINT ( 'NONE',  ( -164.7028796189723323, 113.5072379607418185, -114.1413121520275240 ) ) ;
#5900 = ORIENTED_EDGE ( 'NONE', *, *, #1663, .T. ) ;
#5901 = VERTEX_POINT ( 'NONE', #1082 ) ;
#5902 = AXIS2_PLACEMENT_3D ( 'NONE', #5773, #4299, #139 ) ;
#5903 = CARTESIAN_POINT ( 'NONE',  ( 167.3528137423732005, 67.76179938779914380, -111.4913780286270395 ) ) ;
#5904 = ORIENTED_EDGE ( 'NONE', *, *, #4215, .F. ) ;
#5905 = DIRECTION ( 'NONE',  ( -0.7071067811865475727, 0.000000000000000000, -0.7071067811865475727 ) ) ;
#5906 = CARTESIAN_POINT ( 'NONE',  ( 60.00000000000000000, 123.0000000000000000, -199.1726188958000137 ) ) ;
#5907 = EDGE_CURVE ( 'NONE', #3671, #1097, #1325, .T. ) ;
#5908 = CIRCLE ( 'NONE', #4139, 2.999999999999975131 ) ;
#5909 = FACE_OUTER_BOUND ( 'NONE', #1528, .T. ) ;
#5910 = CARTESIAN_POINT ( 'NONE',  ( 165.2263753876909504, 43.25242722329147682, -113.6178163833090338 ) ) ;
#5911 = CARTESIAN_POINT ( 'NONE',  ( 62.50000000000000000, 123.0000000000000000, -199.1726188958000137 ) ) ;
#5912 = CARTESIAN_POINT ( 'NONE',  ( -165.9754083736748385, 113.0234957687185613, -115.6972105221250899 ) ) ;
#5913 = AXIS2_PLACEMENT_3D ( 'NONE', #2945, #4327, #5734 ) ;
#5914 = EDGE_CURVE ( 'NONE', #4856, #2847, #3458, .T. ) ;
#5915 = EDGE_CURVE ( 'NONE', #5070, #2772, #1497, .T. ) ;
#5916 = DIRECTION ( 'NONE',  ( 0.7071067811865975328, 0.000000000000000000, 0.7071067811864976127 ) ) ;
#5917 = CARTESIAN_POINT ( 'NONE',  ( -165.2314933988000121, 112.6250000000000000, -116.4411254970000016 ) ) ;
#5918 = CARTESIAN_POINT ( 'NONE',  ( 91.07601755287362266, 125.5000000000048601, -187.7681742181765117 ) ) ;
#5919 = ADVANCED_FACE ( 'NONE', ( #2462 ), #117, .F. ) ;
#5920 = DIRECTION ( 'NONE',  ( -0.7071067811865437980, 0.000000000000000000, -0.7071067811865512365 ) ) ;
#5921 = VERTEX_POINT ( 'NONE', #4586 ) ;
#5922 = ORIENTED_EDGE ( 'NONE', *, *, #4135, .T. ) ;
#5923 = FACE_BOUND ( 'NONE', #4031, .T. ) ;
#5924 = DIRECTION ( 'NONE',  ( -0.7071067811865474617, 0.000000000000000000, 0.7071067811865474617 ) ) ;
#5925 = VERTEX_POINT ( 'NONE', #4094 ) ;
#5926 = CARTESIAN_POINT ( 'NONE',  ( -168.7670273047731655, 112.2382006122008846, -112.9055915910270045 ) ) ;
#5927 = DIRECTION ( 'NONE',  ( 0.000000000000000000, -1.000000000000000000, 0.000000000000000000 ) ) ;
#5928 = ORIENTED_EDGE ( 'NONE', *, *, #1312, .F. ) ;
#5929 = ORIENTED_EDGE ( 'NONE', *, *, #4531, .F. ) ;
#5930 = FACE_OUTER_BOUND ( 'NONE', #4138, .T. ) ;
#5931 = CARTESIAN_POINT ( 'NONE',  ( 166.1170931813723541, 46.00723796074180427, -115.5555257144275316 ) ) ;
#5932 = ORIENTED_EDGE ( 'NONE', *, *, #5945, .T. ) ;
#5933 = DIRECTION ( 'NONE',  ( 0.7071067811865475727, 0.000000000000000000, -0.7071067811865475727 ) ) ;
#5934 = CARTESIAN_POINT ( 'NONE',  ( -165.2314933988000121, 47.00000000000000000, -116.4411254970000016 ) ) ;
#5935 = CIRCLE ( 'NONE', #735, 9.000000000000007105 ) ;
#5936 = CARTESIAN_POINT ( 'NONE',  ( 165.0694998738995025, 20.90066631520364382, -113.7746918971003964 ) ) ;
#5937 = CARTESIAN_POINT ( 'NONE',  ( -131.6439212925000106, 50.00000000000000000, -150.0286976033000030 ) ) ;
#5938 = DIRECTION ( 'NONE',  ( 6.938893903907222067E-14, -1.000000000000000000, -6.938893903907222067E-14 ) ) ;
#5939 = CARTESIAN_POINT ( 'NONE',  ( -168.7670273047731939, 112.7617993877991580, -112.9055915910270187 ) ) ;
#5940 = VECTOR ( 'NONE', #2158, 1000.000000000000114 ) ;
#5941 = CARTESIAN_POINT ( 'NONE',  ( 167.1676936199767454, 92.00000000000001421, -114.5049252758232683 ) ) ;
#5942 = CARTESIAN_POINT ( 'NONE',  ( 125.9870670429999961, 41.39999999999999858, -155.6855518527999607 ) ) ;
#5943 = DIRECTION ( 'NONE',  ( 0.000000000000000000, 0.000000000000000000, -1.000000000000000000 ) ) ;
#5944 = EDGE_CURVE ( 'NONE', #6040, #2572, #3142, .T. ) ;
#5945 = EDGE_CURVE ( 'NONE', #706, #4891, #3657, .T. ) ;
#5946 = CARTESIAN_POINT ( 'NONE',  ( -168.7670273047729950, 112.5000000000000000, -112.9055915910270045 ) ) ;
#5947 = VERTEX_POINT ( 'NONE', #1720 ) ;
#5948 = VERTEX_POINT ( 'NONE', #2650 ) ;
#5949 = EDGE_CURVE ( 'NONE', #1517, #697, #737, .T. ) ;
#5950 = CIRCLE ( 'NONE', #3298, 2.500000000000002220 ) ;
#5951 = DIRECTION ( 'NONE',  ( -1.000000000000000000, 0.000000000000000000, 0.000000000000000000 ) ) ;
#5952 = ORIENTED_EDGE ( 'NONE', *, *, #1877, .F. ) ;
#5953 = DIRECTION ( 'NONE',  ( 0.7071067811865475727, 0.000000000000000000, 0.7071067811865475727 ) ) ;
#5954 = CARTESIAN_POINT ( 'NONE',  ( -166.1170931813722689, 23.50723796074179006, -115.5555257144275174 ) ) ;
#5955 = ORIENTED_EDGE ( 'NONE', *, *, #5915, .F. ) ;
#5956 = EDGE_LOOP ( 'NONE', ( #3964, #5849, #1363, #1874 ) ) ;
#5957 = CARTESIAN_POINT ( 'NONE',  ( 165.5684327720166493, 110.5520546466633647, -113.2757589989833491 ) ) ;
#5958 = DIRECTION ( 'NONE',  ( -0.7071067811865975328, 0.000000000000000000, -0.7071067811864976127 ) ) ;
#5959 = ORIENTED_EDGE ( 'NONE', *, *, #3237, .F. ) ;
#5960 = VECTOR ( 'NONE', #653, 1000.000000000000000 ) ;
#5961 = PRESENTATION_STYLE_ASSIGNMENT (( #4585 ) ) ;
#5962 = CARTESIAN_POINT ( 'NONE',  ( -154.8370237153999938, 41.39999999999999858, -126.8355951803999915 ) ) ;
#5963 = VERTEX_POINT ( 'NONE', #3171 ) ;
#5964 = DIRECTION ( 'NONE',  ( 0.000000000000000000, 0.000000000000000000, -1.000000000000000000 ) ) ;
#5965 = DIRECTION ( 'NONE',  ( 0.7071067811866001973, 0.000000000000000000, 0.7071067811864948371 ) ) ;
#5966 = FACE_OUTER_BOUND ( 'NONE', #5086, .T. ) ;
#5967 = CARTESIAN_POINT ( 'NONE',  ( 167.3160055487252862, 23.02349576871855064, -111.5281862222749396 ) ) ;
#5968 = ORIENTED_EDGE ( 'NONE', *, *, #3425, .F. ) ;
#5969 = DIRECTION ( 'NONE',  ( 0.7071067811865499042, 0.000000000000000000, 0.7071067811865451302 ) ) ;
#5970 = AXIS2_PLACEMENT_3D ( 'NONE', #1315, #3115, #5449 ) ;
#5971 = DIRECTION ( 'NONE',  ( 0.7071067811865975328, 0.000000000000000000, -0.7071067811864976127 ) ) ;
#5972 = DIRECTION ( 'NONE',  ( 0.000000000000000000, 0.000000000000000000, -1.000000000000000000 ) ) ;
#5973 = VECTOR ( 'NONE', #893, 1000.000000000000000 ) ;
#5974 = CARTESIAN_POINT ( 'NONE',  ( 166.6508249723090671, 88.25242722329149103, -112.1933667986910166 ) ) ;
#5975 = ORIENTED_EDGE ( 'NONE', *, *, #5290, .T. ) ;
#5976 = ORIENTED_EDGE ( 'NONE', *, *, #643, .T. ) ;
#5977 = EDGE_CURVE ( 'NONE', #5014, #3565, #379, .T. ) ;
#5978 = LINE ( 'NONE', #3989, #5265 ) ;
#5979 = ORIENTED_EDGE ( 'NONE', *, *, #2302, .F. ) ;
#5980 = CARTESIAN_POINT ( 'NONE',  ( -168.5885343034276502, 111.4927620392581815, -113.0840845923724629 ) ) ;
#5981 = CARTESIAN_POINT ( 'NONE',  ( -163.8172798364999778, 22.50000000000000000, -115.0269119346000082 ) ) ;
#5982 = VERTEX_POINT ( 'NONE', #3114 ) ;
#5983 = ORIENTED_EDGE ( 'NONE', *, *, #5361, .F. ) ;
#5984 = EDGE_CURVE ( 'NONE', #3309, #358, #5025, .T. ) ;
#5985 = VECTOR ( 'NONE', #4552, 1000.000000000000114 ) ;
#5986 = CARTESIAN_POINT ( 'NONE',  ( -70.00000000001537614, 9.499999999999953815, -199.1726188958000421 ) ) ;
#5987 = CARTESIAN_POINT ( 'NONE',  ( -164.5243866176269876, 90.00000000000000000, -114.3198051533730109 ) ) ;
#5988 = VERTEX_POINT ( 'NONE', #825 ) ;
#5989 = AXIS2_PLACEMENT_3D ( 'NONE', #1397, #15, #2385 ) ;
#5990 = DIRECTION ( 'NONE',  ( 0.7071067811865475727, 0.000000000000000000, -0.7071067811865475727 ) ) ;
#5991 = DIRECTION ( 'NONE',  ( 0.000000000000000000, -1.000000000000000000, 0.000000000000000000 ) ) ;
#5992 = EDGE_CURVE ( 'NONE', #5711, #214, #5298, .T. ) ;
#5993 = VERTEX_POINT ( 'NONE', #5962 ) ;
#5994 = AXIS2_PLACEMENT_3D ( 'NONE', #3243, #3755, #3271 ) ;
#5995 = CYLINDRICAL_SURFACE ( 'NONE', #970, 1.999999999999992895 ) ;
#5996 = CARTESIAN_POINT ( 'NONE',  ( 166.6405889500909723, 65.75242722329147682, -115.0320299457089988 ) ) ;
#5997 = CARTESIAN_POINT ( 'NONE',  ( -98.40990257669999153, 123.0000000000000000, -183.2627163190999795 ) ) ;
#5998 = CIRCLE ( 'NONE', #500, 1.200000000000001732 ) ;
#5999 = CARTESIAN_POINT ( 'NONE',  ( -98.40990257669999153, 123.0000000000000000, -183.2627163190999795 ) ) ;
#6000 = VERTEX_POINT ( 'NONE', #2191 ) ;
#6001 = DIRECTION ( 'NONE',  ( -0.7071067811865474617, 1.894780628694123563E-14, -0.7071067811865474617 ) ) ;
#6002 = CARTESIAN_POINT ( 'NONE',  ( 168.0650385347090321, 110.7524272232914768, -113.6075803610909958 ) ) ;
#6003 = CIRCLE ( 'NONE', #2476, 2.000000000000001776 ) ;
#6004 = DIRECTION ( 'NONE',  ( -0.7071067811864953923, 0.000000000000000000, 0.7071067811865995312 ) ) ;
#6005 = ORIENTED_EDGE ( 'NONE', *, *, #4705, .T. ) ;
#6006 = EDGE_LOOP ( 'NONE', ( #5736, #4810, #3806, #2671 ) ) ;
#6007 = DIRECTION ( 'NONE',  ( -0.7071067811864953923, 0.000000000000000000, 0.7071067811865995312 ) ) ;
#6008 = DIRECTION ( 'NONE',  ( -0.7071067811865474617, 0.000000000000000000, 0.7071067811865474617 ) ) ;
#6009 = EDGE_CURVE ( 'NONE', #71, #3198, #5509, .T. ) ;
#6010 = CYLINDRICAL_SURFACE ( 'NONE', #2646, 1.199999999999999734 ) ;
#6011 = DIRECTION ( 'NONE',  ( 0.000000000000000000, 0.000000000000000000, -1.000000000000000000 ) ) ;
#6012 = EDGE_LOOP ( 'NONE', ( #6033, #324 ) ) ;
#6013 = ORIENTED_EDGE ( 'NONE', *, *, #2156, .T. ) ;
#6014 = FACE_BOUND ( 'NONE', #607, .T. ) ;
#6015 = CARTESIAN_POINT ( 'NONE',  ( -168.7670273047729950, 67.50000000000000000, -112.9055915910270045 ) ) ;
#6016 = ORIENTED_EDGE ( 'NONE', *, *, #5049, .T. ) ;
#6017 = ADVANCED_FACE ( 'NONE', ( #2247 ), #4123, .T. ) ;
#6018 = DIRECTION ( 'NONE',  ( -1.000000000000000000, 0.000000000000000000, 0.000000000000000000 ) ) ;
#6019 = ADVANCED_FACE ( 'NONE', ( #1284 ), #769, .F. ) ;
#6020 = ORIENTED_EDGE ( 'NONE', *, *, #3628, .F. ) ;
#6021 = EDGE_CURVE ( 'NONE', #1766, #3641, #245, .T. ) ;
#6022 = CARTESIAN_POINT ( 'NONE',  ( -169.4741340859000047, 88.00000000000000000, -112.1984848097999929 ) ) ;
#6023 = CARTESIAN_POINT ( 'NONE',  ( 168.5885343034276502, 66.49276203925819573, -113.0840845923724771 ) ) ;
#6024 = ADVANCED_FACE ( 'NONE', ( #4066 ), #4528, .F. ) ;
#6025 = LINE ( 'NONE', #3345, #4210 ) ;
#6026 = CARTESIAN_POINT ( 'NONE',  ( -165.2263753876909504, 46.74757277670850897, -113.6178163833090338 ) ) ;
#6027 = AXIS2_PLACEMENT_3D ( 'NONE', #2199, #4105, #5972 ) ;
#6028 = CARTESIAN_POINT ( 'NONE',  ( 167.3528137423732005, 90.26179938779914380, -111.4913780286270395 ) ) ;
#6029 = FACE_OUTER_BOUND ( 'NONE', #3742, .T. ) ;
#6030 = AXIS2_PLACEMENT_3D ( 'NONE', #6056, #5655, #5144 ) ;
#6031 = DIRECTION ( 'NONE',  ( 0.000000000000000000, -1.000000000000000000, 0.000000000000000000 ) ) ;
#6032 = ORIENTED_EDGE ( 'NONE', *, *, #1319, .T. ) ;
#6033 = ORIENTED_EDGE ( 'NONE', *, *, #5199, .F. ) ;
#6034 = FACE_BOUND ( 'NONE', #4375, .T. ) ;
#6035 = LINE ( 'NONE', #4228, #2012 ) ;
#6036 = AXIS2_PLACEMENT_3D ( 'NONE', #1419, #5186, #3706 ) ;
#6037 = DIRECTION ( 'NONE',  ( 0.7071067811864976127, 0.000000000000000000, 0.7071067811865975328 ) ) ;
#6038 = AXIS2_PLACEMENT_3D ( 'NONE', #3099, #1299, #3187 ) ;
#6039 = CARTESIAN_POINT ( 'NONE',  ( 165.2314933988000121, 67.50000000000000000, -116.4411254970000016 ) ) ;
#6040 = VERTEX_POINT ( 'NONE', #5934 ) ;
#6041 = AXIS2_PLACEMENT_3D ( 'NONE', #1323, #3639, #1387 ) ;
#6042 = ORIENTED_EDGE ( 'NONE', *, *, #4607, .T. ) ;
#6043 = CIRCLE ( 'NONE', #1427, 2.999999999999999112 ) ;
#6044 = CARTESIAN_POINT ( 'NONE',  ( 20.00000000000000000, 92.48305456232999688, -199.1726188958000137 ) ) ;
#6045 = EDGE_CURVE ( 'NONE', #3494, #294, #3538, .T. ) ;
#6046 = CARTESIAN_POINT ( 'NONE',  ( -165.2263753876909504, 91.74757277670852318, -113.6178163833090338 ) ) ;
#6047 = VERTEX_POINT ( 'NONE', #3599 ) ;
#6048 = CARTESIAN_POINT ( 'NONE',  ( -156.3926586340000142, 50.00000000000000000, -125.2799602618000279 ) ) ;
#6049 = CARTESIAN_POINT ( 'NONE',  ( 167.8242182631730941, 44.99999999999999289, -111.9627825494269047 ) ) ;
#6050 = EDGE_LOOP ( 'NONE', ( #2327, #3220, #1939, #3642, #581 ) ) ;
#6051 = EDGE_CURVE ( 'NONE', #4433, #5505, #4701, .T. ) ;
#6052 = ADVANCED_FACE ( 'NONE', ( #2159 ), #4033, .F. ) ;
#6053 = CARTESIAN_POINT ( 'NONE',  ( 169.4741340859000047, 112.6250000000000000, -112.1984848097999929 ) ) ;
#6054 = DIRECTION ( 'NONE',  ( 0.7071067811865474617, 0.000000000000000000, -0.7071067811865474617 ) ) ;
#6055 = CIRCLE ( 'NONE', #3410, 1.875000000000001776 ) ;
#6056 = CARTESIAN_POINT ( 'NONE',  ( -169.4741340859000047, 22.50000000000000000, -112.1984848097999929 ) ) ;
#6057 = FACE_OUTER_BOUND ( 'NONE', #4057, .T. ) ;
#6058 = EDGE_CURVE ( 'NONE', #5993, #637, #160, .T. ) ;
#6059 = CARTESIAN_POINT ( 'NONE',  ( -165.7534800575766951, 47.00000000000000711, -113.0907117134232607 ) ) ;
#6060 = EDGE_CURVE ( 'NONE', #2626, #5420, #4286, .T. ) ;
#6061 = VERTEX_POINT ( 'NONE', #2303 ) ;
#6062 = CARTESIAN_POINT ( 'NONE',  ( 60.00000000000000000, 123.0000000000000000, -199.1726188958000137 ) ) ;
#6063 = DIRECTION ( 'NONE',  ( 0.7071067811865475727, 1.004859173557473481E-14, -0.7071067811865475727 ) ) ;
#6064 = CARTESIAN_POINT ( 'NONE',  ( 167.5379338648232590, 42.99999999999998579, -114.1346850309767404 ) ) ;
#6065 = ORIENTED_EDGE ( 'NONE', *, *, #3132, .F. ) ;
#6066 = EDGE_LOOP ( 'NONE', ( #1403, #3043 ) ) ;
#6067 = FACE_BOUND ( 'NONE', #1486, .T. ) ;
#6068 = CARTESIAN_POINT ( 'NONE',  ( 96.64213562372999888, 123.0000000000000000, -185.0304832719999979 ) ) ;
#6069 = AXIS2_PLACEMENT_3D ( 'NONE', #5053, #3201, #3627 ) ;
#6070 = CARTESIAN_POINT ( 'NONE',  ( 166.3087675879833682, 46.94794535333664243, -112.5354241830166586 ) ) ;
#6071 = DIRECTION ( 'NONE',  ( 0.000000000000000000, 1.000000000000000000, 0.000000000000000000 ) ) ;
#6072 = EDGE_LOOP ( 'NONE', ( #419, #1043 ) ) ;
#6073 = AXIS2_PLACEMENT_3D ( 'NONE', #1459, #1810, #862 ) ;
#6074 = ORIENTED_EDGE ( 'NONE', *, *, #3169, .T. ) ;
#6075 = DIRECTION ( 'NONE',  ( 0.7071067811865475727, 0.000000000000000000, -0.7071067811865475727 ) ) ;
#6076 = CARTESIAN_POINT ( 'NONE',  ( -164.5243866176268455, 90.26179938779914380, -114.3198051533730251 ) ) ;
#6077 = ORIENTED_EDGE ( 'NONE', *, *, #4293, .T. ) ;
#6078 = DIRECTION ( 'NONE',  ( 0.7071067811865477948, -0.000000000000000000, -0.7071067811865473507 ) ) ;
#6079 = VERTEX_POINT ( 'NONE', #1835 ) ;
#6080 = DIRECTION ( 'NONE',  ( -0.7071067811865474617, 0.000000000000000000, 0.7071067811865474617 ) ) ;
#6081 = CARTESIAN_POINT ( 'NONE',  ( 169.4741340859000047, 114.5000000000000000, -112.1984848097999929 ) ) ;
#6082 = DIRECTION ( 'NONE',  ( -0.7071067811865475727, 0.000000000000000000, 0.7071067811865475727 ) ) ;
#6083 = EDGE_CURVE ( 'NONE', #1405, #1905, #1038, .T. ) ;
#6084 = AXIS2_PLACEMENT_3D ( 'NONE', #518, #5631, #2314 ) ;
ENDSEC;
END-ISO-10303-21;
