ISO-10303-21;
HEADER;
FILE_DESCRIPTION (( 'STEP AP214' ),
    '1' );
FILE_NAME ('Íâ¿Ç1-ÏÂ¸Ä.STEP',
    '2023-12-12T14:02:10',
    ( '' ),
    ( '' ),
    'SwSTEP 2.0',
    'SolidWorks 2023',
    '' );
FILE_SCHEMA (( 'AUTOMOTIVE_DESIGN' ));
ENDSEC;

DATA;
#1 = ORIENTED_EDGE ( 'NONE', *, *, #2463, .T. ) ;
#2 = DIRECTION ( 'NONE',  ( 1.000000000000000000, 0.000000000000000000, 0.000000000000000000 ) ) ;
#3 = AXIS2_PLACEMENT_3D ( 'NONE', #2112, #3511, #1807 ) ;
#4 = EDGE_CURVE ( 'NONE', #1623, #919, #2874, .T. ) ;
#5 = CARTESIAN_POINT ( 'NONE',  ( 178.6665222414000027, 90.00000000000000000, -100.1776695296999975 ) ) ;
#6 = ORIENTED_EDGE ( 'NONE', *, *, #2260, .T. ) ;
#7 = DIRECTION ( 'NONE',  ( 1.000000000000000000, 0.000000000000000000, 0.000000000000000000 ) ) ;
#8 = DIRECTION ( 'NONE',  ( -1.000000000000000000, 0.000000000000000000, 0.000000000000000000 ) ) ;
#9 = CARTESIAN_POINT ( 'NONE',  ( 177.2523086790070010, 22.50000000000000000, 101.5918830920429912 ) ) ;
#10 = CARTESIAN_POINT ( 'NONE',  ( 180.0807358037505139, 112.5000000000000000, -98.76345596729450449 ) ) ;
#11 = AXIS2_PLACEMENT_3D ( 'NONE', #3179, #2034, #1175 ) ;
#12 = DIRECTION ( 'NONE',  ( -0.7071067811865474617, 0.000000000000000000, 0.7071067811865474617 ) ) ;
#13 = DIRECTION ( 'NONE',  ( -0.7071067811865476838, -0.000000000000000000, 0.7071067811865474617 ) ) ;
#14 = VERTEX_POINT ( 'NONE', #3187 ) ;
#15 = VERTEX_POINT ( 'NONE', #2642 ) ;
#16 = DIRECTION ( 'NONE',  ( -0.7071067811864976127, 0.000000000000000000, 0.7071067811865975328 ) ) ;
#17 = CARTESIAN_POINT ( 'NONE',  ( 180.0807358037000085, 45.00000000000000000, 101.5918830920000033 ) ) ;
#18 = ORIENTED_EDGE ( 'NONE', *, *, #2528, .T. ) ;
#19 = CYLINDRICAL_SURFACE ( 'NONE', #3210, 1.999999999999992895 ) ;
#20 = B_SPLINE_CURVE_WITH_KNOTS ( 'NONE', 3,
 ( #82, #1988, #1178, #29, #3082, #587, #844, #2292, #1699, #3415, #1953, #643, #1473, #2812, #2588, #100, #324, #691 ),
 .UNSPECIFIED., .F., .F.,
 ( 4, 2, 2, 2, 2, 2, 2, 2, 4 ),
 ( -1.000000000000000000, -0.8750000000000000000, -0.7500000000000000000, -0.6250000000000000000, -0.5000000000000000000, -0.3750000000000000000, -0.2500000000000000000, -0.1250000000000000000, -0.000000000000000000 ),
 .UNSPECIFIED. ) ;
#21 = DIRECTION ( 'NONE',  ( -0.000000000000000000, 1.000000000000000000, 0.000000000000000000 ) ) ;
#22 =( NAMED_UNIT ( * ) PLANE_ANGLE_UNIT ( ) SI_UNIT ( $, .RADIAN. ) );
#23 = EDGE_LOOP ( 'NONE', ( #1670, #1867, #3400, #31 ) ) ;
#24 = EDGE_CURVE ( 'NONE', #2649, #3578, #2777, .T. ) ;
#25 = CARTESIAN_POINT ( 'NONE',  ( 181.2116354976046750, 43.77090656005017877, -100.4609833980954932 ) ) ;
#26 = DIRECTION ( 'NONE',  ( 0.7071067811865475727, 0.000000000000000000, 0.7071067811865475727 ) ) ;
#27 = CIRCLE ( 'NONE', #432, 2.500000000000002220 ) ;
#28 = LINE ( 'NONE', #3302, #1293 ) ;
#29 = CARTESIAN_POINT ( 'NONE',  ( 177.4308016803773000, 88.99276203925819573, 101.4133900907225154 ) ) ;
#30 = CARTESIAN_POINT ( 'NONE',  ( 178.6665222413318475, 22.76179938779916156, -103.0060966543680223 ) ) ;
#31 = ORIENTED_EDGE ( 'NONE', *, *, #2511, .T. ) ;
#32 = VERTEX_POINT ( 'NONE', #628 ) ;
#33 = DIRECTION ( 'NONE',  ( 0.7071067811865996422, 0.000000000000000000, -0.7071067811864955033 ) ) ;
#34 = FACE_OUTER_BOUND ( 'NONE', #1156, .T. ) ;
#35 = FACE_BOUND ( 'NONE', #1196, .T. ) ;
#36 = CARTESIAN_POINT ( 'NONE',  ( 180.0807358037782251, 22.76179938779915091, 98.76345596732198828 ) ) ;
#37 = CARTESIAN_POINT ( 'NONE',  ( 177.5356225475053407, 66.27090656005016456, 101.3085692235945316 ) ) ;
#38 = ORIENTED_EDGE ( 'NONE', *, *, #376, .T. ) ;
#39 = CIRCLE ( 'NONE', #1363, 2.000000000000002665 ) ;
#40 = EDGE_LOOP ( 'NONE', ( #1167, #426 ) ) ;
#41 = EDGE_CURVE ( 'NONE', #3600, #1778, #526, .T. ) ;
#42 = DIRECTION ( 'NONE',  ( 0.7071067811864976127, 1.004219932346347311E-27, 0.7071067811865975328 ) ) ;
#43 = EDGE_CURVE ( 'NONE', #590, #1575, #3419, .T. ) ;
#44 = DIRECTION ( 'NONE',  ( 0.7071067811865475727, 0.000000000000000000, -0.7071067811865475727 ) ) ;
#45 = EDGE_CURVE ( 'NONE', #2313, #3499, #2565, .T. ) ;
#46 = DIRECTION ( 'NONE',  ( 0.7071067811865996422, 0.000000000000000000, 0.7071067811864955033 ) ) ;
#47 = FACE_OUTER_BOUND ( 'NONE', #254, .T. ) ;
#48 = CARTESIAN_POINT ( 'NONE',  ( 181.4949493661030147, 45.00000000000000000, -100.1776695296469910 ) ) ;
#49 = ORIENTED_EDGE ( 'NONE', *, *, #3313, .F. ) ;
#50 = VERTEX_POINT ( 'NONE', #2110 ) ;
#51 = CARTESIAN_POINT ( 'NONE',  ( 180.7929605960140407, 46.74757277670850897, 100.8796582996859996 ) ) ;
#52 = CARTESIAN_POINT ( 'NONE',  ( 180.0807358037782251, 67.23820061220087041, -98.76345596732198828 ) ) ;
#53 = FACE_OUTER_BOUND ( 'NONE', #1217, .T. ) ;
#54 = CARTESIAN_POINT ( 'NONE',  ( 179.3685110113959524, 65.75242722329149103, 102.3041078843040026 ) ) ;
#55 = CARTESIAN_POINT ( 'NONE',  ( 180.0807358037781967, 67.23820061220087041, 98.76345596732200249 ) ) ;
#56 = ORIENTED_EDGE ( 'NONE', *, *, #1539, .F. ) ;
#57 = VECTOR ( 'NONE', #2044, 1000.000000000000000 ) ;
#58 = CARTESIAN_POINT ( 'NONE',  ( 180.0807358037000085, 67.50000000000000000, -101.5918830920000033 ) ) ;
#59 = DIRECTION ( 'NONE',  ( 0.7071067811865475727, -0.000000000000000000, -0.7071067811865475727 ) ) ;
#60 = PLANE ( 'NONE',  #2175 ) ;
#61 = ADVANCED_FACE ( 'NONE', ( #1269 ), #1601, .F. ) ;
#62 = CIRCLE ( 'NONE', #2612, 2.000000000000002665 ) ;
#63 = CARTESIAN_POINT ( 'NONE',  ( 178.6665222413570007, 90.00000000000000000, -103.0060966543930050 ) ) ;
#64 = CARTESIAN_POINT ( 'NONE',  ( 199.1726188958000137, 113.0000000000000000, -53.00000000000000000 ) ) ;
#65 = CARTESIAN_POINT ( 'NONE',  ( 180.9498361098054886, 24.09933368479635973, -100.7227827858946370 ) ) ;
#66 = EDGE_LOOP ( 'NONE', ( #2204, #3052, #2223, #1059 ) ) ;
#67 = EDGE_CURVE ( 'NONE', #3232, #2518, #2438, .T. ) ;
#68 = ORIENTED_EDGE ( 'NONE', *, *, #1589, .T. ) ;
#69 = PRESENTATION_LAYER_ASSIGNMENT (  '', '', ( #1985 ) ) ;
#70 = VECTOR ( 'NONE', #2048, 1000.000000000000000 ) ;
#71 = DIRECTION ( 'NONE',  ( 0.7071067811865475727, -0.000000000000000000, 0.7071067811865475727 ) ) ;
#72 = DIRECTION ( 'NONE',  ( 0.7071067811865996422, 0.000000000000000000, 0.7071067811864955033 ) ) ;
#73 = FACE_OUTER_BOUND ( 'NONE', #2882, .T. ) ;
#74 = DIRECTION ( 'NONE',  ( -0.7071067811865475727, 0.000000000000000000, 0.7071067811865475727 ) ) ;
#75 = CARTESIAN_POINT ( 'NONE',  ( 180.2658559261283244, 110.5000000000000000, 101.4067629695717585 ) ) ;
#76 = ORIENTED_EDGE ( 'NONE', *, *, #1205, .T. ) ;
#77 = CARTESIAN_POINT ( 'NONE',  ( 180.0807358037505139, 112.5000000000000000, 98.76345596729450449 ) ) ;
#78 = DIRECTION ( 'NONE',  ( 0.000000000000000000, 1.000000000000000000, 0.000000000000000000 ) ) ;
#79 = VECTOR ( 'NONE', #1389, 1000.000000000000000 ) ;
#80 = B_SPLINE_CURVE_WITH_KNOTS ( 'NONE', 3,
 ( #2945, #1333, #1558, #976, #3254, #2928, #1029, #1886, #2720, #2429, #721, #181, #1280, #451, #2670, #3216, #2103, #1537 ),
 .UNSPECIFIED., .F., .F.,
 ( 4, 2, 2, 2, 2, 2, 2, 2, 4 ),
 ( -1.000000000000000000, -0.8750000000000000000, -0.7500000000000000000, -0.6250000000000000000, -0.5000000000000000000, -0.3750000000000000000, -0.2500000000000000000, -0.1250000000000000000, -0.000000000000000000 ),
 .UNSPECIFIED. ) ;
#81 = CARTESIAN_POINT ( 'NONE',  ( 179.8956156812817255, 20.49999999999999645, 101.7770032144182579 ) ) ;
#82 = CARTESIAN_POINT ( 'NONE',  ( 177.2523086790070010, 90.00000000000000000, 101.5918830920429912 ) ) ;
#83 = CARTESIAN_POINT ( 'NONE',  ( 180.7929605960140691, 46.74757277670851607, -100.8796582996859996 ) ) ;
#84 = EDGE_LOOP ( 'NONE', ( #3110, #1884, #751, #3288 ) ) ;
#85 = EDGE_LOOP ( 'NONE', ( #1784, #1054, #2944, #3250 ) ) ;
#86 = EDGE_CURVE ( 'NONE', #2067, #1892, #363, .T. ) ;
#87 = DIRECTION ( 'NONE',  ( 0.7071067811864976127, 0.000000000000000000, 0.7071067811865975328 ) ) ;
#88 = DIRECTION ( 'NONE',  ( 0.000000000000000000, 0.000000000000000000, -1.000000000000000000 ) ) ;
#89 = LINE ( 'NONE', #666, #57 ) ;
#90 = EDGE_CURVE ( 'NONE', #1296, #2427, #2093, .T. ) ;
#91 = DIRECTION ( 'NONE',  ( 0.000000000000000000, 0.000000000000000000, -1.000000000000000000 ) ) ;
#92 = CARTESIAN_POINT ( 'NONE',  ( 178.9498361098053749, 111.2709065600501788, 102.7227827858945233 ) ) ;
#93 = EDGE_CURVE ( 'NONE', #2606, #3524, #2913, .T. ) ;
#94 = EDGE_LOOP ( 'NONE', ( #2108, #1180, #872, #371, #2822, #1872, #2100, #3031 ) ) ;
#95 = FACE_OUTER_BOUND ( 'NONE', #2443, .T. ) ;
#96 = CARTESIAN_POINT ( 'NONE',  ( 180.0807358037000085, 22.50000000000000000, 101.5918830920000033 ) ) ;
#97 = SHELL_BASED_SURFACE_MODEL ( 'NONE', ( #2195, #1734, #804, #824, #454, #2390, #186, #3606, #632, #1111, #1379 ) );
#98 = AXIS2_PLACEMENT_3D ( 'NONE', #3376, #1487, #1176 ) ;
#99 = CARTESIAN_POINT ( 'NONE',  ( 179.2116354976045614, 20.90066631520364027, 102.4609833980953653 ) ) ;
#100 = CARTESIAN_POINT ( 'NONE',  ( 180.0439276101303108, 89.47650423128146713, 98.80026416096991682 ) ) ;
#101 = CARTESIAN_POINT ( 'NONE',  ( 180.9498361098054886, 46.59933368479635618, -100.7227827858946370 ) ) ;
#102 = ORIENTED_EDGE ( 'NONE', *, *, #1666, .F. ) ;
#103 = ORIENTED_EDGE ( 'NONE', *, *, #2193, .F. ) ;
#104 = ORIENTED_EDGE ( 'NONE', *, *, #3390, .F. ) ;
#105 = CARTESIAN_POINT ( 'NONE',  ( 180.2658559261283244, 87.99999999999998579, -101.4067629695717585 ) ) ;
#106 = CARTESIAN_POINT ( 'NONE',  ( 178.2963548334216171, 65.55205464666337889, -100.5478369376783832 ) ) ;
#107 = CARTESIAN_POINT ( 'NONE',  ( 178.6665222414000027, 67.50000000000000000, 103.0060966543999967 ) ) ;
#108 = EDGE_CURVE ( 'NONE', #3499, #2423, #1004, .T. ) ;
#109 = ADVANCED_FACE ( 'NONE', ( #1875 ), #3509, .F. ) ;
#110 = DIRECTION ( 'NONE',  ( 1.000000000000000000, 0.000000000000000000, 0.000000000000000000 ) ) ;
#111 = ORIENTED_EDGE ( 'NONE', *, *, #2301, .F. ) ;
#112 = CARTESIAN_POINT ( 'NONE',  ( 185.4839077073501414, 125.5000000000048601, 81.36028406370979837 ) ) ;
#113 = AXIS2_PLACEMENT_3D ( 'NONE', #994, #1241, #2373 ) ;
#114 = CARTESIAN_POINT ( 'NONE',  ( 183.2627163190999795, 12.00000000000000000, 98.40990257669999153 ) ) ;
#115 = AXIS2_PLACEMENT_3D ( 'NONE', #2610, #123, #2888 ) ;
#116 = CARTESIAN_POINT ( 'NONE',  ( 177.9542974490959466, 114.2475727767085090, 100.8898943220040110 ) ) ;
#117 = CYLINDRICAL_SURFACE ( 'NONE', #416, 2.500000000000010658 ) ;
#118 = CARTESIAN_POINT ( 'NONE',  ( 178.7033304349797334, 66.97650423128145292, -102.9692884607200796 ) ) ;
#119 = ORIENTED_EDGE ( 'NONE', *, *, #219, .F. ) ;
#120 = EDGE_LOOP ( 'NONE', ( #812, #2921 ) ) ;
#121 = SURFACE_SIDE_STYLE ('',( #696 ) ) ;
#122 = CARTESIAN_POINT ( 'NONE',  ( 199.1726188958000137, 119.0000000000000000, -20.00000000000000000 ) ) ;
#123 = DIRECTION ( 'NONE',  ( 1.000000000000000000, 0.000000000000000000, 0.000000000000000000 ) ) ;
#124 = FACE_OUTER_BOUND ( 'NONE', #1233, .T. ) ;
#125 = CARTESIAN_POINT ( 'NONE',  ( 173.0096679918999882, 135.0000000000000000, -105.8345237791999978 ) ) ;
#126 = AXIS2_PLACEMENT_3D ( 'NONE', #963, #3237, #747 ) ;
#127 = CIRCLE ( 'NONE', #2674, 2.000000000000002665 ) ;
#128 = ORIENTED_EDGE ( 'NONE', *, *, #67, .T. ) ;
#129 = VECTOR ( 'NONE', #816, 1000.000000000000114 ) ;
#130 = PRODUCT_DEFINITION ( 'æœ', '', #2385, #1042 ) ;
#131 = CARTESIAN_POINT ( 'NONE',  ( 180.0807358037505139, 112.5000000000000000, -98.76345596729450449 ) ) ;
#132 = CARTESIAN_POINT ( 'NONE',  ( 178.6665222413570007, 67.50000000000000000, -103.0060966543930050 ) ) ;
#133 = CARTESIAN_POINT ( 'NONE',  ( 178.2963548334216171, 69.44794535333664953, 100.5478369376783832 ) ) ;
#134 = FACE_OUTER_BOUND ( 'NONE', #3239, .T. ) ;
#135 = ORIENTED_EDGE ( 'NONE', *, *, #729, .F. ) ;
#136 = ORIENTED_EDGE ( 'NONE', *, *, #1063, .F. ) ;
#137 = DIRECTION ( 'NONE',  ( 0.000000000000000000, 1.000000000000000000, 0.000000000000000000 ) ) ;
#138 = DIRECTION ( 'NONE',  ( 0.7071067811865996422, 0.000000000000000000, 0.7071067811864955033 ) ) ;
#139 = DIRECTION ( 'NONE',  ( 0.7071067811865975328, 0.000000000000000000, 0.7071067811864976127 ) ) ;
#140 = FACE_OUTER_BOUND ( 'NONE', #2519, .T. ) ;
#141 = CARTESIAN_POINT ( 'NONE',  ( 180.0807358037000085, 12.00000000000000000, 98.76345596729001386 ) ) ;
#142 = CIRCLE ( 'NONE', #779, 2.000000000000002665 ) ;
#143 = LINE ( 'NONE', #2081, #2719 ) ;
#144 = VERTEX_POINT ( 'NONE', #984 ) ;
#145 = B_SPLINE_CURVE_WITH_KNOTS ( 'NONE', 3,
 ( #406, #1819, #657, #1247, #2933, #439, #1510, #2379, #2361, #1283, #133, #1543, #1489, #3149, #2653, #166, #2329, #949 ),
 .UNSPECIFIED., .F., .F.,
 ( 4, 2, 2, 2, 2, 2, 2, 2, 4 ),
 ( -1.000000000000000000, -0.8750000000000000000, -0.7500000000000000000, -0.6250000000000000000, -0.5000000000000000000, -0.3750000000000000000, -0.2500000000000000000, -0.1250000000000000000, -0.000000000000000000 ),
 .UNSPECIFIED. ) ;
#146 = CARTESIAN_POINT ( 'NONE',  ( 199.1726188958000137, 119.0000000000000000, -8.000000000000000000 ) ) ;
#147 = EDGE_CURVE ( 'NONE', #2054, #573, #850, .T. ) ;
#148 = DIRECTION ( 'NONE',  ( 0.7071067811865475727, -0.000000000000000000, 0.7071067811865475727 ) ) ;
#149 = CARTESIAN_POINT ( 'NONE',  ( 181.4949493661000020, 112.5000000000000000, 100.1776695296999975 ) ) ;
#150 = DIRECTION ( 'NONE',  ( -0.7071067811865475727, 0.000000000000000000, 0.7071067811865475727 ) ) ;
#151 = AXIS2_PLACEMENT_3D ( 'NONE', #2016, #1434, #1192 ) ;
#152 = ORIENTED_EDGE ( 'NONE', *, *, #860, .F. ) ;
#153 = VERTEX_POINT ( 'NONE', #3005 ) ;
#154 = EDGE_CURVE ( 'NONE', #3578, #3567, #2975, .T. ) ;
#155 = DIRECTION ( 'NONE',  ( -0.7071067811864976127, 0.000000000000000000, -0.7071067811865975328 ) ) ;
#156 = CARTESIAN_POINT ( 'NONE',  ( 183.3625873637904817, 125.5000000000048601, 83.48160440726944387 ) ) ;
#157 = CARTESIAN_POINT ( 'NONE',  ( 178.2963548334216455, 24.44794535333663887, -100.5478369376783405 ) ) ;
#158 = B_SPLINE_CURVE_WITH_KNOTS ( 'NONE', 3,
 ( #1488, #1419, #2846, #1213, #3379, #3397, #2037, #1765, #339, #1437, #1472, #116, #2533, #1987, #1457, #898, #933, #2291 ),
 .UNSPECIFIED., .F., .F.,
 ( 4, 2, 2, 2, 2, 2, 2, 2, 4 ),
 ( -1.000000000000000000, -0.8750000000000000000, -0.7500000000000000000, -0.6250000000000000000, -0.5000000000000000000, -0.3750000000000000000, -0.2500000000000000000, -0.1250000000000000000, -0.000000000000000000 ),
 .UNSPECIFIED. ) ;
#159 = FACE_BOUND ( 'NONE', #2584, .T. ) ;
#160 = CARTESIAN_POINT ( 'NONE',  ( 197.1726188958000137, 123.0000000000000000, 60.00000000000000000 ) ) ;
#161 = VECTOR ( 'NONE', #321, 1000.000000000000000 ) ;
#162 = ORIENTED_EDGE ( 'NONE', *, *, #3605, .F. ) ;
#163 = CARTESIAN_POINT ( 'NONE',  ( 180.0807358037505139, 90.00000000000000000, -98.76345596729450449 ) ) ;
#164 = CARTESIAN_POINT ( 'NONE',  ( 181.3164563647326872, 23.50723796074179717, 100.3561625309675094 ) ) ;
#165 = DIRECTION ( 'NONE',  ( -0.7071067811864976127, 0.000000000000000000, -0.7071067811865975328 ) ) ;
#166 = CARTESIAN_POINT ( 'NONE',  ( 177.2891168726797844, 68.02349576871854708, 101.5550748984200879 ) ) ;
#167 = VECTOR ( 'NONE', #1079, 1000.000000000000000 ) ;
#168 = CARTESIAN_POINT ( 'NONE',  ( 180.0807358037505139, 45.00000000000000000, -98.76345596729450449 ) ) ;
#169 = AXIS2_PLACEMENT_3D ( 'NONE', #1786, #2887, #88 ) ;
#170 = EDGE_LOOP ( 'NONE', ( #471, #1665, #381, #1793 ) ) ;
#171 = ORIENTED_EDGE ( 'NONE', *, *, #2726, .F. ) ;
#172 = DIRECTION ( 'NONE',  ( 0.000000000000000000, 0.000000000000000000, 1.000000000000000000 ) ) ;
#173 = CARTESIAN_POINT ( 'NONE',  ( 180.0807358037000085, 22.50000000000000000, -101.5918830920000033 ) ) ;
#174 = CARTESIAN_POINT ( 'NONE',  ( 191.0695241448608499, 9.500000000000063949, -87.77466762618917073 ) ) ;
#175 = CARTESIAN_POINT ( 'NONE',  ( 174.4238815543000101, 0.000000000000000000, 107.2487373414999894 ) ) ;
#176 = EDGE_CURVE ( 'NONE', #2259, #2969, #1492, .T. ) ;
#177 = VECTOR ( 'NONE', #765, 1000.000000000000000 ) ;
#178 = CARTESIAN_POINT ( 'NONE',  ( 181.4581411724303166, 111.9765042312814245, -100.2144777232699226 ) ) ;
#179 = CARTESIAN_POINT ( 'NONE',  ( 178.2963548334216171, 91.94794535333662111, 100.5478369376783832 ) ) ;
#180 = ORIENTED_EDGE ( 'NONE', *, *, #294, .T. ) ;
#181 = CARTESIAN_POINT ( 'NONE',  ( 179.3685110113959524, 43.25242722329147682, 102.3041078843040026 ) ) ;
#182 = CIRCLE ( 'NONE', #2269, 3.000000000000028866 ) ;
#183 = FACE_OUTER_BOUND ( 'NONE', #2349, .T. ) ;
#184 = CARTESIAN_POINT ( 'NONE',  ( 178.6665222414000027, 67.50000000000000000, 100.1776695296999975 ) ) ;
#185 = CARTESIAN_POINT ( 'NONE',  ( 177.2523086790318416, 89.73820061220084199, -101.5918830920680023 ) ) ;
#186 = OPEN_SHELL ( 'NONE', ( #61, #421 ) ) ;
#187 = CARTESIAN_POINT ( 'NONE',  ( 178.9498361098053465, 66.27090656005019298, -102.7227827858945233 ) ) ;
#188 = VERTEX_POINT ( 'NONE', #245 ) ;
#189 = B_SPLINE_CURVE_WITH_KNOTS ( 'NONE', 3,
 ( #570, #607, #307, #2553 ),
 .UNSPECIFIED., .F., .F.,
 ( 4, 4 ),
 ( 0.000000000000000000, 1.000000000000000000 ),
 .UNSPECIFIED. ) ;
#190 = ORIENTED_EDGE ( 'NONE', *, *, #2253, .T. ) ;
#191 = CARTESIAN_POINT ( 'NONE',  ( 177.2523086790070010, 112.5000000000000000, -101.5918830920429912 ) ) ;
#192 = CARTESIAN_POINT ( 'NONE',  ( 180.0807358037000085, 90.00000000000000000, 98.76345596729001386 ) ) ;
#193 = VERTEX_POINT ( 'NONE', #9 ) ;
#194 = FACE_OUTER_BOUND ( 'NONE', #2763, .T. ) ;
#195 = CARTESIAN_POINT ( 'NONE',  ( 177.9542974490959750, 24.24757277670852318, -100.8898943220039968 ) ) ;
#196 = ADVANCED_FACE ( 'NONE', ( #553 ), #1110, .F. ) ;
#197 = CARTESIAN_POINT ( 'NONE',  ( 180.0807358037000085, 22.50000000000000000, -98.76345596729001386 ) ) ;
#198 = CARTESIAN_POINT ( 'NONE',  ( 178.8516423638283186, 20.49999999999999645, -99.99254940727176688 ) ) ;
#199 = VERTEX_POINT ( 'NONE', #2770 ) ;
#200 = AXIS2_PLACEMENT_3D ( 'NONE', #715, #2971, #3226 ) ;
#201 = COLOUR_RGB ( '',0.7921568627450980005, 0.8196078431372548767, 0.9333333333333333481 ) ;
#202 = EDGE_CURVE ( 'NONE', #3524, #2606, #700, .T. ) ;
#203 = CARTESIAN_POINT ( 'NONE',  ( 173.0096679918999882, 0.000000000000000000, 105.8345237791999978 ) ) ;
#204 = LINE ( 'NONE', #781, #177 ) ;
#205 = CARTESIAN_POINT ( 'NONE',  ( 181.4581411724302313, 68.02349576871857550, -100.2144777232699369 ) ) ;
#206 = CARTESIAN_POINT ( 'NONE',  ( 180.0807358037000085, 45.00000000000000000, 98.76345596729001386 ) ) ;
#207 = EDGE_LOOP ( 'NONE', ( #2383, #534 ) ) ;
#208 = ORIENTED_EDGE ( 'NONE', *, *, #1102, .F. ) ;
#209 = CARTESIAN_POINT ( 'NONE',  ( 180.0807358037000085, 112.5000000000000000, 101.5918830920000033 ) ) ;
#210 = CARTESIAN_POINT ( 'NONE',  ( 178.9498361098053465, 113.7290934399498354, 102.7227827858945233 ) ) ;
#211 = ORIENTED_EDGE ( 'NONE', *, *, #436, .F. ) ;
#212 = CARTESIAN_POINT ( 'NONE',  ( 183.2627163190999795, 123.0000000000000000, 98.40990257669999153 ) ) ;
#213 = CARTESIAN_POINT ( 'NONE',  ( 179.7974219353046408, 68.72909343994983544, -99.04676983579548732 ) ) ;
#214 = CARTESIAN_POINT ( 'NONE',  ( 179.9022428024326246, 91.00723796074179006, 98.94194896866747513 ) ) ;
#215 = EDGE_CURVE ( 'NONE', #3417, #2427, #3345, .T. ) ;
#216 = ORIENTED_EDGE ( 'NONE', *, *, #971, .F. ) ;
#217 = ADVANCED_FACE ( 'NONE', ( #3321 ), #3579, .F. ) ;
#218 = DIRECTION ( 'NONE',  ( 0.000000000000000000, 0.000000000000000000, 1.000000000000000000 ) ) ;
#219 = EDGE_CURVE ( 'NONE', #1279, #1371, #2199, .T. ) ;
#220 = CARTESIAN_POINT ( 'NONE',  ( 180.9498361098054602, 24.09933368479636684, 100.7227827858946370 ) ) ;
#221 = LINE ( 'NONE', #2234, #1190 ) ;
#222 = CARTESIAN_POINT ( 'NONE',  ( 199.1726188958000137, 0.000000000000000000, 70.00000000000000000 ) ) ;
#223 = ORIENTED_EDGE ( 'NONE', *, *, #3447, .F. ) ;
#224 = EDGE_LOOP ( 'NONE', ( #2884, #3444, #1393, #1174 ) ) ;
#225 = CARTESIAN_POINT ( 'NONE',  ( 177.5356225475053975, 111.2709065600501788, -101.3085692235945316 ) ) ;
#226 = FACE_BOUND ( 'NONE', #2025, .T. ) ;
#227 = VERTEX_POINT ( 'NONE', #535 ) ;
#228 = CARTESIAN_POINT ( 'NONE',  ( 199.1726188958000137, 123.0000000000000000, -57.50000000000000000 ) ) ;
#229 = AXIS2_PLACEMENT_3D ( 'NONE', #276, #504, #849 ) ;
#230 = CARTESIAN_POINT ( 'NONE',  ( 178.4814021189817481, 114.5000000000000142, -100.3627896521182521 ) ) ;
#231 = DIRECTION ( 'NONE',  ( 0.7071067811864976127, -1.004219932346347311E-27, 0.7071067811865975328 ) ) ;
#232 = VERTEX_POINT ( 'NONE', #1638 ) ;
#233 = FACE_BOUND ( 'NONE', #1319, .T. ) ;
#234 = FACE_OUTER_BOUND ( 'NONE', #2590, .T. ) ;
#235 = VECTOR ( 'NONE', #1893, 1000.000000000000000 ) ;
#236 = VECTOR ( 'NONE', #1301, 1000.000000000000000 ) ;
#237 = LINE ( 'NONE', #2449, #3217 ) ;
#238 = EDGE_CURVE ( 'NONE', #1056, #3243, #256, .T. ) ;
#239 = DIRECTION ( 'NONE',  ( -0.7071067811865475727, 0.000000000000000000, -0.7071067811865475727 ) ) ;
#240 = AXIS2_PLACEMENT_3D ( 'NONE', #2276, #2004, #1967 ) ;
#241 = DIRECTION ( 'NONE',  ( 0.000000000000000000, 1.000000000000000000, 0.000000000000000000 ) ) ;
#242 = AXIS2_PLACEMENT_3D ( 'NONE', #3209, #2078, #1569 ) ;
#243 = ORIENTED_EDGE ( 'NONE', *, *, #722, .F. ) ;
#244 = VERTEX_POINT ( 'NONE', #1719 ) ;
#245 = CARTESIAN_POINT ( 'NONE',  ( 178.6665222414000027, 67.50000000000000000, -103.0060966543999967 ) ) ;
#246 = CARTESIAN_POINT ( 'NONE',  ( 177.4308016803773000, 46.00723796074178296, 101.4133900907225296 ) ) ;
#247 = EDGE_LOOP ( 'NONE', ( #3178, #2875, #1430, #944 ) ) ;
#248 = CARTESIAN_POINT ( 'NONE',  ( 199.1726188958000137, 119.0000000000000000, -22.00000000000000000 ) ) ;
#249 = CARTESIAN_POINT ( 'NONE',  ( 177.2523086790070010, 90.00000000000000000, 101.5918830920429912 ) ) ;
#250 = PRODUCT ( '\X2\591658f3\X0\1-\X2\4e0b6539\X0\', '\X2\591658f3\X0\1-\X2\4e0b6539\X0\', '', ( #1673 ) ) ;
#251 = ORIENTED_EDGE ( 'NONE', *, *, #2139, .F. ) ;
#252 = ORIENTED_EDGE ( 'NONE', *, *, #2722, .F. ) ;
#253 = CARTESIAN_POINT ( 'NONE',  ( 177.9542974490959750, 43.25242722329148393, 100.8898943220039968 ) ) ;
#254 = EDGE_LOOP ( 'NONE', ( #1717, #3205, #3263, #2919 ) ) ;
#255 = CARTESIAN_POINT ( 'NONE',  ( 177.7974219353044703, 20.90066631520363671, 101.0467698357954021 ) ) ;
#256 = CIRCLE ( 'NONE', #2102, 3.000000000000028866 ) ;
#257 = CARTESIAN_POINT ( 'NONE',  ( 181.4949493660781741, 67.23820061220087041, 100.1776695296219941 ) ) ;
#258 = FACE_OUTER_BOUND ( 'NONE', #2575, .T. ) ;
#259 = CARTESIAN_POINT ( 'NONE',  ( 180.0807358037505139, 22.50000000000000000, -98.76345596729450449 ) ) ;
#260 = AXIS2_PLACEMENT_3D ( 'NONE', #537, #2237, #287 ) ;
#261 = EDGE_CURVE ( 'NONE', #919, #1414, #560, .T. ) ;
#262 = DIRECTION ( 'NONE',  ( 0.7071067811864976127, 1.004219932346347311E-27, 0.7071067811865975328 ) ) ;
#263 = ORIENTED_EDGE ( 'NONE', *, *, #3016, .F. ) ;
#264 = EDGE_CURVE ( 'NONE', #1564, #402, #866, .T. ) ;
#265 = VERTEX_POINT ( 'NONE', #574 ) ;
#266 = CARTESIAN_POINT ( 'NONE',  ( 190.3624173636761441, 9.500000000000063949, -91.31020153212381274 ) ) ;
#267 = CARTESIAN_POINT ( 'NONE',  ( 190.3624173636980856, 9.500000000000119016, 91.31020153210187118 ) ) ;
#268 = FACE_OUTER_BOUND ( 'NONE', #247, .T. ) ;
#269 = VERTEX_POINT ( 'NONE', #3032 ) ;
#270 = CARTESIAN_POINT ( 'NONE',  ( 180.7929605960140407, 69.24757277670853739, 100.8796582996859996 ) ) ;
#271 = CARTESIAN_POINT ( 'NONE',  ( 177.4308016803773000, 68.50723796074179006, -101.4133900907225154 ) ) ;
#272 = ORIENTED_EDGE ( 'NONE', *, *, #2123, .F. ) ;
#273 = EDGE_CURVE ( 'NONE', #1624, #1265, #1198, .T. ) ;
#274 = ORIENTED_EDGE ( 'NONE', *, *, #2551, .T. ) ;
#275 = CARTESIAN_POINT ( 'NONE',  ( 180.4509032116883702, 46.94794535333662822, 101.2217156840116843 ) ) ;
#276 = CARTESIAN_POINT ( 'NONE',  ( 180.0807358037000085, 67.50000000000000000, -101.5918830920000033 ) ) ;
#277 = ORIENTED_EDGE ( 'NONE', *, *, #2504, .F. ) ;
#278 = CARTESIAN_POINT ( 'NONE',  ( 177.2523086789999809, 67.50000000000000000, 101.5918830920000033 ) ) ;
#279 = AXIS2_PLACEMENT_3D ( 'NONE', #3220, #3181, #455 ) ;
#280 = CARTESIAN_POINT ( 'NONE',  ( 197.1726188958000137, 123.0000000000000000, -60.00000000000000000 ) ) ;
#281 = CARTESIAN_POINT ( 'NONE',  ( 177.4308016803773000, 66.49276203925819573, 101.4133900907225154 ) ) ;
#282 = VERTEX_POINT ( 'NONE', #1668 ) ;
#283 = LINE ( 'NONE', #582, #2566 ) ;
#284 = CARTESIAN_POINT ( 'NONE',  ( 197.1726188958000137, 129.0000000000000000, -22.00000000000000000 ) ) ;
#285 = CARTESIAN_POINT ( 'NONE',  ( 178.6665222413318475, 89.73820061220084199, 103.0060966543680223 ) ) ;
#286 = FACE_BOUND ( 'NONE', #2341, .T. ) ;
#287 = DIRECTION ( 'NONE',  ( 0.000000000000000000, 0.000000000000000000, 1.000000000000000000 ) ) ;
#288 = CARTESIAN_POINT ( 'NONE',  ( 178.6665222413570007, 45.00000000000000000, 103.0060966543930050 ) ) ;
#289 = CARTESIAN_POINT ( 'NONE',  ( 180.0807358037000085, 112.5000000000000000, -98.76345596729001386 ) ) ;
#290 = ORIENTED_EDGE ( 'NONE', *, *, #264, .F. ) ;
#291 = ORIENTED_EDGE ( 'NONE', *, *, #2845, .T. ) ;
#292 = CARTESIAN_POINT ( 'NONE',  ( 177.2523086790070010, 112.5000000000000000, 101.5918830920429912 ) ) ;
#293 = CARTESIAN_POINT ( 'NONE',  ( 84.52689358453581292, 9.500000000000063949, 18.76796293413585204 ) ) ;
#294 = EDGE_CURVE ( 'NONE', #995, #2333, #835, .T. ) ;
#295 = ORIENTED_EDGE ( 'NONE', *, *, #818, .T. ) ;
#296 = FACE_BOUND ( 'NONE', #1002, .T. ) ;
#297 = VECTOR ( 'NONE', #12, 1000.000000000000114 ) ;
#298 = DIRECTION ( 'NONE',  ( 0.000000000000000000, 0.000000000000000000, -1.000000000000000000 ) ) ;
#299 = VERTEX_POINT ( 'NONE', #2538 ) ;
#300 = AXIS2_PLACEMENT_3D ( 'NONE', #2409, #3530, #2356 ) ;
#301 = CIRCLE ( 'NONE', #3437, 2.999999999999999112 ) ;
#302 = DIRECTION ( 'NONE',  ( -0.7071067811865996422, 1.387778780781443782E-14, 0.7071067811864955033 ) ) ;
#303 = CARTESIAN_POINT ( 'NONE',  ( 181.0235448453264269, 22.49999999999999289, -99.70626500887024690 ) ) ;
#304 = AXIS2_PLACEMENT_3D ( 'NONE', #64, #2019, #2256 ) ;
#305 = CARTESIAN_POINT ( 'NONE',  ( 178.2963548334216171, 46.94794535333664243, 100.5478369376783832 ) ) ;
#306 = VECTOR ( 'NONE', #741, 1000.000000000000000 ) ;
#307 = CARTESIAN_POINT ( 'NONE',  ( 178.1951177205819192, 22.50000000000000355, -102.5346921336180941 ) ) ;
#308 = CARTESIAN_POINT ( 'NONE',  ( 178.7033304349797334, 23.02349576871856485, -102.9692884607200654 ) ) ;
#309 = ORIENTED_EDGE ( 'NONE', *, *, #1396, .T. ) ;
#310 = ORIENTED_EDGE ( 'NONE', *, *, #686, .F. ) ;
#311 = CARTESIAN_POINT ( 'NONE',  ( 179.3685110113959809, 46.74757277670851607, 102.3041078843040168 ) ) ;
#312 = CARTESIAN_POINT ( 'NONE',  ( 177.2523086790318416, 67.23820061220087041, -101.5918830920680023 ) ) ;
#313 = CARTESIAN_POINT ( 'NONE',  ( 188.2410970201384544, 9.500000000000119016, 93.43152187566150246 ) ) ;
#314 = EDGE_CURVE ( 'NONE', #1189, #2985, #3202, .T. ) ;
#315 = EDGE_CURVE ( 'NONE', #395, #966, #728, .T. ) ;
#316 = DIRECTION ( 'NONE',  ( 0.000000000000000000, 0.000000000000000000, -1.000000000000000000 ) ) ;
#317 = CARTESIAN_POINT ( 'NONE',  ( 178.4814021189817481, 65.50000000000001421, 100.3627896521182521 ) ) ;
#318 = ORIENTED_EDGE ( 'NONE', *, *, #593, .F. ) ;
#319 = ADVANCED_FACE ( 'NONE', ( #3351 ), #1135, .F. ) ;
#320 = CARTESIAN_POINT ( 'NONE',  ( 181.4581411724303166, 44.47650423128144581, -100.2144777232699226 ) ) ;
#321 = DIRECTION ( 'NONE',  ( 0.000000000000000000, 0.000000000000000000, 1.000000000000000000 ) ) ;
#322 = AXIS2_PLACEMENT_3D ( 'NONE', #1058, #2731, #46 ) ;
#323 = CARTESIAN_POINT ( 'NONE',  ( 178.1951177205819192, 90.00000000000000000, -102.5346921336180941 ) ) ;
#324 = CARTESIAN_POINT ( 'NONE',  ( 180.0807358037781967, 89.73820061220084199, 98.76345596732200249 ) ) ;
#325 = CARTESIAN_POINT ( 'NONE',  ( 178.6665222413570007, 22.50000000000000000, -103.0060966543930050 ) ) ;
#326 = ORIENTED_EDGE ( 'NONE', *, *, #1970, .F. ) ;
#327 = ORIENTED_EDGE ( 'NONE', *, *, #2721, .T. ) ;
#328 = DIRECTION ( 'NONE',  ( 0.7071067811865476838, 0.000000000000000000, -0.7071067811865474617 ) ) ;
#329 = DIRECTION ( 'NONE',  ( -0.7071067811865475727, 0.000000000000000000, -0.7071067811865475727 ) ) ;
#330 = CARTESIAN_POINT ( 'NONE',  ( 508.7546145846000059, 119.0000000000000000, -20.00000000000000000 ) ) ;
#331 = CARTESIAN_POINT ( 'NONE',  ( 179.8956156812817255, 65.50000000000001421, 101.7770032144182579 ) ) ;
#332 = LINE ( 'NONE', #2821, #584 ) ;
#333 = VERTEX_POINT ( 'NONE', #1409 ) ;
#334 = VECTOR ( 'NONE', #1932, 1000.000000000000114 ) ;
#335 = LINE ( 'NONE', #3279, #411 ) ;
#336 = DIRECTION ( 'NONE',  ( 0.7071067811865474617, -0.000000000000000000, 0.7071067811865474617 ) ) ;
#337 = LINE ( 'NONE', #2859, #2828 ) ;
#338 = EDGE_CURVE ( 'NONE', #876, #3299, #1639, .T. ) ;
#339 = CARTESIAN_POINT ( 'NONE',  ( 178.8516423638283186, 114.5000000000000142, 99.99254940727176688 ) ) ;
#340 = CARTESIAN_POINT ( 'NONE',  ( 177.7237131997819120, 67.49999999999998579, 102.0632876128180868 ) ) ;
#341 = CARTESIAN_POINT ( 'NONE',  ( 181.4949493660781741, 22.76179938779914735, -100.1776695296219941 ) ) ;
#342 = ORIENTED_EDGE ( 'NONE', *, *, #2454, .T. ) ;
#343 = ORIENTED_EDGE ( 'NONE', *, *, #1055, .F. ) ;
#344 = CARTESIAN_POINT ( 'NONE',  ( 181.4949493660782025, 45.26179938779915801, 100.1776695296220367 ) ) ;
#345 = DIRECTION ( 'NONE',  ( 0.7071067811865475727, 0.000000000000000000, -0.7071067811865475727 ) ) ;
#346 = CARTESIAN_POINT ( 'NONE',  ( 180.0807358037000085, 123.0000000000000000, -98.76345596729001386 ) ) ;
#347 = CYLINDRICAL_SURFACE ( 'NONE', #586, 2.500000000000010658 ) ;
#348 = CARTESIAN_POINT ( 'NONE',  ( 179.2116354976045614, 110.9006663152036651, -102.4609833980953937 ) ) ;
#349 = DIRECTION ( 'NONE',  ( 0.000000000000000000, 0.000000000000000000, 1.000000000000000000 ) ) ;
#350 = AXIS2_PLACEMENT_3D ( 'NONE', #2277, #1969, #900 ) ;
#351 = ORIENTED_EDGE ( 'NONE', *, *, #1012, .T. ) ;
#352 = CIRCLE ( 'NONE', #2311, 1.999999999999998224 ) ;
#353 = CARTESIAN_POINT ( 'NONE',  ( 197.1726188958000137, 113.0000000000000000, -53.00000000000000000 ) ) ;
#354 = CARTESIAN_POINT ( 'NONE',  ( 180.0807358037505139, 90.00000000000000000, -98.76345596729450449 ) ) ;
#355 = EDGE_CURVE ( 'NONE', #1206, #1919, #1369, .T. ) ;
#356 = CIRCLE ( 'NONE', #2376, 2.500000000000000888 ) ;
#357 = EDGE_CURVE ( 'NONE', #50, #3101, #592, .T. ) ;
#358 = DIRECTION ( 'NONE',  ( 0.7071067811865475727, 0.000000000000000000, 0.7071067811865475727 ) ) ;
#359 = CARTESIAN_POINT ( 'NONE',  ( 177.2523086790070010, 67.50000000000000000, 101.5918830920429912 ) ) ;
#360 = FACE_OUTER_BOUND ( 'NONE', #2953, .T. ) ;
#361 = ORIENTED_EDGE ( 'NONE', *, *, #2344, .F. ) ;
#362 = ORIENTED_EDGE ( 'NONE', *, *, #468, .F. ) ;
#363 = CIRCLE ( 'NONE', #2380, 2.000000000000002665 ) ;
#364 = AXIS2_PLACEMENT_3D ( 'NONE', #1157, #748, #476 ) ;
#365 = EDGE_LOOP ( 'NONE', ( #768, #1139, #434, #1475 ) ) ;
#366 = DIRECTION ( 'NONE',  ( 0.7071067811865475727, -0.000000000000000000, 0.7071067811865475727 ) ) ;
#367 = CARTESIAN_POINT ( 'NONE',  ( 180.0807358037000085, 90.00000000000000000, -98.76345596729001386 ) ) ;
#368 = CARTESIAN_POINT ( 'NONE',  ( 178.6665222413318190, 22.23820061220085265, -103.0060966543679655 ) ) ;
#369 = CIRCLE ( 'NONE', #1047, 2.000000000000002665 ) ;
#370 = CARTESIAN_POINT ( 'NONE',  ( 195.1823877805515224, 125.5000000000048601, -98.49023111524851970 ) ) ;
#371 = ORIENTED_EDGE ( 'NONE', *, *, #2528, .F. ) ;
#372 = CARTESIAN_POINT ( 'NONE',  ( 181.3164563647327157, 113.5072379607418043, -100.3561625309675094 ) ) ;
#373 = DIRECTION ( 'NONE',  ( 0.7071067811864976127, 0.000000000000000000, -0.7071067811865975328 ) ) ;
#374 = VECTOR ( 'NONE', #1097, 1000.000000000000000 ) ;
#375 = CARTESIAN_POINT ( 'NONE',  ( 177.7237131997819120, 90.00000000000000000, -102.0632876128180868 ) ) ;
#376 = EDGE_CURVE ( 'NONE', #3243, #1056, #1284, .T. ) ;
#377 = CARTESIAN_POINT ( 'NONE',  ( 178.2963548334216455, 46.94794535333664953, -100.5478369376783405 ) ) ;
#378 = CARTESIAN_POINT ( 'NONE',  ( 180.0439276101303108, 113.0234957687185755, -98.80026416096991682 ) ) ;
#379 = EDGE_CURVE ( 'NONE', #1752, #919, #3603, .T. ) ;
#380 = ORIENTED_EDGE ( 'NONE', *, *, #641, .T. ) ;
#381 = ORIENTED_EDGE ( 'NONE', *, *, #2703, .F. ) ;
#382 = ORIENTED_EDGE ( 'NONE', *, *, #24, .T. ) ;
#383 = CARTESIAN_POINT ( 'NONE',  ( 179.7105683957216229, 88.05205464666337889, -101.9620504999783464 ) ) ;
#384 = CYLINDRICAL_SURFACE ( 'NONE', #2079, 1.999999999999992895 ) ;
#385 = CARTESIAN_POINT ( 'NONE',  ( 181.4949493661030147, 45.00000000000000000, 100.1776695296469910 ) ) ;
#386 = EDGE_CURVE ( 'NONE', #2518, #333, #1168, .T. ) ;
#387 = CARTESIAN_POINT ( 'NONE',  ( 179.9022428024326814, 111.4927620392581957, 98.94194896866747513 ) ) ;
#388 = ORIENTED_EDGE ( 'NONE', *, *, #468, .T. ) ;
#389 = FACE_OUTER_BOUND ( 'NONE', #3480, .T. ) ;
#390 = CARTESIAN_POINT ( 'NONE',  ( 181.4949493661030147, 67.50000000000000000, 100.1776695296469910 ) ) ;
#391 = CARTESIAN_POINT ( 'NONE',  ( 178.6665222413570007, 22.50000000000000000, 103.0060966543930050 ) ) ;
#392 = CARTESIAN_POINT ( 'NONE',  ( 179.0366896493883644, 88.05205464666337889, -99.80750212171165003 ) ) ;
#393 = CARTESIAN_POINT ( 'NONE',  ( 181.4949493661030147, 45.00000000000000000, 100.1776695296469910 ) ) ;
#394 = ORIENTED_EDGE ( 'NONE', *, *, #3390, .T. ) ;
#395 = VERTEX_POINT ( 'NONE', #852 ) ;
#396 = VERTEX_POINT ( 'NONE', #563 ) ;
#397 = CARTESIAN_POINT ( 'NONE',  ( 180.9498361098054602, 88.40066631520363671, -100.7227827858946370 ) ) ;
#398 = CARTESIAN_POINT ( 'NONE',  ( 180.0807358037000085, 45.00000000000000000, -101.5918830920000033 ) ) ;
#399 = DIRECTION ( 'NONE',  ( -1.000000000000000000, 0.000000000000000000, 0.000000000000000000 ) ) ;
#400 = EDGE_CURVE ( 'NONE', #1637, #232, #1885, .T. ) ;
#401 = CARTESIAN_POINT ( 'NONE',  ( 180.0807358037781967, 112.2382006122008704, 98.76345596732200249 ) ) ;
#402 = VERTEX_POINT ( 'NONE', #2802 ) ;
#403 = CARTESIAN_POINT ( 'NONE',  ( 181.4949493661030147, 112.5000000000000000, -100.1776695296469910 ) ) ;
#404 = CIRCLE ( 'NONE', #2137, 2.999999999999999112 ) ;
#405 = DIRECTION ( 'NONE',  ( 0.7071067811865480168, 0.000000000000000000, -0.7071067811865469066 ) ) ;
#406 = CARTESIAN_POINT ( 'NONE',  ( 180.0807358037505139, 67.50000000000000000, 98.76345596729450449 ) ) ;
#407 = CARTESIAN_POINT ( 'NONE',  ( 181.2116354976046750, 66.27090656005015035, -100.4609833980954932 ) ) ;
#408 = EDGE_LOOP ( 'NONE', ( #1580, #2363, #1493, #1770 ) ) ;
#409 = AXIS2_PLACEMENT_3D ( 'NONE', #972, #3322, #2667 ) ;
#410 = EDGE_LOOP ( 'NONE', ( #1683, #180 ) ) ;
#411 = VECTOR ( 'NONE', #2452, 1000.000000000000000 ) ;
#412 = DIRECTION ( 'NONE',  ( 1.000000000000000000, 0.000000000000000000, 0.000000000000000000 ) ) ;
#413 = CARTESIAN_POINT ( 'NONE',  ( 173.0096679918999882, 0.000000000000000000, -105.8345237791999978 ) ) ;
#414 = CARTESIAN_POINT ( 'NONE',  ( 192.0108149052958311, 125.5000000000048601, -86.83337686575426062 ) ) ;
#415 = DIRECTION ( 'NONE',  ( -0.7071067811865476838, -0.000000000000000000, 0.7071067811865474617 ) ) ;
#416 = AXIS2_PLACEMENT_3D ( 'NONE', #3468, #1837, #3451 ) ;
#417 = CARTESIAN_POINT ( 'NONE',  ( 177.2891168726797844, 21.97650423128144581, -101.5550748984200879 ) ) ;
#418 = EDGE_LOOP ( 'NONE', ( #1485, #2591 ) ) ;
#419 = EDGE_CURVE ( 'NONE', #193, #1189, #564, .T. ) ;
#420 = CARTESIAN_POINT ( 'NONE',  ( 177.7237131997819120, 67.50000000000000000, -102.0632876128180868 ) ) ;
#421 = ADVANCED_FACE ( 'NONE', ( #1066 ), #19, .F. ) ;
#422 = CARTESIAN_POINT ( 'NONE',  ( 180.4509032116883986, 69.44794535333660690, -101.2217156840116559 ) ) ;
#423 = CARTESIAN_POINT ( 'NONE',  ( 177.9542974490959466, 88.25242722329147682, -100.8898943220040110 ) ) ;
#424 = CARTESIAN_POINT ( 'NONE',  ( 180.9498361098054602, 65.90066631520362250, -100.7227827858946370 ) ) ;
#425 = EDGE_LOOP ( 'NONE', ( #3525, #3559, #2350, #496 ) ) ;
#426 = ORIENTED_EDGE ( 'NONE', *, *, #3218, .F. ) ;
#427 = DIRECTION ( 'NONE',  ( -0.7071067811865947572, 0.000000000000000000, -0.7071067811865003883 ) ) ;
#428 = B_SPLINE_CURVE_WITH_KNOTS ( 'NONE', 3,
 ( #2758, #1094, #2736, #271, #3009, #2774, #1365, #2497, #1939, #2442, #2167, #571, #791, #213, #2478, #2151, #2203, #1114 ),
 .UNSPECIFIED., .F., .F.,
 ( 4, 2, 2, 2, 2, 2, 2, 2, 4 ),
 ( -1.000000000000000000, -0.8750000000000000000, -0.7500000000000000000, -0.6250000000000000000, -0.5000000000000000000, -0.3750000000000000000, -0.2500000000000000000, -0.1250000000000000000, -0.000000000000000000 ),
 .UNSPECIFIED. ) ;
#429 = DIRECTION ( 'NONE',  ( 0.7071067811865480168, 0.000000000000000000, -0.7071067811865469066 ) ) ;
#430 = DIRECTION ( 'NONE',  ( -0.000000000000000000, 1.000000000000000000, 0.000000000000000000 ) ) ;
#431 = FACE_OUTER_BOUND ( 'NONE', #170, .T. ) ;
#432 = AXIS2_PLACEMENT_3D ( 'NONE', #2552, #2328, #879 ) ;
#433 = DIRECTION ( 'NONE',  ( 0.000000000000000000, -1.000000000000000000, 0.000000000000000000 ) ) ;
#434 = ORIENTED_EDGE ( 'NONE', *, *, #1657, .F. ) ;
#435 = CARTESIAN_POINT ( 'NONE',  ( 199.1726188958000137, 123.0000000000000000, -60.00000000000000000 ) ) ;
#436 = EDGE_CURVE ( 'NONE', #1575, #3084, #1815, .T. ) ;
#437 = CARTESIAN_POINT ( 'NONE',  ( 179.3685110113959809, 24.24757277670851607, 102.3041078843040168 ) ) ;
#438 = FACE_OUTER_BOUND ( 'NONE', #893, .T. ) ;
#439 = CARTESIAN_POINT ( 'NONE',  ( 179.5356225475055112, 69.09933368479637750, 99.30856922359461691 ) ) ;
#440 = CARTESIAN_POINT ( 'NONE',  ( 178.6665222413318190, 67.23820061220087041, -103.0060966543679655 ) ) ;
#441 = AXIS2_PLACEMENT_3D ( 'NONE', #114, #914, #1143 ) ;
#442 = ORIENTED_EDGE ( 'NONE', *, *, #1970, .T. ) ;
#443 = ORIENTED_EDGE ( 'NONE', *, *, #3164, .F. ) ;
#444 = CARTESIAN_POINT ( 'NONE',  ( 179.0366896493883644, 110.5520546466633647, -99.80750212171165003 ) ) ;
#445 = DIRECTION ( 'NONE',  ( 0.7071067811865475727, 0.000000000000000000, 0.7071067811865475727 ) ) ;
#446 = CARTESIAN_POINT ( 'NONE',  ( 181.8485027567000145, 123.0000000000000000, 96.99568901432999724 ) ) ;
#447 = FACE_BOUND ( 'NONE', #1646, .T. ) ;
#448 = FACE_BOUND ( 'NONE', #2464, .T. ) ;
#449 = CARTESIAN_POINT ( 'NONE',  ( 179.3787470337140633, 91.74757277670852318, 99.46544473738599379 ) ) ;
#450 = EDGE_LOOP ( 'NONE', ( #2968, #3070, #3540, #272, #128, #1242 ) ) ;
#451 = CARTESIAN_POINT ( 'NONE',  ( 178.9498361098053749, 43.77090656005017877, 102.7227827858945233 ) ) ;
#452 = AXIS2_PLACEMENT_3D ( 'NONE', #3172, #1720, #345 ) ;
#453 = CARTESIAN_POINT ( 'NONE',  ( 189.1823877805515224, 125.5000000000048601, -92.49023111524850549 ) ) ;
#454 = OPEN_SHELL ( 'NONE', ( #3534, #525 ) ) ;
#455 = DIRECTION ( 'NONE',  ( 0.000000000000000000, 1.000000000000000000, 0.000000000000000000 ) ) ;
#456 = DIRECTION ( 'NONE',  ( -0.7071067811865475727, 0.000000000000000000, 0.7071067811865475727 ) ) ;
#457 = AXIS2_PLACEMENT_3D ( 'NONE', #3287, #828, #2221 ) ;
#458 = EDGE_CURVE ( 'NONE', #936, #602, #2173, .T. ) ;
#459 = DIRECTION ( 'NONE',  ( -0.7071067811864976127, 0.000000000000000000, -0.7071067811865975328 ) ) ;
#460 = CIRCLE ( 'NONE', #2257, 2.000000000000002665 ) ;
#461 = VERTEX_POINT ( 'NONE', #278 ) ;
#462 = ADVANCED_FACE ( 'NONE', ( #2467, #1330, #834, #296, #3590, #233, #35, #1650, #1411, #3292 ), #2764, .T. ) ;
#463 = VERTEX_POINT ( 'NONE', #1372 ) ;
#464 = CARTESIAN_POINT ( 'NONE',  ( 177.7974219353044987, 110.9006663152036509, -101.0467698357954021 ) ) ;
#465 = CARTESIAN_POINT ( 'NONE',  ( 174.4238815543000101, 135.0000000000000000, 107.2487373414999894 ) ) ;
#466 = DIRECTION ( 'NONE',  ( -0.7071067811865474617, 0.000000000000000000, 0.7071067811865474617 ) ) ;
#467 = CARTESIAN_POINT ( 'NONE',  ( 180.5521403245247711, 67.49999999999998579, -99.23486048806857696 ) ) ;
#468 = EDGE_CURVE ( 'NONE', #3499, #2313, #2154, .T. ) ;
#469 = PLANE ( 'NONE',  #694 ) ;
#470 = CARTESIAN_POINT ( 'NONE',  ( 179.5356225475055112, 20.90066631520363671, -99.30856922359461691 ) ) ;
#471 = ORIENTED_EDGE ( 'NONE', *, *, #386, .T. ) ;
#472 = CARTESIAN_POINT ( 'NONE',  ( 199.1726188958000137, 119.0000000000000000, -10.00000000000000000 ) ) ;
#473 = AXIS2_PLACEMENT_3D ( 'NONE', #2306, #2599, #3145 ) ;
#474 = CARTESIAN_POINT ( 'NONE',  ( 178.8450152426772775, 23.50723796074179006, 102.8276036530225070 ) ) ;
#475 = DIRECTION ( 'NONE',  ( 0.7071067811865475727, 0.000000000000000000, 0.7071067811865475727 ) ) ;
#476 = DIRECTION ( 'NONE',  ( -0.7071067811865475727, 0.000000000000000000, 0.7071067811865475727 ) ) ;
#477 = VERTEX_POINT ( 'NONE', #1395 ) ;
#478 = ORIENTED_EDGE ( 'NONE', *, *, #2123, .T. ) ;
#479 = ADVANCED_FACE ( 'NONE', ( #2503 ), #2229, .F. ) ;
#480 = DIRECTION ( 'NONE',  ( -0.7071067811865996422, 0.000000000000000000, 0.7071067811864955033 ) ) ;
#481 = CARTESIAN_POINT ( 'NONE',  ( 197.1726188958000137, 123.0000000000000000, -57.50000000000000000 ) ) ;
#482 = VERTEX_POINT ( 'NONE', #313 ) ;
#483 = CARTESIAN_POINT ( 'NONE',  ( 181.4949493661030147, 67.50000000000000000, 100.1776695296469910 ) ) ;
#484 = ADVANCED_FACE ( 'NONE', ( #2523 ), #1137, .T. ) ;
#485 = CARTESIAN_POINT ( 'NONE',  ( 180.0807358037505139, 22.50000000000000000, -98.76345596729450449 ) ) ;
#486 = CARTESIAN_POINT ( 'NONE',  ( 177.2523086790070010, 90.00000000000000000, 101.5918830920429912 ) ) ;
#487 = EDGE_CURVE ( 'NONE', #3544, #1422, #1171, .T. ) ;
#488 = ORIENTED_EDGE ( 'NONE', *, *, #1455, .F. ) ;
#489 = AXIS2_PLACEMENT_3D ( 'NONE', #3163, #623, #1145 ) ;
#490 = CARTESIAN_POINT ( 'NONE',  ( 179.9022428024326814, 91.00723796074179006, -98.94194896866747513 ) ) ;
#491 = B_SPLINE_CURVE_WITH_KNOTS ( 'NONE', 3,
 ( #2099, #1846, #703, #214, #3531, #2943, #449, #1554, #1027, #2668, #179, #2357, #1277, #3249, #3516, #1811, #3479, #486 ),
 .UNSPECIFIED., .F., .F.,
 ( 4, 2, 2, 2, 2, 2, 2, 2, 4 ),
 ( -1.000000000000000000, -0.8750000000000000000, -0.7500000000000000000, -0.6250000000000000000, -0.5000000000000000000, -0.3750000000000000000, -0.2500000000000000000, -0.1250000000000000000, -0.000000000000000000 ),
 .UNSPECIFIED. ) ;
#492 = CARTESIAN_POINT ( 'NONE',  ( 181.4949493661000020, 12.00000000000000000, 100.1776695296999975 ) ) ;
#493 = DIRECTION ( 'NONE',  ( 0.000000000000000000, 1.000000000000000000, 0.000000000000000000 ) ) ;
#494 = CARTESIAN_POINT ( 'NONE',  ( 179.3787470337140633, 43.25242722329148393, -99.46544473738599379 ) ) ;
#495 = ORIENTED_EDGE ( 'NONE', *, *, #3585, .T. ) ;
#496 = ORIENTED_EDGE ( 'NONE', *, *, #1928, .T. ) ;
#497 = DIRECTION ( 'NONE',  ( 0.7071067811865975328, 0.000000000000000000, -0.7071067811864976127 ) ) ;
#498 = CARTESIAN_POINT ( 'NONE',  ( 180.0807358037782251, 45.26179938779915801, 98.76345596732198828 ) ) ;
#499 = VECTOR ( 'NONE', #649, 1000.000000000000114 ) ;
#500 = ORIENTED_EDGE ( 'NONE', *, *, #202, .T. ) ;
#501 = LINE ( 'NONE', #3545, #1503 ) ;
#502 = CARTESIAN_POINT ( 'NONE',  ( 177.2523086790070010, 112.5000000000000000, -101.5918830920429912 ) ) ;
#503 = ADVANCED_FACE ( 'NONE', ( #53 ), #347, .F. ) ;
#504 = DIRECTION ( 'NONE',  ( 0.7071067811864976127, 0.000000000000000000, -0.7071067811865975328 ) ) ;
#505 = VERTEX_POINT ( 'NONE', #3389 ) ;
#506 = CARTESIAN_POINT ( 'NONE',  ( 179.7974219353046408, 21.27090656005016811, 99.04676983579548732 ) ) ;
#507 = ADVANCED_FACE ( 'NONE', ( #124 ), #2285, .F. ) ;
#508 = DIRECTION ( 'NONE',  ( 0.7071067811864948371, 0.000000000000000000, 0.7071067811866001973 ) ) ;
#509 = CARTESIAN_POINT ( 'NONE',  ( 180.7929605960140407, 24.24757277670852318, 100.8796582996859996 ) ) ;
#510 = CARTESIAN_POINT ( 'NONE',  ( 199.1726188958000137, 135.0000000000000000, -82.50000000000000000 ) ) ;
#511 = DIRECTION ( 'NONE',  ( -1.000000000000000000, 0.000000000000000000, 0.000000000000000000 ) ) ;
#512 = VERTEX_POINT ( 'NONE', #2595 ) ;
#513 = EDGE_LOOP ( 'NONE', ( #3328, #3094, #1423, #3373 ) ) ;
#514 = CARTESIAN_POINT ( 'NONE',  ( 181.4949493661030147, 90.00000000000000000, 100.1776695296469910 ) ) ;
#515 = CARTESIAN_POINT ( 'NONE',  ( 177.2523086790070010, 45.00000000000000000, -101.5918830920429912 ) ) ;
#516 = ORIENTED_EDGE ( 'NONE', *, *, #2326, .F. ) ;
#517 = CARTESIAN_POINT ( 'NONE',  ( 199.1726188958000137, 106.0000000000000000, 47.50000000000000000 ) ) ;
#518 = CYLINDRICAL_SURFACE ( 'NONE', #457, 2.000000000000001776 ) ;
#519 = EDGE_LOOP ( 'NONE', ( #18, #1527, #136, #2358 ) ) ;
#520 = CARTESIAN_POINT ( 'NONE',  ( 180.0807358037000085, 67.50000000000000000, 98.76345596729001386 ) ) ;
#521 = ORIENTED_EDGE ( 'NONE', *, *, #3188, .F. ) ;
#522 = CARTESIAN_POINT ( 'NONE',  ( 180.0807358037781967, 22.23820061220085265, 98.76345596732200249 ) ) ;
#523 = CIRCLE ( 'NONE', #1450, 2.000000000000002665 ) ;
#524 = CARTESIAN_POINT ( 'NONE',  ( 177.9542974490959466, 24.24757277670851252, 100.8898943220040110 ) ) ;
#525 = ADVANCED_FACE ( 'NONE', ( #942 ), #651, .F. ) ;
#526 = CIRCLE ( 'NONE', #1274, 2.000000000000002665 ) ;
#527 = CIRCLE ( 'NONE', #1864, 2.500000000000002220 ) ;
#528 = LINE ( 'NONE', #1632, #701 ) ;
#529 = CARTESIAN_POINT ( 'NONE',  ( 173.0096679918999882, 0.000000000000000000, -105.8345237791999978 ) ) ;
#530 = AXIS2_PLACEMENT_3D ( 'NONE', #3063, #916, #1163 ) ;
#531 = EDGE_CURVE ( 'NONE', #282, #2567, #3253, .T. ) ;
#532 = DIRECTION ( 'NONE',  ( 0.7071067811865475727, 0.000000000000000000, -0.7071067811865475727 ) ) ;
#533 = EDGE_LOOP ( 'NONE', ( #2191, #3370, #2717, #1003 ) ) ;
#534 = ORIENTED_EDGE ( 'NONE', *, *, #3342, .T. ) ;
#535 = CARTESIAN_POINT ( 'NONE',  ( 177.2523086790070010, 67.50000000000000000, 101.5918830920429912 ) ) ;
#536 = CYLINDRICAL_SURFACE ( 'NONE', #982, 1.999999999999992895 ) ;
#537 = CARTESIAN_POINT ( 'NONE',  ( 197.1726188958000137, 119.0000000000000000, -10.00000000000000000 ) ) ;
#538 = ORIENTED_EDGE ( 'NONE', *, *, #2618, .T. ) ;
#539 = DIRECTION ( 'NONE',  ( 0.7071067811865475727, 0.000000000000000000, 0.7071067811865475727 ) ) ;
#540 = DIRECTION ( 'NONE',  ( -0.7071067811865475727, 0.000000000000000000, -0.7071067811865475727 ) ) ;
#541 = ORIENTED_EDGE ( 'NONE', *, *, #3259, .F. ) ;
#542 = ORIENTED_EDGE ( 'NONE', *, *, #93, .F. ) ;
#543 = CARTESIAN_POINT ( 'NONE',  ( 178.8450152426772775, 46.00723796074177585, 102.8276036530225070 ) ) ;
#544 = CARTESIAN_POINT ( 'NONE',  ( 177.7974219353044703, 43.40066631520362250, 101.0467698357954021 ) ) ;
#545 = ORIENTED_EDGE ( 'NONE', *, *, #1063, .T. ) ;
#546 = CARTESIAN_POINT ( 'NONE',  ( 199.1726188958000137, 0.000000000000000000, 82.50000000000000000 ) ) ;
#547 = CARTESIAN_POINT ( 'NONE',  ( 183.6162697096999921, 123.0000000000000000, -95.22792206136000459 ) ) ;
#548 = ORIENTED_EDGE ( 'NONE', *, *, #93, .T. ) ;
#549 = ADVANCED_FACE ( 'NONE', ( #667 ), #3124, .F. ) ;
#550 = CARTESIAN_POINT ( 'NONE',  ( 180.7929605960140407, 43.25242722329147682, -100.8796582996859996 ) ) ;
#551 = CARTESIAN_POINT ( 'NONE',  ( 178.7033304349797334, 90.52349576871858972, -102.9692884607200654 ) ) ;
#552 = ADVANCED_FACE ( 'NONE', ( #1995 ), #1705, .F. ) ;
#553 = FACE_OUTER_BOUND ( 'NONE', #740, .T. ) ;
#554 = PLANE ( 'NONE',  #1916 ) ;
#555 = CARTESIAN_POINT ( 'NONE',  ( 189.3625873637905102, 125.5000000000048601, 89.48160440726947229 ) ) ;
#556 = CARTESIAN_POINT ( 'NONE',  ( 180.9498361098054602, 69.09933368479637750, 100.7227827858946370 ) ) ;
#557 = FACE_OUTER_BOUND ( 'NONE', #3030, .T. ) ;
#558 = ORIENTED_EDGE ( 'NONE', *, *, #1229, .T. ) ;
#559 = EDGE_LOOP ( 'NONE', ( #2187, #2641 ) ) ;
#560 = LINE ( 'NONE', #2558, #79 ) ;
#561 = CARTESIAN_POINT ( 'NONE',  ( 180.0807358037781967, 44.73820061220084909, 98.76345596732200249 ) ) ;
#562 = ORIENTED_EDGE ( 'NONE', *, *, #2636, .F. ) ;
#563 = CARTESIAN_POINT ( 'NONE',  ( 199.1726188958000137, 117.0000000000000000, -20.00000000000000000 ) ) ;
#564 = B_SPLINE_CURVE_WITH_KNOTS ( 'NONE', 3,
 ( #2782, #1671, #3053, #2718, #3571, #255, #2996, #3354, #2192, #3035, #1923, #1085, #2485, #506, #576, #1608, #522, #1120 ),
 .UNSPECIFIED., .F., .F.,
 ( 4, 2, 2, 2, 2, 2, 2, 2, 4 ),
 ( -1.000000000000000000, -0.8750000000000000000, -0.7500000000000000000, -0.6250000000000000000, -0.5000000000000000000, -0.3750000000000000000, -0.2500000000000000000, -0.1250000000000000000, -0.000000000000000000 ),
 .UNSPECIFIED. ) ;
#565 = CARTESIAN_POINT ( 'NONE',  ( 199.1726188958000137, 0.000000000000000000, -70.00000000000000000 ) ) ;
#566 = ORIENTED_EDGE ( 'NONE', *, *, #947, .T. ) ;
#567 = CARTESIAN_POINT ( 'NONE',  ( 181.4949493661030147, 45.00000000000000000, -100.1776695296469910 ) ) ;
#568 = CARTESIAN_POINT ( 'NONE',  ( 181.4581411724302313, 90.52349576871856129, -100.2144777232699369 ) ) ;
#569 = FACE_BOUND ( 'NONE', #1218, .T. ) ;
#570 = CARTESIAN_POINT ( 'NONE',  ( 177.2523086790070010, 22.50000000000000000, -101.5918830920429912 ) ) ;
#571 = CARTESIAN_POINT ( 'NONE',  ( 179.3787470337140633, 69.24757277670852318, -99.46544473738597958 ) ) ;
#572 = EDGE_LOOP ( 'NONE', ( #6, #676, #1616, #750 ) ) ;
#573 = VERTEX_POINT ( 'NONE', #1758 ) ;
#574 = CARTESIAN_POINT ( 'NONE',  ( 178.6665222413570007, 112.5000000000000000, -103.0060966543930050 ) ) ;
#575 = DIRECTION ( 'NONE',  ( 1.000000000000000000, 0.000000000000000000, 0.000000000000000000 ) ) ;
#576 = CARTESIAN_POINT ( 'NONE',  ( 179.9022428024326814, 21.49276203925820283, 98.94194896866747513 ) ) ;
#577 = EDGE_CURVE ( 'NONE', #505, #966, #1244, .T. ) ;
#578 = B_SPLINE_CURVE_WITH_KNOTS ( 'NONE', 3,
 ( #2964, #3536, #2705, #474, #1314, #1869, #437, #1577, #2689, #3555, #1299, #509, #220, #3256, #164, #2416, #1888, #1031 ),
 .UNSPECIFIED., .F., .F.,
 ( 4, 2, 2, 2, 2, 2, 2, 2, 4 ),
 ( -1.000000000000000000, -0.8750000000000000000, -0.7500000000000000000, -0.6250000000000000000, -0.5000000000000000000, -0.3750000000000000000, -0.2500000000000000000, -0.1250000000000000000, -0.000000000000000000 ),
 .UNSPECIFIED. ) ;
#579 = CARTESIAN_POINT ( 'NONE',  ( 199.1726188958000137, 123.0000000000000000, 60.00000000000000000 ) ) ;
#580 = CARTESIAN_POINT ( 'NONE',  ( 177.2523086790070010, 67.50000000000000000, 101.5918830920429912 ) ) ;
#581 = EDGE_LOOP ( 'NONE', ( #2962, #103 ) ) ;
#582 = CARTESIAN_POINT ( 'NONE',  ( 199.1726188958000137, 119.0000000000000000, -22.00000000000000000 ) ) ;
#583 = DIRECTION ( 'NONE',  ( 0.7071067811865996422, 0.000000000000000000, 0.7071067811864955033 ) ) ;
#584 = VECTOR ( 'NONE', #2526, 1000.000000000000000 ) ;
#585 = FACE_BOUND ( 'NONE', #559, .T. ) ;
#586 = AXIS2_PLACEMENT_3D ( 'NONE', #2562, #2837, #3157 ) ;
#587 = CARTESIAN_POINT ( 'NONE',  ( 177.7974219353044703, 88.40066631520362250, 101.0467698357954021 ) ) ;
#588 = CARTESIAN_POINT ( 'NONE',  ( 181.4949493661000020, 112.5000000000000000, 100.1776695296999975 ) ) ;
#589 = ORIENTED_EDGE ( 'NONE', *, *, #531, .F. ) ;
#590 = VERTEX_POINT ( 'NONE', #906 ) ;
#591 = EDGE_CURVE ( 'NONE', #1830, #599, #1983, .T. ) ;
#592 = LINE ( 'NONE', #1703, #2577 ) ;
#593 = EDGE_CURVE ( 'NONE', #3600, #461, #614, .T. ) ;
#594 = CARTESIAN_POINT ( 'NONE',  ( 179.5356225475055112, 65.90066631520365092, -99.30856922359461691 ) ) ;
#595 = CARTESIAN_POINT ( 'NONE',  ( 179.2116354976045614, 20.90066631520364027, -102.4609833980953937 ) ) ;
#596 = ADVANCED_FACE ( 'NONE', ( #1977, #631, #683, #1552, #1517, #447, #2645, #3529, #1788, #3512 ), #2904, .T. ) ;
#597 = DIRECTION ( 'NONE',  ( -0.7071067811865475727, 0.000000000000000000, -0.7071067811865475727 ) ) ;
#598 = CARTESIAN_POINT ( 'NONE',  ( 180.0807358037000085, 22.50000000000000000, -101.5918830920000033 ) ) ;
#599 = VERTEX_POINT ( 'NONE', #414 ) ;
#600 = B_SPLINE_CURVE_WITH_KNOTS ( 'NONE', 3,
 ( #2820, #36, #3591, #2246, #3355, #1652, #1672, #1068, #2765, #2194, #3316, #524, #1630, #2806, #2174, #853, #1691, #3294 ),
 .UNSPECIFIED., .F., .F.,
 ( 4, 2, 2, 2, 2, 2, 2, 2, 4 ),
 ( -1.000000000000000000, -0.8750000000000000000, -0.7500000000000000000, -0.6250000000000000000, -0.5000000000000000000, -0.3750000000000000000, -0.2500000000000000000, -0.1250000000000000000, -0.000000000000000000 ),
 .UNSPECIFIED. ) ;
#601 = LINE ( 'NONE', #1337, #3551 ) ;
#602 = VERTEX_POINT ( 'NONE', #175 ) ;
#603 = CARTESIAN_POINT ( 'NONE',  ( 179.8956156812817540, 42.99999999999999289, -101.7770032144182863 ) ) ;
#604 = DIRECTION ( 'NONE',  ( 1.000000000000000000, 0.000000000000000000, 0.000000000000000000 ) ) ;
#605 = VECTOR ( 'NONE', #3098, 1000.000000000000114 ) ;
#606 = CARTESIAN_POINT ( 'NONE',  ( 180.2658559261283244, 20.49999999999999645, 101.4067629695717585 ) ) ;
#607 = CARTESIAN_POINT ( 'NONE',  ( 177.7237131997819120, 22.50000000000000355, -102.0632876128180868 ) ) ;
#608 = CARTESIAN_POINT ( 'NONE',  ( 181.2116354976047035, 46.22909343994983544, -100.4609833980955074 ) ) ;
#609 = VERTEX_POINT ( 'NONE', #3174 ) ;
#610 = ORIENTED_EDGE ( 'NONE', *, *, #2892, .T. ) ;
#611 = CARTESIAN_POINT ( 'NONE',  ( 199.1726188958000137, 129.0000000000000000, -8.000000000000000000 ) ) ;
#612 = CARTESIAN_POINT ( 'NONE',  ( 199.1726188958000137, 123.0000000000000000, -60.00000000000000000 ) ) ;
#613 = DIRECTION ( 'NONE',  ( 0.7071067811865475727, 0.000000000000000000, -0.7071067811865475727 ) ) ;
#614 = LINE ( 'NONE', #107, #2739 ) ;
#615 = CARTESIAN_POINT ( 'NONE',  ( 199.1726188958000137, 20.00000000000000000, -70.00000000000000000 ) ) ;
#616 = ORIENTED_EDGE ( 'NONE', *, *, #1272, .F. ) ;
#617 = AXIS2_PLACEMENT_3D ( 'NONE', #2790, #1315, #26 ) ;
#618 = CARTESIAN_POINT ( 'NONE',  ( 181.4949493661000020, 123.0000000000000000, 100.1776695296999975 ) ) ;
#619 = EDGE_CURVE ( 'NONE', #1752, #2091, #2272, .T. ) ;
#620 = B_SPLINE_CURVE_WITH_KNOTS ( 'NONE', 3,
 ( #580, #2247, #1947, #281, #37, #2542, #2785, #1398, #317, #1219, #3335, #2059, #1413, #3073, #2509, #1785, #55, #854 ),
 .UNSPECIFIED., .F., .F.,
 ( 4, 2, 2, 2, 2, 2, 2, 2, 4 ),
 ( -1.000000000000000000, -0.8750000000000000000, -0.7500000000000000000, -0.6250000000000000000, -0.5000000000000000000, -0.3750000000000000000, -0.2500000000000000000, -0.1250000000000000000, -0.000000000000000000 ),
 .UNSPECIFIED. ) ;
#621 = DIRECTION ( 'NONE',  ( 0.7071067811865476838, -0.000000000000000000, 0.7071067811865474617 ) ) ;
#622 = CYLINDRICAL_SURFACE ( 'NONE', #3293, 1.999999999999992895 ) ;
#623 = DIRECTION ( 'NONE',  ( 0.7071067811864976127, 0.000000000000000000, 0.7071067811865975328 ) ) ;
#624 = CARTESIAN_POINT ( 'NONE',  ( 179.0366896493883644, 46.94794535333664243, -99.80750212171163582 ) ) ;
#625 = CARTESIAN_POINT ( 'NONE',  ( 181.2116354976047035, 23.72909343994982478, -100.4609833980955074 ) ) ;
#626 = ORIENTED_EDGE ( 'NONE', *, *, #1183, .T. ) ;
#627 = VERTEX_POINT ( 'NONE', #2097 ) ;
#628 = CARTESIAN_POINT ( 'NONE',  ( 177.2523086789999809, 112.5000000000000000, -101.5918830920000033 ) ) ;
#629 = CARTESIAN_POINT ( 'NONE',  ( 179.2116354976045614, 88.40066631520363671, -102.4609833980953937 ) ) ;
#630 = DIRECTION ( 'NONE',  ( 0.7071067811865475727, 0.000000000000000000, -0.7071067811865475727 ) ) ;
#631 = FACE_BOUND ( 'NONE', #2134, .T. ) ;
#632 = OPEN_SHELL ( 'NONE', ( #858, #797 ) ) ;
#633 = CARTESIAN_POINT ( 'NONE',  ( 181.4949493660781741, 112.2382006122008846, 100.1776695296219941 ) ) ;
#634 = AXIS2_PLACEMENT_3D ( 'NONE', #1025, #2354, #2924 ) ;
#635 = ORIENTED_EDGE ( 'NONE', *, *, #2686, .F. ) ;
#636 = AXIS2_PLACEMENT_3D ( 'NONE', #1773, #366, #3155 ) ;
#637 = ADVANCED_FACE ( 'NONE', ( #717 ), #2630, .F. ) ;
#638 = CARTESIAN_POINT ( 'NONE',  ( 178.6665222414000027, 45.00000000000000000, -103.0060966543999967 ) ) ;
#639 = ADVANCED_FACE ( 'NONE', ( #140 ), #2389, .F. ) ;
#640 = LINE ( 'NONE', #1745, #161 ) ;
#641 = EDGE_CURVE ( 'NONE', #2658, #2295, #1736, .T. ) ;
#642 = LINE ( 'NONE', #2051, #605 ) ;
#643 = CARTESIAN_POINT ( 'NONE',  ( 179.3787470337140633, 88.25242722329147682, 99.46544473738597958 ) ) ;
#644 = CARTESIAN_POINT ( 'NONE',  ( 179.9022428024326814, 113.5072379607418185, -98.94194896866747513 ) ) ;
#645 = EDGE_LOOP ( 'NONE', ( #3589, #695, #1502, #382 ) ) ;
#646 = EDGE_LOOP ( 'NONE', ( #49, #2900, #2412, #2297 ) ) ;
#647 = VECTOR ( 'NONE', #1087, 1000.000000000000000 ) ;
#648 = ORIENTED_EDGE ( 'NONE', *, *, #2189, .T. ) ;
#649 = DIRECTION ( 'NONE',  ( -0.7071067811865474617, 0.000000000000000000, 0.7071067811865474617 ) ) ;
#650 = CARTESIAN_POINT ( 'NONE',  ( 179.9022428024326246, 66.49276203925819573, -98.94194896866747513 ) ) ;
#651 = CYLINDRICAL_SURFACE ( 'NONE', #1804, 1.999999999999992895 ) ;
#652 = CARTESIAN_POINT ( 'NONE',  ( 178.9498361098053749, 66.27090656005015035, 102.7227827858945233 ) ) ;
#653 = EDGE_LOOP ( 'NONE', ( #3197, #3273, #152, #2280 ) ) ;
#654 = CARTESIAN_POINT ( 'NONE',  ( 197.1726188958000137, 117.0000000000000000, -10.00000000000000000 ) ) ;
#655 = DIRECTION ( 'NONE',  ( 0.7071067811864976127, 0.000000000000000000, -0.7071067811865975328 ) ) ;
#656 = CARTESIAN_POINT ( 'NONE',  ( 180.9498361098054886, 20.90066631520364027, 100.7227827858946370 ) ) ;
#657 = CARTESIAN_POINT ( 'NONE',  ( 180.0439276101303676, 68.02349576871856129, 98.80026416096994524 ) ) ;
#658 = CARTESIAN_POINT ( 'NONE',  ( 178.8450152426773343, 23.50723796074179717, -102.8276036530225070 ) ) ;
#659 = ORIENTED_EDGE ( 'NONE', *, *, #202, .F. ) ;
#660 = ADVANCED_FACE ( 'NONE', ( #3460 ), #2338, .F. ) ;
#661 = ORIENTED_EDGE ( 'NONE', *, *, #2805, .T. ) ;
#662 = CIRCLE ( 'NONE', #1235, 2.500000000000002220 ) ;
#663 = CARTESIAN_POINT ( 'NONE',  ( 185.0304832719999979, 123.0000000000000000, -96.64213562372999888 ) ) ;
#664 = CARTESIAN_POINT ( 'NONE',  ( 180.7929605960140407, 88.25242722329150524, -100.8796582996859996 ) ) ;
#665 = B_SPLINE_CURVE_WITH_KNOTS ( 'NONE', 3,
 ( #1263, #3182, #2896, #2347, #2038, #3505, #2917, #392, #1798, #674, #934, #423, #979, #2673, #727, #3483, #185, #2070 ),
 .UNSPECIFIED., .F., .F.,
 ( 4, 2, 2, 2, 2, 2, 2, 2, 4 ),
 ( -1.000000000000000000, -0.8750000000000000000, -0.7500000000000000000, -0.6250000000000000000, -0.5000000000000000000, -0.3750000000000000000, -0.2500000000000000000, -0.1250000000000000000, -0.000000000000000000 ),
 .UNSPECIFIED. ) ;
#666 = CARTESIAN_POINT ( 'NONE',  ( 199.1726188958000137, 0.000000000000000000, -70.00000000000000000 ) ) ;
#667 = FACE_OUTER_BOUND ( 'NONE', #85, .T. ) ;
#668 = CARTESIAN_POINT ( 'NONE',  ( 179.7105683957216229, 65.55205464666337889, 101.9620504999783464 ) ) ;
#669 = ORIENTED_EDGE ( 'NONE', *, *, #1631, .F. ) ;
#670 = CARTESIAN_POINT ( 'NONE',  ( 199.1726188958000137, 129.0000000000000000, -22.00000000000000000 ) ) ;
#671 = AXIS2_PLACEMENT_3D ( 'NONE', #2586, #373, #1729 ) ;
#672 = CARTESIAN_POINT ( 'NONE',  ( 199.1726188958000137, 0.000000000000000000, -82.50000000000000000 ) ) ;
#673 = CARTESIAN_POINT ( 'NONE',  ( 178.6665222413318475, 22.23820061220085265, 103.0060966543680223 ) ) ;
#674 = CARTESIAN_POINT ( 'NONE',  ( 178.4814021189816913, 87.99999999999998579, -100.3627896521182521 ) ) ;
#675 = DIRECTION ( 'NONE',  ( 0.7071067811865475727, 0.000000000000000000, -0.7071067811865475727 ) ) ;
#676 = ORIENTED_EDGE ( 'NONE', *, *, #2056, .F. ) ;
#677 = ORIENTED_EDGE ( 'NONE', *, *, #1083, .T. ) ;
#678 = ORIENTED_EDGE ( 'NONE', *, *, #1835, .T. ) ;
#679 = CARTESIAN_POINT ( 'NONE',  ( 0.000000000000000000, 0.000000000000000000, 0.000000000000000000 ) ) ;
#680 = DIRECTION ( 'NONE',  ( -0.7071067811865975328, 0.000000000000000000, 0.7071067811864976127 ) ) ;
#681 = CARTESIAN_POINT ( 'NONE',  ( 177.2523086789999809, 45.00000000000000000, 101.5918830920000033 ) ) ;
#682 = EDGE_CURVE ( 'NONE', #1132, #144, #970, .T. ) ;
#683 = FACE_OUTER_BOUND ( 'NONE', #1980, .T. ) ;
#684 = CARTESIAN_POINT ( 'NONE',  ( 179.2116354976045614, 110.9006663152036367, 102.4609833980953653 ) ) ;
#685 = CARTESIAN_POINT ( 'NONE',  ( 199.1726188958000137, 123.0000000000000000, 60.00000000000000000 ) ) ;
#686 = EDGE_CURVE ( 'NONE', #3307, #1199, #1597, .T. ) ;
#687 = ORIENTED_EDGE ( 'NONE', *, *, #3403, .F. ) ;
#688 = DIRECTION ( 'NONE',  ( 0.000000000000000000, 0.000000000000000000, 1.000000000000000000 ) ) ;
#689 = AXIS2_PLACEMENT_3D ( 'NONE', #3190, #3208, #3227 ) ;
#690 = DIRECTION ( 'NONE',  ( -0.7071067811865996422, 0.000000000000000000, -0.7071067811864955033 ) ) ;
#691 = CARTESIAN_POINT ( 'NONE',  ( 180.0807358037505139, 90.00000000000000000, 98.76345596729450449 ) ) ;
#692 = CARTESIAN_POINT ( 'NONE',  ( 179.8956156812817540, 65.50000000000001421, -101.7770032144182863 ) ) ;
#693 = ORIENTED_EDGE ( 'NONE', *, *, #577, .F. ) ;
#694 = AXIS2_PLACEMENT_3D ( 'NONE', #1845, #2960, #1553 ) ;
#695 = ORIENTED_EDGE ( 'NONE', *, *, #724, .T. ) ;
#696 = SURFACE_STYLE_FILL_AREA ( #3121 ) ;
#697 = DIRECTION ( 'NONE',  ( -0.7071067811865474617, 0.000000000000000000, 0.7071067811865474617 ) ) ;
#698 = CARTESIAN_POINT ( 'NONE',  ( 179.8956156812817540, 92.00000000000000000, 101.7770032144182863 ) ) ;
#699 = CARTESIAN_POINT ( 'NONE',  ( 180.0807358037505139, 67.50000000000000000, -98.76345596729450449 ) ) ;
#700 = CIRCLE ( 'NONE', #2281, 2.000000000000002665 ) ;
#701 = VECTOR ( 'NONE', #2746, 1000.000000000000114 ) ;
#702 = FACE_BOUND ( 'NONE', #864, .T. ) ;
#703 = CARTESIAN_POINT ( 'NONE',  ( 180.0439276101303676, 90.52349576871858972, 98.80026416096994524 ) ) ;
#704 = ORIENTED_EDGE ( 'NONE', *, *, #1776, .T. ) ;
#705 = AXIS2_PLACEMENT_3D ( 'NONE', #330, #399, #91 ) ;
#706 = EDGE_CURVE ( 'NONE', #2556, #299, #3568, .T. ) ;
#707 = DIRECTION ( 'NONE',  ( 0.7071067811865975328, 0.000000000000000000, 0.7071067811864976127 ) ) ;
#708 = B_SPLINE_CURVE_WITH_KNOTS ( 'NONE', 3,
 ( #2594, #52, #905, #650, #2854, #594, #922, #2317, #3105, #2010, #106, #889, #2870, #1757, #1446, #3440, #312, #1721 ),
 .UNSPECIFIED., .F., .F.,
 ( 4, 2, 2, 2, 2, 2, 2, 2, 4 ),
 ( -1.000000000000000000, -0.8750000000000000000, -0.7500000000000000000, -0.6250000000000000000, -0.5000000000000000000, -0.3750000000000000000, -0.2500000000000000000, -0.1250000000000000000, -0.000000000000000000 ),
 .UNSPECIFIED. ) ;
#709 = CYLINDRICAL_SURFACE ( 'NONE', #3470, 2.999999999999987121 ) ;
#710 = DIRECTION ( 'NONE',  ( 0.7071067811865475727, 0.000000000000000000, 0.7071067811865475727 ) ) ;
#711 = DIRECTION ( 'NONE',  ( 0.7071067811865475727, -0.000000000000000000, -0.7071067811865475727 ) ) ;
#712 = ORIENTED_EDGE ( 'NONE', *, *, #3380, .T. ) ;
#713 = ORIENTED_EDGE ( 'NONE', *, *, #294, .F. ) ;
#714 = CARTESIAN_POINT ( 'NONE',  ( 181.2116354976047035, 88.77090656005017877, 100.4609833980955074 ) ) ;
#715 = CARTESIAN_POINT ( 'NONE',  ( 181.8485027567000145, 12.00000000000000000, -96.99568901431999279 ) ) ;
#716 = CARTESIAN_POINT ( 'NONE',  ( 197.1726188958000137, 135.0000000000000000, -81.67157287524999276 ) ) ;
#717 = FACE_OUTER_BOUND ( 'NONE', #3601, .T. ) ;
#718 = DIRECTION ( 'NONE',  ( -0.7071067811865996422, 0.000000000000000000, -0.7071067811864955033 ) ) ;
#719 = DIRECTION ( 'NONE',  ( 0.7071067811864976127, 0.000000000000000000, -0.7071067811865975328 ) ) ;
#720 = VERTEX_POINT ( 'NONE', #1223 ) ;
#721 = CARTESIAN_POINT ( 'NONE',  ( 179.7105683957216229, 43.05205464666337178, 101.9620504999783464 ) ) ;
#722 = EDGE_CURVE ( 'NONE', #3152, #1895, #975, .T. ) ;
#723 = B_SPLINE_CURVE_WITH_KNOTS ( 'NONE', 3,
 ( #1108, #2512, #1949, #3096, #877, #2470, #1655, #3039, #603, #3057, #1377, #550, #2809, #25, #1417, #320, #2768, #567 ),
 .UNSPECIFIED., .F., .F.,
 ( 4, 2, 2, 2, 2, 2, 2, 2, 4 ),
 ( -1.000000000000000000, -0.8750000000000000000, -0.7500000000000000000, -0.6250000000000000000, -0.5000000000000000000, -0.3750000000000000000, -0.2500000000000000000, -0.1250000000000000000, -0.000000000000000000 ),
 .UNSPECIFIED. ) ;
#724 = EDGE_CURVE ( 'NONE', #3567, #1922, #2030, .T. ) ;
#725 = CARTESIAN_POINT ( 'NONE',  ( 180.0807358037000085, 112.5000000000000000, -101.5918830920000033 ) ) ;
#726 = CARTESIAN_POINT ( 'NONE',  ( 179.8956156812817255, 69.50000000000001421, -101.7770032144182579 ) ) ;
#727 = CARTESIAN_POINT ( 'NONE',  ( 177.4308016803773000, 88.99276203925818152, -101.4133900907225296 ) ) ;
#728 = B_SPLINE_CURVE_WITH_KNOTS ( 'NONE', 3,
 ( #1685, #1150, #848, #543, #2834, #813, #311, #2225, #1942, #831, #275, #51, #2799, #1992, #1957, #1647, #344, #1920 ),
 .UNSPECIFIED., .F., .F.,
 ( 4, 2, 2, 2, 2, 2, 2, 2, 4 ),
 ( -1.000000000000000000, -0.8750000000000000000, -0.7500000000000000000, -0.6250000000000000000, -0.5000000000000000000, -0.3750000000000000000, -0.2500000000000000000, -0.1250000000000000000, -0.000000000000000000 ),
 .UNSPECIFIED. ) ;
#729 = EDGE_CURVE ( 'NONE', #1600, #232, #1325, .T. ) ;
#730 = FACE_OUTER_BOUND ( 'NONE', #2240, .T. ) ;
#731 = VECTOR ( 'NONE', #840, 1000.000000000000114 ) ;
#732 = ORIENTED_EDGE ( 'NONE', *, *, #357, .F. ) ;
#733 = ORIENTED_EDGE ( 'NONE', *, *, #1592, .F. ) ;
#734 = CARTESIAN_POINT ( 'NONE',  ( 199.1726188958000137, 129.0000000000000000, -22.00000000000000000 ) ) ;
#735 = CARTESIAN_POINT ( 'NONE',  ( 178.6665222413570007, 90.00000000000000000, -103.0060966543930050 ) ) ;
#736 = CARTESIAN_POINT ( 'NONE',  ( 181.4949493660782025, 90.26179938779914380, 100.1776695296220367 ) ) ;
#737 = CARTESIAN_POINT ( 'NONE',  ( 192.8981212697202068, 125.5000000000048601, 88.77449762607983530 ) ) ;
#738 = DIRECTION ( 'NONE',  ( 0.7071067811865477948, -2.453269466693399468E-18, 0.7071067811865472397 ) ) ;
#739 = CARTESIAN_POINT ( 'NONE',  ( 179.9022428024326246, 21.49276203925819573, -98.94194896866747513 ) ) ;
#740 = EDGE_LOOP ( 'NONE', ( #521, #2751, #2023, #380 ) ) ;
#741 = DIRECTION ( 'NONE',  ( -1.000000000000000000, 0.000000000000000000, 0.000000000000000000 ) ) ;
#742 = ADVANCED_FACE ( 'NONE', ( #1917 ), #1664, .F. ) ;
#743 = VECTOR ( 'NONE', #2133, 1000.000000000000000 ) ;
#744 = EDGE_CURVE ( 'NONE', #807, #1199, #428, .T. ) ;
#745 = CARTESIAN_POINT ( 'NONE',  ( 199.1726188958000137, 117.0000000000000000, -20.00000000000000000 ) ) ;
#746 = CARTESIAN_POINT ( 'NONE',  ( 179.3685110113959524, 69.24757277670853739, -102.3041078843040026 ) ) ;
#747 = DIRECTION ( 'NONE',  ( 0.7071067811865451302, 0.000000000000000000, 0.7071067811865499042 ) ) ;
#748 = DIRECTION ( 'NONE',  ( 0.7071067811865475727, 0.000000000000000000, 0.7071067811865475727 ) ) ;
#749 = VECTOR ( 'NONE', #755, 1000.000000000000000 ) ;
#750 = ORIENTED_EDGE ( 'NONE', *, *, #1297, .T. ) ;
#751 = ORIENTED_EDGE ( 'NONE', *, *, #2260, .F. ) ;
#752 = CARTESIAN_POINT ( 'NONE',  ( 179.7105683957216229, 88.05205464666336468, 101.9620504999783464 ) ) ;
#753 = DIRECTION ( 'NONE',  ( 0.7071067811864976127, 0.000000000000000000, -0.7071067811865975328 ) ) ;
#754 = EDGE_LOOP ( 'NONE', ( #3350, #1115, #3336, #648 ) ) ;
#755 = DIRECTION ( 'NONE',  ( 0.000000000000000000, 0.000000000000000000, 1.000000000000000000 ) ) ;
#756 = CIRCLE ( 'NONE', #2791, 3.000000000000019096 ) ;
#757 = CARTESIAN_POINT ( 'NONE',  ( 179.9022428024326814, 23.50723796074179361, -98.94194896866747513 ) ) ;
#758 = AXIS2_PLACEMENT_3D ( 'NONE', #1909, #1579, #2708 ) ;
#759 = FACE_OUTER_BOUND ( 'NONE', #2677, .T. ) ;
#760 = LINE ( 'NONE', #1590, #2488 ) ;
#761 = ORIENTED_EDGE ( 'NONE', *, *, #2506, .T. ) ;
#762 = B_SPLINE_CURVE_WITH_KNOTS ( 'NONE', 3,
 ( #3148, #375, #323, #63 ),
 .UNSPECIFIED., .F., .F.,
 ( 4, 4 ),
 ( 0.000000000000000000, 1.000000000000000000 ),
 .UNSPECIFIED. ) ;
#763 = CIRCLE ( 'NONE', #1403, 3.000000000000028866 ) ;
#764 = CARTESIAN_POINT ( 'NONE',  ( 180.0807358037781967, 90.26179938779914380, -98.76345596732200249 ) ) ;
#765 = DIRECTION ( 'NONE',  ( -1.000000000000000000, 0.000000000000000000, 0.000000000000000000 ) ) ;
#766 = FACE_OUTER_BOUND ( 'NONE', #653, .T. ) ;
#767 = LINE ( 'NONE', #222, #2792 ) ;
#768 = ORIENTED_EDGE ( 'NONE', *, *, #1609, .F. ) ;
#769 = VERTEX_POINT ( 'NONE', #2425 ) ;
#770 = CARTESIAN_POINT ( 'NONE',  ( 178.8450152426773343, 88.99276203925819573, 102.8276036530225070 ) ) ;
#771 = LINE ( 'NONE', #1876, #2983 ) ;
#772 = ORIENTED_EDGE ( 'NONE', *, *, #1390, .T. ) ;
#773 = CARTESIAN_POINT ( 'NONE',  ( 180.2658559261283244, 69.50000000000001421, 101.4067629695717585 ) ) ;
#774 = DIRECTION ( 'NONE',  ( 0.7071067811865475727, 0.000000000000000000, 0.7071067811865475727 ) ) ;
#775 = ADVANCED_FACE ( 'NONE', ( #3326 ), #2991, .F. ) ;
#776 = DIRECTION ( 'NONE',  ( 1.000000000000000000, 0.000000000000000000, 0.000000000000000000 ) ) ;
#777 = VERTEX_POINT ( 'NONE', #1345 ) ;
#778 = DIRECTION ( 'NONE',  ( 0.000000000000000000, 1.000000000000000000, 0.000000000000000000 ) ) ;
#779 = AXIS2_PLACEMENT_3D ( 'NONE', #2164, #2772, #1112 ) ;
#780 = CARTESIAN_POINT ( 'NONE',  ( 179.7974219353046408, 91.22909343994982123, -99.04676983579548732 ) ) ;
#781 = CARTESIAN_POINT ( 'NONE',  ( 199.1726188958000137, 131.0000000000000000, -20.00000000000000000 ) ) ;
#782 = CARTESIAN_POINT ( 'NONE',  ( 181.4949493661030147, 90.00000000000000000, -100.1776695296469910 ) ) ;
#783 = FACE_OUTER_BOUND ( 'NONE', #3471, .T. ) ;
#784 = VERTEX_POINT ( 'NONE', #289 ) ;
#785 = EDGE_LOOP ( 'NONE', ( #3424, #3151, #541, #1123 ) ) ;
#786 = DIRECTION ( 'NONE',  ( -1.000000000000000000, 0.000000000000000000, 0.000000000000000000 ) ) ;
#787 = LINE ( 'NONE', #3360, #1764 ) ;
#788 = CIRCLE ( 'NONE', #1134, 2.000000000000002665 ) ;
#789 = ORIENTED_EDGE ( 'NONE', *, *, #108, .T. ) ;
#790 = CARTESIAN_POINT ( 'NONE',  ( 181.2116354976046750, 68.72909343994986386, 100.4609833980954932 ) ) ;
#791 = CARTESIAN_POINT ( 'NONE',  ( 179.5356225475055396, 69.09933368479639171, -99.30856922359463113 ) ) ;
#792 = ORIENTED_EDGE ( 'NONE', *, *, #2905, .T. ) ;
#793 = ADVANCED_FACE ( 'NONE', ( #3546 ), #518, .F. ) ;
#794 = DIRECTION ( 'NONE',  ( -1.000000000000000000, 0.000000000000000000, 0.000000000000000000 ) ) ;
#795 = ORIENTED_EDGE ( 'NONE', *, *, #1124, .F. ) ;
#796 = DIRECTION ( 'NONE',  ( 0.7071067811865475727, 0.000000000000000000, -0.7071067811865475727 ) ) ;
#797 = ADVANCED_FACE ( 'NONE', ( #557 ), #3566, .F. ) ;
#798 = CARTESIAN_POINT ( 'NONE',  ( 180.0807358037000085, 45.00000000000000000, -101.5918830920000033 ) ) ;
#799 = DIRECTION ( 'NONE',  ( 1.000000000000000000, 0.000000000000000000, 0.000000000000000000 ) ) ;
#800 = CYLINDRICAL_SURFACE ( 'NONE', #617, 1.999999999999992895 ) ;
#801 = CARTESIAN_POINT ( 'NONE',  ( 177.9542974490959466, 43.25242722329147682, -100.8898943220040110 ) ) ;
#802 = ORIENTED_EDGE ( 'NONE', *, *, #3337, .F. ) ;
#803 = ORIENTED_EDGE ( 'NONE', *, *, #1996, .T. ) ;
#804 = OPEN_SHELL ( 'NONE', ( #3553, #3112 ) ) ;
#805 = CARTESIAN_POINT ( 'NONE',  ( 180.5521403245247711, 44.99999999999999289, -99.23486048806857696 ) ) ;
#806 = CARTESIAN_POINT ( 'NONE',  ( 199.1726188958000137, 131.0000000000000000, -10.00000000000000000 ) ) ;
#807 = VERTEX_POINT ( 'NONE', #845 ) ;
#808 = DIRECTION ( 'NONE',  ( 0.7071067811865475727, 0.000000000000000000, -0.7071067811865475727 ) ) ;
#809 = CIRCLE ( 'NONE', #2787, 2.000000000000001776 ) ;
#810 = CARTESIAN_POINT ( 'NONE',  ( 177.9542974490959750, 114.2475727767085232, -100.8898943220039968 ) ) ;
#811 = ORIENTED_EDGE ( 'NONE', *, *, #2549, .F. ) ;
#812 = ORIENTED_EDGE ( 'NONE', *, *, #1226, .F. ) ;
#813 = CARTESIAN_POINT ( 'NONE',  ( 179.2116354976045614, 46.59933368479635618, 102.4609833980953937 ) ) ;
#814 = CARTESIAN_POINT ( 'NONE',  ( 179.0366896493883644, 43.05205464666337178, 99.80750212171163582 ) ) ;
#815 = EDGE_LOOP ( 'NONE', ( #2605, #2374 ) ) ;
#816 = DIRECTION ( 'NONE',  ( -0.7071067811865474617, 0.000000000000000000, 0.7071067811865474617 ) ) ;
#817 = CARTESIAN_POINT ( 'NONE',  ( 197.1726188958000137, 117.0000000000000000, -10.00000000000000000 ) ) ;
#818 = EDGE_CURVE ( 'NONE', #974, #1062, #1954, .T. ) ;
#819 = VECTOR ( 'NONE', #786, 1000.000000000000000 ) ;
#820 = AXIS2_PLACEMENT_3D ( 'NONE', #3077, #1931, #821 ) ;
#821 = DIRECTION ( 'NONE',  ( 0.7071067811865996422, 0.000000000000000000, -0.7071067811864955033 ) ) ;
#822 = CARTESIAN_POINT ( 'NONE',  ( 178.8450152426773343, 91.00723796074179006, -102.8276036530225070 ) ) ;
#823 = CARTESIAN_POINT ( 'NONE',  ( 178.7033304349797334, 89.47650423128146713, 102.9692884607200654 ) ) ;
#824 = OPEN_SHELL ( 'NONE', ( #1951, #3059 ) ) ;
#825 = CARTESIAN_POINT ( 'NONE',  ( 181.4949493661000020, 67.50000000000000000, 100.1776695296999975 ) ) ;
#826 = CARTESIAN_POINT ( 'NONE',  ( 177.7237131997819120, 45.00000000000000711, -102.0632876128180868 ) ) ;
#827 = DIRECTION ( 'NONE',  ( 0.000000000000000000, 0.000000000000000000, 1.000000000000000000 ) ) ;
#828 = DIRECTION ( 'NONE',  ( -1.000000000000000000, 0.000000000000000000, 0.000000000000000000 ) ) ;
#829 = ORIENTED_EDGE ( 'NONE', *, *, #2233, .T. ) ;
#830 = EDGE_LOOP ( 'NONE', ( #3353, #1258 ) ) ;
#831 = CARTESIAN_POINT ( 'NONE',  ( 180.2658559261283244, 47.00000000000000711, 101.4067629695717585 ) ) ;
#832 = CARTESIAN_POINT ( 'NONE',  ( 177.2891168726796991, 44.47650423128145292, 101.5550748984200879 ) ) ;
#833 = ORIENTED_EDGE ( 'NONE', *, *, #1268, .T. ) ;
#834 = FACE_OUTER_BOUND ( 'NONE', #2729, .T. ) ;
#835 = CIRCLE ( 'NONE', #1000, 2.999999999999988898 ) ;
#836 = CARTESIAN_POINT ( 'NONE',  ( 180.9498361098054886, 65.90066631520365092, 100.7227827858946370 ) ) ;
#837 = VERTEX_POINT ( 'NONE', #3064 ) ;
#838 = DIRECTION ( 'NONE',  ( 0.7071067811865475727, 0.000000000000000000, 0.7071067811865475727 ) ) ;
#839 = EDGE_CURVE ( 'NONE', #573, #2054, #1850, .T. ) ;
#840 = DIRECTION ( 'NONE',  ( -0.7071067811864976127, 0.000000000000000000, 0.7071067811865975328 ) ) ;
#841 = CARTESIAN_POINT ( 'NONE',  ( 197.1726188958000137, 119.0000000000000000, -22.00000000000000000 ) ) ;
#842 = ADVANCED_FACE ( 'NONE', ( #2573 ), #2795, .F. ) ;
#843 = DIRECTION ( 'NONE',  ( 0.000000000000000000, 1.000000000000000000, 0.000000000000000000 ) ) ;
#844 = CARTESIAN_POINT ( 'NONE',  ( 177.9542974490959750, 88.25242722329149103, 100.8898943220039968 ) ) ;
#845 = CARTESIAN_POINT ( 'NONE',  ( 177.2523086790070010, 67.50000000000000000, -101.5918830920429912 ) ) ;
#846 = ORIENTED_EDGE ( 'NONE', *, *, #2284, .F. ) ;
#847 = VERTEX_POINT ( 'NONE', #3433 ) ;
#848 = CARTESIAN_POINT ( 'NONE',  ( 178.7033304349797334, 45.52349576871856840, 102.9692884607200796 ) ) ;
#849 = DIRECTION ( 'NONE',  ( 0.7071067811865996422, 0.000000000000000000, 0.7071067811864955033 ) ) ;
#850 = B_SPLINE_CURVE_WITH_KNOTS ( 'NONE', 3,
 ( #2970, #1582, #2127, #2695, #2937, #3562, #1288, #444, #3206, #1057, #3225, #2987, #464, #225, #1320, #1549, #2421, #191 ),
 .UNSPECIFIED., .F., .F.,
 ( 4, 2, 2, 2, 2, 2, 2, 2, 4 ),
 ( -1.000000000000000000, -0.8750000000000000000, -0.7500000000000000000, -0.6250000000000000000, -0.5000000000000000000, -0.3750000000000000000, -0.2500000000000000000, -0.1250000000000000000, -0.000000000000000000 ),
 .UNSPECIFIED. ) ;
#851 = ORIENTED_EDGE ( 'NONE', *, *, #3535, .F. ) ;
#852 = CARTESIAN_POINT ( 'NONE',  ( 178.6665222413570007, 45.00000000000000000, 103.0060966543930050 ) ) ;
#853 = CARTESIAN_POINT ( 'NONE',  ( 177.2891168726797844, 23.02349576871855064, 101.5550748984200879 ) ) ;
#854 = CARTESIAN_POINT ( 'NONE',  ( 180.0807358037505139, 67.50000000000000000, 98.76345596729450449 ) ) ;
#855 = VERTEX_POINT ( 'NONE', #3382 ) ;
#856 = DIRECTION ( 'NONE',  ( -1.000000000000000000, 0.000000000000000000, 0.000000000000000000 ) ) ;
#857 = FACE_OUTER_BOUND ( 'NONE', #937, .T. ) ;
#858 = ADVANCED_FACE ( 'NONE', ( #360 ), #2517, .F. ) ;
#859 = B_SPLINE_CURVE_WITH_KNOTS ( 'NONE', 3,
 ( #48, #3134, #882, #3100, #608, #101, #83, #3150, #1440, #863, #2005, #1716, #2310, #3399, #3083, #1179, #2293, #1474 ),
 .UNSPECIFIED., .F., .F.,
 ( 4, 2, 2, 2, 2, 2, 2, 2, 4 ),
 ( -1.000000000000000000, -0.8750000000000000000, -0.7500000000000000000, -0.6250000000000000000, -0.5000000000000000000, -0.3750000000000000000, -0.2500000000000000000, -0.1250000000000000000, -0.000000000000000000 ),
 .UNSPECIFIED. ) ;
#860 = EDGE_CURVE ( 'NONE', #2259, #3034, #859, .T. ) ;
#861 = CARTESIAN_POINT ( 'NONE',  ( 178.1951177205819192, 45.00000000000000711, -102.5346921336180941 ) ) ;
#862 = CYLINDRICAL_SURFACE ( 'NONE', #304, 5.999999999999998224 ) ;
#863 = CARTESIAN_POINT ( 'NONE',  ( 179.8956156812817255, 47.00000000000000711, -101.7770032144182579 ) ) ;
#864 = EDGE_LOOP ( 'NONE', ( #76, #610 ) ) ;
#865 = ORIENTED_EDGE ( 'NONE', *, *, #43, .T. ) ;
#866 = LINE ( 'NONE', #2262, #2867 ) ;
#867 = AXIS2_PLACEMENT_3D ( 'NONE', #1152, #1201, #2580 ) ;
#868 = CARTESIAN_POINT ( 'NONE',  ( 179.2116354976045614, 91.59933368479634908, 102.4609833980953937 ) ) ;
#869 = DIRECTION ( 'NONE',  ( -0.7071067811864976127, 0.000000000000000000, -0.7071067811865975328 ) ) ;
#870 = CIRCLE ( 'NONE', #928, 2.500000000000000888 ) ;
#871 = DIRECTION ( 'NONE',  ( 1.000000000000000000, 0.000000000000000000, 0.000000000000000000 ) ) ;
#872 = ORIENTED_EDGE ( 'NONE', *, *, #619, .T. ) ;
#873 = DIRECTION ( 'NONE',  ( 0.000000000000000000, 1.000000000000000000, 0.000000000000000000 ) ) ;
#874 = AXIS2_PLACEMENT_3D ( 'NONE', #2080, #738, #2392 ) ;
#875 = AXIS2_PLACEMENT_3D ( 'NONE', #1890, #1071, #2544 ) ;
#876 = VERTEX_POINT ( 'NONE', #2831 ) ;
#877 = CARTESIAN_POINT ( 'NONE',  ( 178.9498361098053465, 43.77090656005017877, -102.7227827858945233 ) ) ;
#878 = DIRECTION ( 'NONE',  ( 0.7071067811865475727, 0.000000000000000000, 0.7071067811865475727 ) ) ;
#879 = DIRECTION ( 'NONE',  ( 0.000000000000000000, 0.000000000000000000, -1.000000000000000000 ) ) ;
#880 = AXIS2_PLACEMENT_3D ( 'NONE', #3368, #2871, #2011 ) ;
#881 = CARTESIAN_POINT ( 'NONE',  ( 180.0807358037505139, 45.00000000000000000, -98.76345596729450449 ) ) ;
#882 = CARTESIAN_POINT ( 'NONE',  ( 181.4581411724302313, 45.52349576871856840, -100.2144777232699369 ) ) ;
#883 = B_SPLINE_CURVE_WITH_KNOTS ( 'NONE', 3,
 ( #1270, #2094, #1253, #2128 ),
 .UNSPECIFIED., .F., .F.,
 ( 4, 4 ),
 ( 0.000000000000000000, 1.000000000000000000 ),
 .UNSPECIFIED. ) ;
#884 = ORIENTED_EDGE ( 'NONE', *, *, #108, .F. ) ;
#885 = EDGE_LOOP ( 'NONE', ( #2466, #1065 ) ) ;
#886 = CARTESIAN_POINT ( 'NONE',  ( 181.0235448453264269, 22.50000000000000355, 99.70626500887024690 ) ) ;
#887 = CARTESIAN_POINT ( 'NONE',  ( 177.2523086789999809, 90.00000000000000000, 101.5918830920000033 ) ) ;
#888 = B_SPLINE_CURVE_WITH_KNOTS ( 'NONE', 3,
 ( #288, #1585, #1896, #1383 ),
 .UNSPECIFIED., .F., .F.,
 ( 4, 4 ),
 ( 0.000000000000000000, 1.000000000000000000 ),
 .UNSPECIFIED. ) ;
#889 = CARTESIAN_POINT ( 'NONE',  ( 177.9542974490959466, 65.75242722329146261, -100.8898943220040110 ) ) ;
#890 = EDGE_CURVE ( 'NONE', #2567, #282, #1506, .T. ) ;
#891 = CARTESIAN_POINT ( 'NONE',  ( 180.0807358037000085, 90.00000000000000000, 101.5918830920000033 ) ) ;
#892 = CARTESIAN_POINT ( 'NONE',  ( 177.4308016803773000, 111.4927620392582099, 101.4133900907225154 ) ) ;
#893 = EDGE_LOOP ( 'NONE', ( #669, #2713, #833, #2083 ) ) ;
#894 = LINE ( 'NONE', #1726, #1160 ) ;
#895 = CARTESIAN_POINT ( 'NONE',  ( 199.4250284676707849, 125.5000000000048601, -94.24759042812921450 ) ) ;
#896 = CARTESIAN_POINT ( 'NONE',  ( 178.6665222414000027, 112.5000000000000000, 103.0060966543999967 ) ) ;
#897 = VECTOR ( 'NONE', #3116, 1000.000000000000114 ) ;
#898 = CARTESIAN_POINT ( 'NONE',  ( 177.2891168726797844, 113.0234957687185755, 101.5550748984200879 ) ) ;
#899 = CARTESIAN_POINT ( 'NONE',  ( 177.2523086790318700, 45.26179938779915801, -101.5918830920679738 ) ) ;
#900 = DIRECTION ( 'NONE',  ( 0.7071067811865475727, 0.000000000000000000, 0.7071067811865475727 ) ) ;
#901 = EDGE_LOOP ( 'NONE', ( #1023, #3541 ) ) ;
#902 = ORIENTED_EDGE ( 'NONE', *, *, #818, .F. ) ;
#903 = EDGE_LOOP ( 'NONE', ( #2814, #566, #1693, #1148, #2180, #761, #3022, #1073 ) ) ;
#904 = DIRECTION ( 'NONE',  ( 0.000000000000000000, 0.000000000000000000, -1.000000000000000000 ) ) ;
#905 = CARTESIAN_POINT ( 'NONE',  ( 180.0439276101303676, 66.97650423128145292, -98.80026416096994524 ) ) ;
#906 = CARTESIAN_POINT ( 'NONE',  ( 185.0304832719999979, 123.0000000000000000, -96.64213562372999888 ) ) ;
#907 = EDGE_CURVE ( 'NONE', #3524, #3152, #2258, .T. ) ;
#908 = ADVANCED_FACE ( 'NONE', ( #2813 ), #1421, .F. ) ;
#909 = CARTESIAN_POINT ( 'NONE',  ( 177.2523086790070010, 112.5000000000000000, 101.5918830920429912 ) ) ;
#910 = ORIENTED_EDGE ( 'NONE', *, *, #2993, .T. ) ;
#911 = AXIS2_PLACEMENT_3D ( 'NONE', #3097, #604, #946 ) ;
#912 = ADVANCED_FACE ( 'NONE', ( #2897 ), #980, .F. ) ;
#913 = DIRECTION ( 'NONE',  ( 0.7071067811865996422, 0.000000000000000000, 0.7071067811864955033 ) ) ;
#914 = DIRECTION ( 'NONE',  ( 0.7071067811865975328, 0.000000000000000000, 0.7071067811864976127 ) ) ;
#915 = CARTESIAN_POINT ( 'NONE',  ( 181.4949493660781741, 22.23820061220085265, 100.1776695296219941 ) ) ;
#916 = DIRECTION ( 'NONE',  ( 0.7071067811864976127, 0.000000000000000000, -0.7071067811865975328 ) ) ;
#917 = CARTESIAN_POINT ( 'NONE',  ( 179.8956156812817255, 24.49999999999999645, -101.7770032144182579 ) ) ;
#918 = ORIENTED_EDGE ( 'NONE', *, *, #1498, .F. ) ;
#919 = VERTEX_POINT ( 'NONE', #1800 ) ;
#920 = DIRECTION ( 'NONE',  ( -0.7071067811864976127, 0.000000000000000000, 0.7071067811865975328 ) ) ;
#921 = CARTESIAN_POINT ( 'NONE',  ( 178.7033304349797334, 89.47650423128145292, -102.9692884607200796 ) ) ;
#922 = CARTESIAN_POINT ( 'NONE',  ( 179.3787470337140633, 65.75242722329150524, -99.46544473738599379 ) ) ;
#923 = CARTESIAN_POINT ( 'NONE',  ( 179.7105683957216229, 20.55205464666336113, -101.9620504999783464 ) ) ;
#924 = CIRCLE ( 'NONE', #229, 2.000000000000002665 ) ;
#925 = CARTESIAN_POINT ( 'NONE',  ( 178.2963548334216455, 110.5520546466633647, 100.5478369376783405 ) ) ;
#926 = VECTOR ( 'NONE', #2408, 1000.000000000000000 ) ;
#927 = EDGE_LOOP ( 'NONE', ( #1581, #811, #1408, #2576 ) ) ;
#928 = AXIS2_PLACEMENT_3D ( 'NONE', #3476, #139, #1291 ) ;
#929 = EDGE_CURVE ( 'NONE', #2766, #2040, #950, .T. ) ;
#930 = CYLINDRICAL_SURFACE ( 'NONE', #473, 1.999999999999992895 ) ;
#931 = CARTESIAN_POINT ( 'NONE',  ( 181.4949493661000020, 90.00000000000000000, -100.1776695296999975 ) ) ;
#932 = ADVANCED_FACE ( 'NONE', ( #730 ), #2675, .F. ) ;
#933 = CARTESIAN_POINT ( 'NONE',  ( 177.2523086790318416, 112.7617993877991296, 101.5918830920680023 ) ) ;
#934 = CARTESIAN_POINT ( 'NONE',  ( 178.2963548334216171, 88.05205464666336468, -100.5478369376783832 ) ) ;
#935 = CARTESIAN_POINT ( 'NONE',  ( 180.7929605960140691, 24.24757277670851607, -100.8796582996859996 ) ) ;
#936 = VERTEX_POINT ( 'NONE', #2090 ) ;
#937 = EDGE_LOOP ( 'NONE', ( #2179, #677, #635, #1166, #1149, #2598, #1584, #3074 ) ) ;
#938 = CIRCLE ( 'NONE', #2505, 5.999999999999998224 ) ;
#939 = CARTESIAN_POINT ( 'NONE',  ( 181.4949493661030147, 90.00000000000000000, 100.1776695296469910 ) ) ;
#940 = CARTESIAN_POINT ( 'NONE',  ( 180.4509032116883702, 88.05205464666336468, -101.2217156840116843 ) ) ;
#941 = CARTESIAN_POINT ( 'NONE',  ( 177.8151081272000056, 45.00000000000000000, 99.32625541548999593 ) ) ;
#942 = FACE_OUTER_BOUND ( 'NONE', #645, .T. ) ;
#943 = CARTESIAN_POINT ( 'NONE',  ( 178.8516423638283186, 110.5000000000000000, 99.99254940727173846 ) ) ;
#944 = ORIENTED_EDGE ( 'NONE', *, *, #1433, .T. ) ;
#945 = DIRECTION ( 'NONE',  ( 1.000000000000000000, 0.000000000000000000, 0.000000000000000000 ) ) ;
#946 = DIRECTION ( 'NONE',  ( 0.000000000000000000, 0.000000000000000000, -1.000000000000000000 ) ) ;
#947 = EDGE_CURVE ( 'NONE', #847, #1062, #2107, .T. ) ;
#948 = CARTESIAN_POINT ( 'NONE',  ( 185.0304832719999979, 12.00000000000000000, 96.64213562372999888 ) ) ;
#949 = CARTESIAN_POINT ( 'NONE',  ( 177.2523086790070010, 67.50000000000000000, 101.5918830920429912 ) ) ;
#950 = LINE ( 'NONE', #1248, #2614 ) ;
#951 = EDGE_LOOP ( 'NONE', ( #2165, #2640, #589, #1116 ) ) ;
#952 = ORIENTED_EDGE ( 'NONE', *, *, #3040, .F. ) ;
#953 = EDGE_CURVE ( 'NONE', #1565, #3307, #1684, .T. ) ;
#954 = PRESENTATION_STYLE_ASSIGNMENT (( #3455 ) ) ;
#955 = CARTESIAN_POINT ( 'NONE',  ( 181.4949493660782025, 89.73820061220084199, -100.1776695296220367 ) ) ;
#956 = CARTESIAN_POINT ( 'NONE',  ( 180.0807358037000085, 22.50000000000000000, 101.5918830920000033 ) ) ;
#957 = CARTESIAN_POINT ( 'NONE',  ( 178.6665222414000027, 112.5000000000000000, 100.1776695296999975 ) ) ;
#958 = CARTESIAN_POINT ( 'NONE',  ( 178.6665222413570007, 112.5000000000000000, -103.0060966543930050 ) ) ;
#959 = CARTESIAN_POINT ( 'NONE',  ( 177.5356225475053975, 21.27090656005016811, -101.3085692235945316 ) ) ;
#960 = VERTEX_POINT ( 'NONE', #2603 ) ;
#961 = CARTESIAN_POINT ( 'NONE',  ( 180.4509032116883986, 114.4479453533366211, -101.2217156840116559 ) ) ;
#962 = CARTESIAN_POINT ( 'NONE',  ( 181.4949493661000020, 123.0000000000000000, -100.1776695296999975 ) ) ;
#963 = CARTESIAN_POINT ( 'NONE',  ( 189.8894945617361998, 125.5000000000048601, -88.95469720931390611 ) ) ;
#964 = DIRECTION ( 'NONE',  ( 0.000000000000000000, 0.000000000000000000, 1.000000000000000000 ) ) ;
#965 = ADVANCED_FACE ( 'NONE', ( #134 ), #2053, .F. ) ;
#966 = VERTEX_POINT ( 'NONE', #393 ) ;
#967 = VERTEX_POINT ( 'NONE', #1563 ) ;
#968 = CARTESIAN_POINT ( 'NONE',  ( 181.3164563647326872, 113.5072379607418185, 100.3561625309675094 ) ) ;
#969 = CARTESIAN_POINT ( 'NONE',  ( 178.9498361098053465, 68.72909343994982123, 102.7227827858945233 ) ) ;
#970 = LINE ( 'NONE', #2959, #926 ) ;
#971 = EDGE_CURVE ( 'NONE', #2606, #1895, #1264, .T. ) ;
#972 = CARTESIAN_POINT ( 'NONE',  ( 178.6665222414000027, 112.5000000000000000, 100.1776695296999975 ) ) ;
#973 = CARTESIAN_POINT ( 'NONE',  ( 177.7974219353044987, 20.90066631520364382, -101.0467698357954021 ) ) ;
#974 = VERTEX_POINT ( 'NONE', #3203 ) ;
#975 = CIRCLE ( 'NONE', #2370, 2.000000000000002665 ) ;
#976 = CARTESIAN_POINT ( 'NONE',  ( 181.3164563647327157, 43.99276203925818862, 100.3561625309675094 ) ) ;
#977 = AXIS2_PLACEMENT_3D ( 'NONE', #2299, #3421, #3156 ) ;
#978 = CARTESIAN_POINT ( 'NONE',  ( 180.7929605960140691, 69.24757277670852318, -100.8796582996859996 ) ) ;
#979 = CARTESIAN_POINT ( 'NONE',  ( 177.7974219353044987, 88.40066631520363671, -101.0467698357954021 ) ) ;
#980 = CYLINDRICAL_SURFACE ( 'NONE', #3252, 1.999999999999992895 ) ;
#981 = ORIENTED_EDGE ( 'NONE', *, *, #1312, .T. ) ;
#982 = AXIS2_PLACEMENT_3D ( 'NONE', #992, #2754, #1360 ) ;
#983 = ORIENTED_EDGE ( 'NONE', *, *, #458, .F. ) ;
#984 = CARTESIAN_POINT ( 'NONE',  ( 197.1726188958000137, 106.0000000000000000, 55.50000000000000000 ) ) ;
#985 = CARTESIAN_POINT ( 'NONE',  ( 179.3787470337140633, 46.74757277670852318, 99.46544473738599379 ) ) ;
#986 = CARTESIAN_POINT ( 'NONE',  ( 180.9498361098054602, 91.59933368479637750, 100.7227827858946370 ) ) ;
#987 = CARTESIAN_POINT ( 'NONE',  ( 179.0366896493883644, 24.44794535333662822, -99.80750212171163582 ) ) ;
#988 = AXIS2_PLACEMENT_3D ( 'NONE', #2386, #1304, #172 ) ;
#989 = ADVANCED_FACE ( 'NONE', ( #2881 ), #1285, .F. ) ;
#990 = CIRCLE ( 'NONE', #2089, 2.000000000000002665 ) ;
#991 = EDGE_CURVE ( 'NONE', #1813, #3049, #1544, .T. ) ;
#992 = CARTESIAN_POINT ( 'NONE',  ( 177.8151081272000056, 112.5000000000000000, -99.32625541548999593 ) ) ;
#993 = CIRCLE ( 'NONE', #126, 2.999999999999999112 ) ;
#994 = CARTESIAN_POINT ( 'NONE',  ( 191.4839077073501983, 125.5000000000048601, 87.36028406370982680 ) ) ;
#995 = VERTEX_POINT ( 'NONE', #2330 ) ;
#996 = CARTESIAN_POINT ( 'NONE',  ( 199.1726188958000137, 0.000000000000000000, 70.00000000000000000 ) ) ;
#997 = DIRECTION ( 'NONE',  ( 1.000000000000000000, 0.000000000000000000, 0.000000000000000000 ) ) ;
#998 = DIRECTION ( 'NONE',  ( 0.7071067811865476838, 0.000000000000000000, 0.7071067811865474617 ) ) ;
#999 = CARTESIAN_POINT ( 'NONE',  ( 199.1726188958000137, 135.0000000000000000, 82.50000000000000000 ) ) ;
#1000 = AXIS2_PLACEMENT_3D ( 'NONE', #2520, #71, #2500 ) ;
#1001 = CARTESIAN_POINT ( 'NONE',  ( 177.8151081272000056, 112.5000000000000000, -99.32625541548999593 ) ) ;
#1002 = EDGE_LOOP ( 'NONE', ( #1449, #1407 ) ) ;
#1003 = ORIENTED_EDGE ( 'NONE', *, *, #1461, .T. ) ;
#1004 = LINE ( 'NONE', #3282, #235 ) ;
#1005 = CARTESIAN_POINT ( 'NONE',  ( 179.3685110113959809, 114.2475727767085516, 102.3041078843040168 ) ) ;
#1006 = CARTESIAN_POINT ( 'NONE',  ( 181.4949493661000020, 112.5000000000000000, -100.1776695296999975 ) ) ;
#1007 = CARTESIAN_POINT ( 'NONE',  ( 181.0235448453264269, 67.49999999999998579, -99.70626500887024690 ) ) ;
#1008 = FACE_BOUND ( 'NONE', #207, .T. ) ;
#1009 = CARTESIAN_POINT ( 'NONE',  ( 180.0807358037505139, 22.50000000000000000, -98.76345596729450449 ) ) ;
#1010 = EDGE_CURVE ( 'NONE', #2969, #720, #2555, .T. ) ;
#1011 = ORIENTED_EDGE ( 'NONE', *, *, #929, .F. ) ;
#1012 = EDGE_CURVE ( 'NONE', #1346, #1801, #301, .T. ) ;
#1013 = DIRECTION ( 'NONE',  ( 1.000000000000000000, 0.000000000000000000, 0.000000000000000000 ) ) ;
#1014 = EDGE_CURVE ( 'NONE', #1948, #2145, #3093, .T. ) ;
#1015 = PLANE ( 'NONE',  #3435 ) ;
#1016 = DIRECTION ( 'NONE',  ( -0.7071067811864976127, 0.000000000000000000, 0.7071067811865975328 ) ) ;
#1017 = DIRECTION ( 'NONE',  ( 0.7071067811865475727, -0.000000000000000000, -0.7071067811865475727 ) ) ;
#1018 = DIRECTION ( 'NONE',  ( 0.7071067811865475727, 0.000000000000000000, 0.7071067811865475727 ) ) ;
#1019 = ORIENTED_EDGE ( 'NONE', *, *, #2678, .T. ) ;
#1020 = ORIENTED_EDGE ( 'NONE', *, *, #357, .T. ) ;
#1021 = DIRECTION ( 'NONE',  ( 0.7071067811865475727, 0.000000000000000000, 0.7071067811865475727 ) ) ;
#1022 = CARTESIAN_POINT ( 'NONE',  ( 178.6665222414000027, 22.50000000000000000, 100.1776695296999975 ) ) ;
#1023 = ORIENTED_EDGE ( 'NONE', *, *, #1706, .F. ) ;
#1024 = DIRECTION ( 'NONE',  ( 0.7071067811865475727, -0.000000000000000000, 0.7071067811865475727 ) ) ;
#1025 = CARTESIAN_POINT ( 'NONE',  ( 199.1726188958000137, 123.0000000000000000, 60.00000000000000000 ) ) ;
#1026 = FACE_OUTER_BOUND ( 'NONE', #2304, .T. ) ;
#1027 = CARTESIAN_POINT ( 'NONE',  ( 178.8516423638283186, 92.00000000000000000, 99.99254940727176688 ) ) ;
#1028 = EDGE_LOOP ( 'NONE', ( #2022, #1251, #2825, #846 ) ) ;
#1029 = CARTESIAN_POINT ( 'NONE',  ( 180.7929605960140691, 43.25242722329148393, 100.8796582996859996 ) ) ;
#1030 = AXIS2_PLACEMENT_3D ( 'NONE', #3309, #2482, #575 ) ;
#1031 = CARTESIAN_POINT ( 'NONE',  ( 181.4949493661030147, 22.50000000000000000, 100.1776695296469910 ) ) ;
#1032 = EDGE_CURVE ( 'NONE', #2766, #1371, #601, .T. ) ;
#1033 = CARTESIAN_POINT ( 'NONE',  ( 181.2116354976047035, 68.72909343994982123, -100.4609833980955074 ) ) ;
#1034 = CARTESIAN_POINT ( 'NONE',  ( 181.4949493661000020, 45.00000000000000000, -100.1776695296999975 ) ) ;
#1035 = VECTOR ( 'NONE', #1323, 1000.000000000000114 ) ;
#1036 = VERTEX_POINT ( 'NONE', #206 ) ;
#1037 = ORIENTED_EDGE ( 'NONE', *, *, #3445, .T. ) ;
#1038 = DIRECTION ( 'NONE',  ( 0.7071067811865475727, 0.000000000000000000, -0.7071067811865475727 ) ) ;
#1039 = CARTESIAN_POINT ( 'NONE',  ( 180.4509032116883702, 114.4479453533366353, 101.2217156840116843 ) ) ;
#1040 = ORIENTED_EDGE ( 'NONE', *, *, #3315, .F. ) ;
#1041 = CARTESIAN_POINT ( 'NONE',  ( 197.1726188958000137, 0.000000000000000000, 81.67157287525999720 ) ) ;
#1042 = PRODUCT_DEFINITION_CONTEXT ( 'detailed design', #1924, 'design' ) ;
#1043 = CIRCLE ( 'NONE', #1324, 2.500000000000002220 ) ;
#1044 = CARTESIAN_POINT ( 'NONE',  ( 197.3037081241111537, 125.5000000000048601, -96.36891077168887421 ) ) ;
#1045 = CYLINDRICAL_SURFACE ( 'NONE', #1151, 5.999999999999998224 ) ;
#1046 = ORIENTED_EDGE ( 'NONE', *, *, #1863, .F. ) ;
#1047 = AXIS2_PLACEMENT_3D ( 'NONE', #598, #1375, #1692 ) ;
#1048 = CARTESIAN_POINT ( 'NONE',  ( 179.0366896493883644, 91.94794535333662111, -99.80750212171163582 ) ) ;
#1049 = VECTOR ( 'NONE', #3441, 1000.000000000000000 ) ;
#1050 = CYLINDRICAL_SURFACE ( 'NONE', #2873, 2.000000000000000000 ) ;
#1051 = DIRECTION ( 'NONE',  ( 0.7071067811865996422, 0.000000000000000000, 0.7071067811864955033 ) ) ;
#1052 = EDGE_CURVE ( 'NONE', #2734, #1296, #1976, .T. ) ;
#1053 = LINE ( 'NONE', #2967, #1327 ) ;
#1054 = ORIENTED_EDGE ( 'NONE', *, *, #1250, .F. ) ;
#1055 = EDGE_CURVE ( 'NONE', #1478, #2766, #767, .T. ) ;
#1056 = VERTEX_POINT ( 'NONE', #2271 ) ;
#1057 = CARTESIAN_POINT ( 'NONE',  ( 178.4814021189816913, 110.5000000000000000, -100.3627896521182521 ) ) ;
#1058 = CARTESIAN_POINT ( 'NONE',  ( 180.0807358037000085, 45.00000000000000000, -101.5918830920000033 ) ) ;
#1059 = ORIENTED_EDGE ( 'NONE', *, *, #1183, .F. ) ;
#1060 = DIRECTION ( 'NONE',  ( -0.7071067811865451302, 0.000000000000000000, -0.7071067811865499042 ) ) ;
#1061 = DIRECTION ( 'NONE',  ( 0.7071067811865451302, 0.000000000000000000, 0.7071067811865499042 ) ) ;
#1062 = VERTEX_POINT ( 'NONE', #2823 ) ;
#1063 = EDGE_CURVE ( 'NONE', #2655, #1623, #1053, .T. ) ;
#1064 = CARTESIAN_POINT ( 'NONE',  ( 183.2627163190999795, 123.0000000000000000, -98.40990257669999153 ) ) ;
#1065 = ORIENTED_EDGE ( 'NONE', *, *, #3016, .T. ) ;
#1066 = FACE_OUTER_BOUND ( 'NONE', #23, .T. ) ;
#1067 = AXIS2_PLACEMENT_3D ( 'NONE', #3200, #998, #2360 ) ;
#1068 = CARTESIAN_POINT ( 'NONE',  ( 179.0366896493883644, 24.44794535333663887, 99.80750212171165003 ) ) ;
#1069 = CARTESIAN_POINT ( 'NONE',  ( 177.2523086789999809, 22.50000000000000000, 101.5918830920000033 ) ) ;
#1070 = CARTESIAN_POINT ( 'NONE',  ( 180.4509032116883986, 91.94794535333662111, -101.2217156840116559 ) ) ;
#1071 = DIRECTION ( 'NONE',  ( 0.7071067811865475727, 0.000000000000000000, 0.7071067811865475727 ) ) ;
#1072 = ORIENTED_EDGE ( 'NONE', *, *, #1833, .T. ) ;
#1073 = ORIENTED_EDGE ( 'NONE', *, *, #729, .T. ) ;
#1074 = DIRECTION ( 'NONE',  ( 1.000000000000000000, 0.000000000000000000, 0.000000000000000000 ) ) ;
#1075 = CARTESIAN_POINT ( 'NONE',  ( 177.2523086790070010, 45.00000000000000000, 101.5918830920429912 ) ) ;
#1076 = CIRCLE ( 'NONE', #441, 2.500000000000000888 ) ;
#1077 = ORIENTED_EDGE ( 'NONE', *, *, #1362, .F. ) ;
#1078 = FACE_OUTER_BOUND ( 'NONE', #927, .T. ) ;
#1079 = DIRECTION ( 'NONE',  ( 0.000000000000000000, 1.000000000000000000, 0.000000000000000000 ) ) ;
#1080 = VERTEX_POINT ( 'NONE', #2984 ) ;
#1081 = ORIENTED_EDGE ( 'NONE', *, *, #3192, .F. ) ;
#1082 = CARTESIAN_POINT ( 'NONE',  ( 199.1726188958000137, 113.0000000000000000, -53.00000000000000000 ) ) ;
#1083 = EDGE_CURVE ( 'NONE', #1478, #1279, #335, .T. ) ;
#1084 = ORIENTED_EDGE ( 'NONE', *, *, #3194, .T. ) ;
#1085 = CARTESIAN_POINT ( 'NONE',  ( 179.3787470337140633, 20.75242722329148393, 99.46544473738597958 ) ) ;
#1086 = CYLINDRICAL_SURFACE ( 'NONE', #1507, 1.999999999999992895 ) ;
#1087 = DIRECTION ( 'NONE',  ( -0.7071067811865476838, -0.000000000000000000, 0.7071067811865474617 ) ) ;
#1088 = CARTESIAN_POINT ( 'NONE',  ( 179.2116354976045614, 91.59933368479637750, -102.4609833980953653 ) ) ;
#1089 = CARTESIAN_POINT ( 'NONE',  ( 199.1726188958000137, 106.0000000000000000, 47.50000000000000000 ) ) ;
#1090 = VECTOR ( 'NONE', #2715, 1000.000000000000114 ) ;
#1091 = DIRECTION ( 'NONE',  ( 0.7071067811864976127, -1.004219932346347311E-27, 0.7071067811865975328 ) ) ;
#1092 = DIRECTION ( 'NONE',  ( 1.000000000000000000, 0.000000000000000000, 0.000000000000000000 ) ) ;
#1093 = FACE_OUTER_BOUND ( 'NONE', #3508, .T. ) ;
#1094 = CARTESIAN_POINT ( 'NONE',  ( 177.2523086790318700, 67.76179938779915801, -101.5918830920679738 ) ) ;
#1095 = ORIENTED_EDGE ( 'NONE', *, *, #1144, .T. ) ;
#1096 = ORIENTED_EDGE ( 'NONE', *, *, #2284, .T. ) ;
#1097 = DIRECTION ( 'NONE',  ( -1.000000000000000000, 0.000000000000000000, 0.000000000000000000 ) ) ;
#1098 = CARTESIAN_POINT ( 'NONE',  ( 181.4949493661030147, 22.50000000000000000, 100.1776695296469910 ) ) ;
#1099 = ORIENTED_EDGE ( 'NONE', *, *, #2992, .T. ) ;
#1100 = CARTESIAN_POINT ( 'NONE',  ( 197.1726188958000137, 0.000000000000000000, -81.67157287524999276 ) ) ;
#1101 = ADVANCED_FACE ( 'NONE', ( #783 ), #1598, .F. ) ;
#1102 = EDGE_CURVE ( 'NONE', #2091, #1623, #3002, .T. ) ;
#1103 = CARTESIAN_POINT ( 'NONE',  ( 181.4581411724302313, 66.97650423128145292, 100.2144777232699369 ) ) ;
#1104 = ORIENTED_EDGE ( 'NONE', *, *, #2800, .T. ) ;
#1105 = B_SPLINE_CURVE_WITH_KNOTS ( 'NONE', 3,
 ( #3189, #498, #1602, #2712, #2352, #2643, #985, #1913, #3323, #2755, #305, #1678, #3283, #2457, #246, #1404, #1641, #1075 ),
 .UNSPECIFIED., .F., .F.,
 ( 4, 2, 2, 2, 2, 2, 2, 2, 4 ),
 ( -1.000000000000000000, -0.8750000000000000000, -0.7500000000000000000, -0.6250000000000000000, -0.5000000000000000000, -0.3750000000000000000, -0.2500000000000000000, -0.1250000000000000000, -0.000000000000000000 ),
 .UNSPECIFIED. ) ;
#1106 = ADVANCED_FACE ( 'NONE', ( #2692 ), #3020, .F. ) ;
#1107 = AXIS2_PLACEMENT_3D ( 'NONE', #3446, #3127, #2568 ) ;
#1108 = CARTESIAN_POINT ( 'NONE',  ( 178.6665222413570007, 45.00000000000000000, -103.0060966543930050 ) ) ;
#1109 = LINE ( 'NONE', #3341, #731 ) ;
#1110 = CYLINDRICAL_SURFACE ( 'NONE', #2732, 3.000000000000019096 ) ;
#1111 = OPEN_SHELL ( 'NONE', ( #3408, #1366 ) ) ;
#1112 = DIRECTION ( 'NONE',  ( 0.7071067811865996422, 0.000000000000000000, 0.7071067811864955033 ) ) ;
#1113 = DIRECTION ( 'NONE',  ( 1.000000000000000000, 0.000000000000000000, 0.000000000000000000 ) ) ;
#1114 = CARTESIAN_POINT ( 'NONE',  ( 180.0807358037505139, 67.50000000000000000, -98.76345596729450449 ) ) ;
#1115 = ORIENTED_EDGE ( 'NONE', *, *, #2571, .F. ) ;
#1116 = ORIENTED_EDGE ( 'NONE', *, *, #3429, .F. ) ;
#1117 = CARTESIAN_POINT ( 'NONE',  ( 180.0807358037505139, 22.50000000000000000, 98.76345596729450449 ) ) ;
#1118 = DIRECTION ( 'NONE',  ( 0.7071067811865996422, 1.387778780781443782E-14, -0.7071067811864955033 ) ) ;
#1119 = EDGE_LOOP ( 'NONE', ( #952, #1358 ) ) ;
#1120 = CARTESIAN_POINT ( 'NONE',  ( 180.0807358037505139, 22.50000000000000000, 98.76345596729450449 ) ) ;
#1121 = CARTESIAN_POINT ( 'NONE',  ( 180.0807358037000085, 67.50000000000000000, 101.5918830920000033 ) ) ;
#1122 = EDGE_CURVE ( 'NONE', #769, #3185, #127, .T. ) ;
#1123 = ORIENTED_EDGE ( 'NONE', *, *, #3605, .T. ) ;
#1124 = EDGE_CURVE ( 'NONE', #1813, #1948, #2472, .T. ) ;
#1125 = VECTOR ( 'NONE', #155, 1000.000000000000114 ) ;
#1126 = FACE_OUTER_BOUND ( 'NONE', #1708, .T. ) ;
#1127 = LINE ( 'NONE', #1378, #334 ) ;
#1128 = ADVANCED_FACE ( 'NONE', ( #2249 ), #2418, .F. ) ;
#1129 = CARTESIAN_POINT ( 'NONE',  ( 183.2627163190999795, 123.0000000000000000, -98.40990257669999153 ) ) ;
#1130 = DIRECTION ( 'NONE',  ( -0.7071067811865996422, 1.387778780781443782E-14, 0.7071067811864955033 ) ) ;
#1131 = CARTESIAN_POINT ( 'NONE',  ( 179.0366896493883644, 114.4479453533366353, -99.80750212171163582 ) ) ;
#1132 = VERTEX_POINT ( 'NONE', #3539 ) ;
#1133 = ORIENTED_EDGE ( 'NONE', *, *, #215, .F. ) ;
#1134 = AXIS2_PLACEMENT_3D ( 'NONE', #2433, #3574, #1051 ) ;
#1135 = CYLINDRICAL_SURFACE ( 'NONE', #1468, 70.00000000000000000 ) ;
#1136 = CARTESIAN_POINT ( 'NONE',  ( 178.8450152426772775, 91.00723796074179006, 102.8276036530225070 ) ) ;
#1137 = PLANE ( 'NONE',  #1334 ) ;
#1138 = CARTESIAN_POINT ( 'NONE',  ( 180.4509032116883986, 65.55205464666336468, 101.2217156840116559 ) ) ;
#1139 = ORIENTED_EDGE ( 'NONE', *, *, #3554, .F. ) ;
#1140 = CARTESIAN_POINT ( 'NONE',  ( 178.8516423638283186, 42.99999999999999289, -99.99254940727176688 ) ) ;
#1141 = VERTEX_POINT ( 'NONE', #1034 ) ;
#1142 = CARTESIAN_POINT ( 'NONE',  ( 180.0807358037000085, 67.50000000000000000, -101.5918830920000033 ) ) ;
#1143 = DIRECTION ( 'NONE',  ( -0.7071067811864948371, 0.000000000000000000, 0.7071067811866001973 ) ) ;
#1144 = EDGE_CURVE ( 'NONE', #960, #627, #3111, .T. ) ;
#1145 = DIRECTION ( 'NONE',  ( -0.7071067811865996422, 0.000000000000000000, 0.7071067811864955033 ) ) ;
#1146 = CARTESIAN_POINT ( 'NONE',  ( 177.9542974490959750, 46.74757277670852318, -100.8898943220039968 ) ) ;
#1147 = CARTESIAN_POINT ( 'NONE',  ( 181.4949493661030147, 22.50000000000000000, -100.1776695296469910 ) ) ;
#1148 = ORIENTED_EDGE ( 'NONE', *, *, #2413, .T. ) ;
#1149 = ORIENTED_EDGE ( 'NONE', *, *, #3147, .T. ) ;
#1150 = CARTESIAN_POINT ( 'NONE',  ( 178.6665222413318190, 45.26179938779913670, 103.0060966543679655 ) ) ;
#1151 = AXIS2_PLACEMENT_3D ( 'NONE', #1082, #776, #3033 ) ;
#1152 = CARTESIAN_POINT ( 'NONE',  ( 180.0807358037000085, 67.50000000000000000, -101.5918830920000033 ) ) ;
#1153 = DIRECTION ( 'NONE',  ( 0.7071067811865475727, 0.000000000000000000, 0.7071067811865475727 ) ) ;
#1154 = CARTESIAN_POINT ( 'NONE',  ( 178.6665222413570007, 67.50000000000000000, 103.0060966543930050 ) ) ;
#1155 = APPLICATION_PROTOCOL_DEFINITION ( 'draft international standard', 'automotive_design', 1998, #2242 ) ;
#1156 = EDGE_LOOP ( 'NONE', ( #394, #1555, #252, #1399 ) ) ;
#1157 = CARTESIAN_POINT ( 'NONE',  ( 177.8151081272000056, 22.50000000000000000, 99.32625541548999593 ) ) ;
#1158 = CARTESIAN_POINT ( 'NONE',  ( 177.2523086790070010, 112.5000000000000000, 101.5918830920429912 ) ) ;
#1159 = FACE_OUTER_BOUND ( 'NONE', #646, .T. ) ;
#1160 = VECTOR ( 'NONE', #3393, 1000.000000000000114 ) ;
#1161 = CARTESIAN_POINT ( 'NONE',  ( 181.3164563647327157, 21.49276203925819573, 100.3561625309675094 ) ) ;
#1162 = AXIS2_PLACEMENT_3D ( 'NONE', #1273, #2063, #3191 ) ;
#1163 = DIRECTION ( 'NONE',  ( -0.7071067811865996422, 0.000000000000000000, -0.7071067811864955033 ) ) ;
#1164 = CARTESIAN_POINT ( 'NONE',  ( 179.7105683957216229, 24.44794535333663887, -101.9620504999783464 ) ) ;
#1165 = EDGE_CURVE ( 'NONE', #3299, #2738, #894, .T. ) ;
#1166 = ORIENTED_EDGE ( 'NONE', *, *, #991, .F. ) ;
#1167 = ORIENTED_EDGE ( 'NONE', *, *, #41, .F. ) ;
#1168 = LINE ( 'NONE', #2206, #3338 ) ;
#1169 = LINE ( 'NONE', #2559, #499 ) ;
#1170 = CARTESIAN_POINT ( 'NONE',  ( 180.0807358037000085, 22.50000000000000000, -101.5918830920000033 ) ) ;
#1171 = LINE ( 'NONE', #1202, #1049 ) ;
#1172 = EDGE_CURVE ( 'NONE', #3392, #3417, #283, .T. ) ;
#1173 = CARTESIAN_POINT ( 'NONE',  ( 178.7033304349797334, 111.9765042312814245, 102.9692884607200654 ) ) ;
#1174 = ORIENTED_EDGE ( 'NONE', *, *, #577, .T. ) ;
#1175 = DIRECTION ( 'NONE',  ( -0.7071067811864948371, 0.000000000000000000, -0.7071067811866001973 ) ) ;
#1176 = DIRECTION ( 'NONE',  ( 0.7071067811864948371, 0.000000000000000000, 0.7071067811866001973 ) ) ;
#1177 = CARTESIAN_POINT ( 'NONE',  ( 179.7105683957216229, 20.55205464666336468, 101.9620504999783464 ) ) ;
#1178 = CARTESIAN_POINT ( 'NONE',  ( 177.2891168726796991, 89.47650423128145292, 101.5550748984200879 ) ) ;
#1179 = CARTESIAN_POINT ( 'NONE',  ( 178.7033304349797334, 45.52349576871857550, -102.9692884607200654 ) ) ;
#1180 = ORIENTED_EDGE ( 'NONE', *, *, #2860, .F. ) ;
#1181 = ORIENTED_EDGE ( 'NONE', *, *, #2077, .F. ) ;
#1182 = DIRECTION ( 'NONE',  ( -0.7071067811865996422, 0.000000000000000000, 0.7071067811864955033 ) ) ;
#1183 = EDGE_CURVE ( 'NONE', #1956, #2738, #3025, .T. ) ;
#1184 = DIRECTION ( 'NONE',  ( 0.000000000000000000, -1.000000000000000000, 0.000000000000000000 ) ) ;
#1185 = CARTESIAN_POINT ( 'NONE',  ( 180.0807358037000085, 112.5000000000000000, 98.76345596729001386 ) ) ;
#1186 = CARTESIAN_POINT ( 'NONE',  ( 179.3685110113959809, 20.75242722329148393, -102.3041078843040168 ) ) ;
#1187 = ADVANCED_FACE ( 'NONE', ( #1126 ), #2789, .F. ) ;
#1188 = CARTESIAN_POINT ( 'NONE',  ( 180.9498361098054886, 110.9006663152036651, 100.7227827858946370 ) ) ;
#1189 = VERTEX_POINT ( 'NONE', #3018 ) ;
#1190 = VECTOR ( 'NONE', #8, 1000.000000000000000 ) ;
#1191 = CARTESIAN_POINT ( 'NONE',  ( 193.4250284676707849, 125.5000000000048601, -88.24759042812922871 ) ) ;
#1192 = DIRECTION ( 'NONE',  ( 0.7071067811865996422, 0.000000000000000000, 0.7071067811864955033 ) ) ;
#1193 = CARTESIAN_POINT ( 'NONE',  ( 181.4949493661030147, 22.50000000000000000, 100.1776695296469910 ) ) ;
#1194 = CARTESIAN_POINT ( 'NONE',  ( 177.2891168726796991, 45.52349576871856840, -101.5550748984200879 ) ) ;
#1195 = CARTESIAN_POINT ( 'NONE',  ( 179.2116354976045614, 24.09933368479636684, -102.4609833980953653 ) ) ;
#1196 = EDGE_LOOP ( 'NONE', ( #1491, #3306 ) ) ;
#1197 = ORIENTED_EDGE ( 'NONE', *, *, #3164, .T. ) ;
#1198 = B_SPLINE_CURVE_WITH_KNOTS ( 'NONE', 3,
 ( #2761, #3050, #3386, #292 ),
 .UNSPECIFIED., .F., .F.,
 ( 4, 4 ),
 ( 0.000000000000000000, 1.000000000000000000 ),
 .UNSPECIFIED. ) ;
#1199 = VERTEX_POINT ( 'NONE', #1696 ) ;
#1200 = CARTESIAN_POINT ( 'NONE',  ( 179.3685110113959809, 88.25242722329150524, -102.3041078843040168 ) ) ;
#1201 = DIRECTION ( 'NONE',  ( 0.7071067811865475727, 0.000000000000000000, -0.7071067811865475727 ) ) ;
#1202 = CARTESIAN_POINT ( 'NONE',  ( 199.1726188958000137, 135.0000000000000000, 82.50000000000000000 ) ) ;
#1203 = AXIS2_PLACEMENT_3D ( 'NONE', #1370, #1309, #1348 ) ;
#1204 = CARTESIAN_POINT ( 'NONE',  ( 178.6665222413318475, 112.2382006122008704, 103.0060966543680223 ) ) ;
#1205 = EDGE_CURVE ( 'NONE', #1919, #777, #1629, .T. ) ;
#1206 = VERTEX_POINT ( 'NONE', #2216 ) ;
#1207 = CIRCLE ( 'NONE', #3247, 8.000000000000000000 ) ;
#1208 = EDGE_CURVE ( 'NONE', #3034, #2259, #723, .T. ) ;
#1209 = DIRECTION ( 'NONE',  ( -0.7071067811865996422, 0.000000000000000000, -0.7071067811864955033 ) ) ;
#1210 = CARTESIAN_POINT ( 'NONE',  ( 195.0194416132798665, 125.5000000000048601, 86.65317728252017559 ) ) ;
#1211 = VECTOR ( 'NONE', #2948, 1000.000000000000000 ) ;
#1212 = ADVANCED_FACE ( 'NONE', ( #258 ), #3357, .T. ) ;
#1213 = CARTESIAN_POINT ( 'NONE',  ( 179.9022428024326246, 113.5072379607417616, 98.94194896866747513 ) ) ;
#1214 = FACE_OUTER_BOUND ( 'NONE', #408, .T. ) ;
#1215 = CARTESIAN_POINT ( 'NONE',  ( 82.40557324097615322, 9.500000000000063949, 16.64664259057618878 ) ) ;
#1216 = ORIENTED_EDGE ( 'NONE', *, *, #2391, .T. ) ;
#1217 = EDGE_LOOP ( 'NONE', ( #2314, #1513, #3056, #2384 ) ) ;
#1218 = EDGE_LOOP ( 'NONE', ( #3170, #2047 ) ) ;
#1219 = CARTESIAN_POINT ( 'NONE',  ( 178.8516423638283186, 65.50000000000001421, 99.99254940727173846 ) ) ;
#1220 = CARTESIAN_POINT ( 'NONE',  ( 183.2627163190999795, 12.00000000000000000, -98.40990257669000130 ) ) ;
#1221 = ORIENTED_EDGE ( 'NONE', *, *, #2138, .F. ) ;
#1222 = CARTESIAN_POINT ( 'NONE',  ( 181.4949493661000020, 22.50000000000000000, -100.1776695296999975 ) ) ;
#1223 = CARTESIAN_POINT ( 'NONE',  ( 177.2523086790070010, 45.00000000000000000, -101.5918830920429912 ) ) ;
#1224 = CARTESIAN_POINT ( 'NONE',  ( 181.3164563647327157, 111.4927620392581815, 100.3561625309675094 ) ) ;
#1225 = EDGE_LOOP ( 'NONE', ( #2499, #1367 ) ) ;
#1226 = EDGE_CURVE ( 'NONE', #1442, #2952, #990, .T. ) ;
#1227 = CARTESIAN_POINT ( 'NONE',  ( 181.4949493661030147, 112.5000000000000000, -100.1776695296469910 ) ) ;
#1228 = EDGE_CURVE ( 'NONE', #188, #2627, #1454, .T. ) ;
#1229 = EDGE_CURVE ( 'NONE', #2333, #512, #1354, .T. ) ;
#1230 = DIRECTION ( 'NONE',  ( 0.7071067811865451302, 0.000000000000000000, 0.7071067811865499042 ) ) ;
#1231 = CARTESIAN_POINT ( 'NONE',  ( 181.4949493661030147, 112.5000000000000000, 100.1776695296469910 ) ) ;
#1232 = CARTESIAN_POINT ( 'NONE',  ( 180.4509032116883702, 65.55205464666337889, -101.2217156840116843 ) ) ;
#1233 = EDGE_LOOP ( 'NONE', ( #2557, #1046, #1653, #2760 ) ) ;
#1234 = ORIENTED_EDGE ( 'NONE', *, *, #1658, .T. ) ;
#1235 = AXIS2_PLACEMENT_3D ( 'NONE', #2601, #1714, #2255 ) ;
#1236 = ORIENTED_EDGE ( 'NONE', *, *, #1122, .F. ) ;
#1237 = CARTESIAN_POINT ( 'NONE',  ( 177.8151081272000056, 67.50000000000000000, 99.32625541548999593 ) ) ;
#1238 = CARTESIAN_POINT ( 'NONE',  ( 181.3164563647326872, 91.00723796074179006, 100.3561625309675094 ) ) ;
#1239 = DIRECTION ( 'NONE',  ( 0.7071067811865497932, 0.000000000000000000, -0.7071067811865451302 ) ) ;
#1240 = CARTESIAN_POINT ( 'NONE',  ( 197.1726188958000137, 123.0000000000000000, -62.50000000000000000 ) ) ;
#1241 = DIRECTION ( 'NONE',  ( 0.7071067811865475727, -0.000000000000000000, 0.7071067811865475727 ) ) ;
#1242 = ORIENTED_EDGE ( 'NONE', *, *, #2369, .F. ) ;
#1243 = CYLINDRICAL_SURFACE ( 'NONE', #2153, 3.000000000000019096 ) ;
#1244 = B_SPLINE_CURVE_WITH_KNOTS ( 'NONE', 3,
 ( #2819, #2540, #3407, #385 ),
 .UNSPECIFIED., .F., .F.,
 ( 4, 4 ),
 ( 0.000000000000000000, 1.000000000000000000 ),
 .UNSPECIFIED. ) ;
#1245 = EDGE_CURVE ( 'NONE', #3214, #784, #1984, .T. ) ;
#1246 = CARTESIAN_POINT ( 'NONE',  ( 197.3037081241111537, 125.5000000000048601, -96.36891077168887421 ) ) ;
#1247 = CARTESIAN_POINT ( 'NONE',  ( 179.9022428024326246, 68.50723796074179006, 98.94194896866747513 ) ) ;
#1248 = CARTESIAN_POINT ( 'NONE',  ( 197.1726188958000137, 0.000000000000000000, 70.00000000000000000 ) ) ;
#1249 = ORIENTED_EDGE ( 'NONE', *, *, #1658, .F. ) ;
#1250 = EDGE_CURVE ( 'NONE', #1386, #3186, #182, .T. ) ;
#1251 = ORIENTED_EDGE ( 'NONE', *, *, #3066, .T. ) ;
#1252 = CARTESIAN_POINT ( 'NONE',  ( 178.9498361098053749, 88.77090656005015035, 102.7227827858945233 ) ) ;
#1253 = CARTESIAN_POINT ( 'NONE',  ( 181.0235448453264269, 67.50000000000000000, 99.70626500887024690 ) ) ;
#1254 = DIRECTION ( 'NONE',  ( 0.7071067811864976127, 0.000000000000000000, -0.7071067811865975328 ) ) ;
#1255 = CARTESIAN_POINT ( 'NONE',  ( 178.4814021189817481, 24.50000000000000000, -100.3627896521182521 ) ) ;
#1256 = FACE_BOUND ( 'NONE', #815, .T. ) ;
#1257 = DIRECTION ( 'NONE',  ( 0.7071067811865475727, 0.000000000000000000, -0.7071067811865475727 ) ) ;
#1258 = ORIENTED_EDGE ( 'NONE', *, *, #1754, .T. ) ;
#1259 = CARTESIAN_POINT ( 'NONE',  ( 199.1726188958000137, 117.0000000000000000, -10.00000000000000000 ) ) ;
#1260 = AXIS2_PLACEMENT_3D ( 'NONE', #685, #2978, #2115 ) ;
#1261 = CARTESIAN_POINT ( 'NONE',  ( 177.7237131997819120, 22.49999999999999289, 102.0632876128180868 ) ) ;
#1262 = CARTESIAN_POINT ( 'NONE',  ( 178.9498361098053749, 68.72909343994986386, -102.7227827858945233 ) ) ;
#1263 = CARTESIAN_POINT ( 'NONE',  ( 180.0807358037505139, 90.00000000000000000, -98.76345596729450449 ) ) ;
#1264 = LINE ( 'NONE', #2362, #1689 ) ;
#1265 = VERTEX_POINT ( 'NONE', #1158 ) ;
#1266 = CIRCLE ( 'NONE', #409, 2.000000000000002665 ) ;
#1267 = ORIENTED_EDGE ( 'NONE', *, *, #3188, .T. ) ;
#1268 = EDGE_CURVE ( 'NONE', #1346, #599, #2273, .T. ) ;
#1269 = FACE_OUTER_BOUND ( 'NONE', #951, .T. ) ;
#1270 = CARTESIAN_POINT ( 'NONE',  ( 180.0807358037505139, 67.50000000000000000, 98.76345596729450449 ) ) ;
#1271 = CARTESIAN_POINT ( 'NONE',  ( 180.7929605960140407, 91.74757277670852318, 100.8796582996859996 ) ) ;
#1272 = EDGE_CURVE ( 'NONE', #995, #482, #528, .T. ) ;
#1273 = CARTESIAN_POINT ( 'NONE',  ( 199.1726188958000137, 129.0000000000000000, -10.00000000000000000 ) ) ;
#1274 = AXIS2_PLACEMENT_3D ( 'NONE', #2578, #87, #1182 ) ;
#1275 = AXIS2_PLACEMENT_3D ( 'NONE', #1675, #838, #2232 ) ;
#1276 = DIRECTION ( 'NONE',  ( -0.7071067811864948371, 0.000000000000000000, 0.7071067811866001973 ) ) ;
#1277 = CARTESIAN_POINT ( 'NONE',  ( 177.7974219353044987, 91.59933368479637750, 101.0467698357954021 ) ) ;
#1278 = EDGE_CURVE ( 'NONE', #807, #1565, #1897, .T. ) ;
#1279 = VERTEX_POINT ( 'NONE', #3592 ) ;
#1280 = CARTESIAN_POINT ( 'NONE',  ( 179.2116354976045614, 43.40066631520362961, 102.4609833980953653 ) ) ;
#1281 = CARTESIAN_POINT ( 'NONE',  ( 187.7681742181765685, 125.5000000000048601, -91.07601755287356582 ) ) ;
#1282 = CARTESIAN_POINT ( 'NONE',  ( 181.4949493661000020, 45.00000000000000000, 100.1776695296999975 ) ) ;
#1283 = CARTESIAN_POINT ( 'NONE',  ( 178.4814021189816913, 69.50000000000001421, 100.3627896521182521 ) ) ;
#1284 = CIRCLE ( 'NONE', #1935, 3.000000000000028866 ) ;
#1285 = CYLINDRICAL_SURFACE ( 'NONE', #1508, 3.000000000000028866 ) ;
#1286 = VERTEX_POINT ( 'NONE', #654 ) ;
#1287 = VERTEX_POINT ( 'NONE', #77 ) ;
#1288 = CARTESIAN_POINT ( 'NONE',  ( 179.3787470337140633, 110.7524272232914910, -99.46544473738599379 ) ) ;
#1289 = CARTESIAN_POINT ( 'NONE',  ( 181.4949493660782025, 112.7617993877991580, 100.1776695296220367 ) ) ;
#1290 = VERTEX_POINT ( 'NONE', #146 ) ;
#1291 = DIRECTION ( 'NONE',  ( 0.7071067811864948371, 0.000000000000000000, -0.7071067811866001973 ) ) ;
#1292 = CARTESIAN_POINT ( 'NONE',  ( 179.3787470337140633, 24.24757277670851252, -99.46544473738597958 ) ) ;
#1293 = VECTOR ( 'NONE', #1361, 1000.000000000000114 ) ;
#1294 = CARTESIAN_POINT ( 'NONE',  ( 199.1726188958000137, 129.0000000000000000, -8.000000000000000000 ) ) ;
#1295 = CARTESIAN_POINT ( 'NONE',  ( 199.1726188958000137, 129.0000000000000000, -8.000000000000000000 ) ) ;
#1296 = VERTEX_POINT ( 'NONE', #670 ) ;
#1297 = EDGE_CURVE ( 'NONE', #3214, #244, #1694, .T. ) ;
#1298 = DIRECTION ( 'NONE',  ( 0.7071067811865475727, 0.000000000000000000, 0.7071067811865475727 ) ) ;
#1299 = CARTESIAN_POINT ( 'NONE',  ( 180.4509032116883702, 24.44794535333663887, 101.2217156840116843 ) ) ;
#1300 = CARTESIAN_POINT ( 'NONE',  ( 178.6665222413318475, 67.76179938779915801, -103.0060966543680223 ) ) ;
#1301 = DIRECTION ( 'NONE',  ( -1.000000000000000000, 0.000000000000000000, 0.000000000000000000 ) ) ;
#1302 = ORIENTED_EDGE ( 'NONE', *, *, #43, .F. ) ;
#1303 = ORIENTED_EDGE ( 'NONE', *, *, #3585, .F. ) ;
#1304 = DIRECTION ( 'NONE',  ( 1.000000000000000000, 0.000000000000000000, 0.000000000000000000 ) ) ;
#1305 = CARTESIAN_POINT ( 'NONE',  ( 179.8956156812817540, 114.5000000000000142, 101.7770032144182863 ) ) ;
#1306 = EDGE_LOOP ( 'NONE', ( #2172, #3265 ) ) ;
#1307 = CARTESIAN_POINT ( 'NONE',  ( 181.4949493661000020, 67.50000000000000000, 100.1776695296999975 ) ) ;
#1308 = CARTESIAN_POINT ( 'NONE',  ( 177.7974219353044703, 114.0993336847963633, -101.0467698357954021 ) ) ;
#1309 = DIRECTION ( 'NONE',  ( 0.7071067811864976127, 0.000000000000000000, 0.7071067811865975328 ) ) ;
#1310 = EDGE_LOOP ( 'NONE', ( #2694, #119, #2781, #1322 ) ) ;
#1311 = CARTESIAN_POINT ( 'NONE',  ( 178.6665222413570007, 112.5000000000000000, -103.0060966543930050 ) ) ;
#1312 = EDGE_CURVE ( 'NONE', #2423, #1368, #1571, .T. ) ;
#1313 = AXIS2_PLACEMENT_3D ( 'NONE', #1170, #613, #2283 ) ;
#1314 = CARTESIAN_POINT ( 'NONE',  ( 178.9498361098053465, 23.72909343994982478, 102.7227827858945233 ) ) ;
#1315 = DIRECTION ( 'NONE',  ( 0.7071067811865475727, 0.000000000000000000, -0.7071067811865475727 ) ) ;
#1316 = EDGE_CURVE ( 'NONE', #936, #3544, #1486, .T. ) ;
#1317 = CARTESIAN_POINT ( 'NONE',  ( 177.2523086790318416, 44.73820061220084909, -101.5918830920680023 ) ) ;
#1318 = ORIENTED_EDGE ( 'NONE', *, *, #2998, .F. ) ;
#1319 = EDGE_LOOP ( 'NONE', ( #542, #659 ) ) ;
#1320 = CARTESIAN_POINT ( 'NONE',  ( 177.4308016803773000, 111.4927620392581957, -101.4133900907225296 ) ) ;
#1321 = PLANE ( 'NONE',  #3343 ) ;
#1322 = ORIENTED_EDGE ( 'NONE', *, *, #1055, .T. ) ;
#1323 = DIRECTION ( 'NONE',  ( -0.7071067811864976127, 0.000000000000000000, -0.7071067811865975328 ) ) ;
#1324 = AXIS2_PLACEMENT_3D ( 'NONE', #280, #1374, #2486 ) ;
#1325 = LINE ( 'NONE', #1898, #1090 ) ;
#1326 = ORIENTED_EDGE ( 'NONE', *, *, #2077, .T. ) ;
#1327 = VECTOR ( 'NONE', #2160, 1000.000000000000000 ) ;
#1328 = DIRECTION ( 'NONE',  ( -0.7071067811864976127, 0.000000000000000000, -0.7071067811865975328 ) ) ;
#1329 = ORIENTED_EDGE ( 'NONE', *, *, #1250, .T. ) ;
#1330 = FACE_BOUND ( 'NONE', #418, .T. ) ;
#1331 = AXIS2_PLACEMENT_3D ( 'NONE', #209, #1858, #480 ) ;
#1332 = AXIS2_PLACEMENT_3D ( 'NONE', #2880, #710, #3432 ) ;
#1333 = CARTESIAN_POINT ( 'NONE',  ( 181.4949493660781741, 44.73820061220084909, 100.1776695296219941 ) ) ;
#1334 = AXIS2_PLACEMENT_3D ( 'NONE', #3274, #2890, #2581 ) ;
#1335 = CARTESIAN_POINT ( 'NONE',  ( 199.1726188958000137, 131.0000000000000000, -8.000000000000000000 ) ) ;
#1336 = LINE ( 'NONE', #529, #2064 ) ;
#1337 = CARTESIAN_POINT ( 'NONE',  ( 197.1726188958000137, 0.000000000000000000, 70.00000000000000000 ) ) ;
#1338 = ORIENTED_EDGE ( 'NONE', *, *, #3518, .T. ) ;
#1339 = ORIENTED_EDGE ( 'NONE', *, *, #1272, .T. ) ;
#1340 = EDGE_CURVE ( 'NONE', #50, #960, #2733, .T. ) ;
#1341 = DIRECTION ( 'NONE',  ( 0.000000000000000000, 1.000000000000000000, 0.000000000000000000 ) ) ;
#1342 = CARTESIAN_POINT ( 'NONE',  ( 197.1726188958000137, 0.000000000000000000, 81.67157287525999720 ) ) ;
#1343 = VERTEX_POINT ( 'NONE', #638 ) ;
#1344 = CARTESIAN_POINT ( 'NONE',  ( 178.6665222414000027, 45.00000000000000000, 100.1776695296999975 ) ) ;
#1345 = CARTESIAN_POINT ( 'NONE',  ( 197.1726188958000137, 123.0000000000000000, 57.50000000000000000 ) ) ;
#1346 = VERTEX_POINT ( 'NONE', #1191 ) ;
#1347 = EDGE_LOOP ( 'NONE', ( #1990, #208, #2886, #3119 ) ) ;
#1348 = DIRECTION ( 'NONE',  ( 0.7071067811865996422, 0.000000000000000000, -0.7071067811864955033 ) ) ;
#1349 = ORIENTED_EDGE ( 'NONE', *, *, #2722, .T. ) ;
#1350 = DIRECTION ( 'NONE',  ( 0.7071067811865475727, 0.000000000000000000, -0.7071067811865475727 ) ) ;
#1351 = B_SPLINE_CURVE_WITH_KNOTS ( 'NONE', 3,
 ( #2238, #1715, #340, #359 ),
 .UNSPECIFIED., .F., .F.,
 ( 4, 4 ),
 ( 0.000000000000000000, 1.000000000000000000 ),
 .UNSPECIFIED. ) ;
#1352 = AXIS2_PLACEMENT_3D ( 'NONE', #612, #2316, #2263 ) ;
#1353 = DIRECTION ( 'NONE',  ( 0.7071067811865475727, 0.000000000000000000, -0.7071067811865475727 ) ) ;
#1354 = LINE ( 'NONE', #3375, #3502 ) ;
#1355 = CARTESIAN_POINT ( 'NONE',  ( 179.7105683957216229, 91.94794535333662111, -101.9620504999783464 ) ) ;
#1356 = DIRECTION ( 'NONE',  ( -0.7071067811865996422, 1.387778780781443782E-14, 0.7071067811864955033 ) ) ;
#1357 = ORIENTED_EDGE ( 'NONE', *, *, #3337, .T. ) ;
#1358 = ORIENTED_EDGE ( 'NONE', *, *, #1228, .F. ) ;
#1359 = DIRECTION ( 'NONE',  ( 0.7071067811865476838, 0.000000000000000000, -0.7071067811865474617 ) ) ;
#1360 = DIRECTION ( 'NONE',  ( 0.7071067811865475727, 0.000000000000000000, 0.7071067811865475727 ) ) ;
#1361 = DIRECTION ( 'NONE',  ( 0.7071067811865474617, 0.000000000000000000, 0.7071067811865474617 ) ) ;
#1362 = EDGE_CURVE ( 'NONE', #3084, #1575, #3142, .T. ) ;
#1363 = AXIS2_PLACEMENT_3D ( 'NONE', #2027, #2043, #72 ) ;
#1364 = DIRECTION ( 'NONE',  ( 0.7071067811865475727, 0.000000000000000000, 0.7071067811865475727 ) ) ;
#1365 = CARTESIAN_POINT ( 'NONE',  ( 177.9542974490959750, 69.24757277670852318, -100.8898943220039968 ) ) ;
#1366 = ADVANCED_FACE ( 'NONE', ( #95 ), #930, .F. ) ;
#1367 = ORIENTED_EDGE ( 'NONE', *, *, #2946, .T. ) ;
#1368 = VERTEX_POINT ( 'NONE', #2289 ) ;
#1369 = LINE ( 'NONE', #3086, #3513 ) ;
#1370 = CARTESIAN_POINT ( 'NONE',  ( 178.6665222414000027, 67.50000000000000000, 100.1776695296999975 ) ) ;
#1371 = VERTEX_POINT ( 'NONE', #3161 ) ;
#1372 = CARTESIAN_POINT ( 'NONE',  ( 197.1726188958000137, 106.0000000000000000, 39.50000000000000000 ) ) ;
#1373 = EDGE_CURVE ( 'NONE', #1368, #2423, #938, .T. ) ;
#1374 = DIRECTION ( 'NONE',  ( 1.000000000000000000, 0.000000000000000000, 0.000000000000000000 ) ) ;
#1375 = DIRECTION ( 'NONE',  ( 0.7071067811864976127, 0.000000000000000000, -0.7071067811865975328 ) ) ;
#1376 = EDGE_LOOP ( 'NONE', ( #2312, #2479, #2687, #1476 ) ) ;
#1377 = CARTESIAN_POINT ( 'NONE',  ( 180.4509032116883702, 43.05205464666337178, -101.2217156840116843 ) ) ;
#1378 = CARTESIAN_POINT ( 'NONE',  ( 181.4949493661000020, 12.00000000000000000, 100.1776695296999975 ) ) ;
#1379 = OPEN_SHELL ( 'NONE', ( #912, #1769 ) ) ;
#1380 = CARTESIAN_POINT ( 'NONE',  ( 181.4949493661030147, 45.00000000000000000, -100.1776695296469910 ) ) ;
#1381 = FACE_BOUND ( 'NONE', #1910, .T. ) ;
#1382 = FACE_BOUND ( 'NONE', #410, .T. ) ;
#1383 = CARTESIAN_POINT ( 'NONE',  ( 177.2523086790070010, 45.00000000000000000, 101.5918830920429912 ) ) ;
#1384 = AXIS2_PLACEMENT_3D ( 'NONE', #3173, #2095, #2076 ) ;
#1385 = CARTESIAN_POINT ( 'NONE',  ( 177.7237131997819120, 89.99999999999998579, 102.0632876128180868 ) ) ;
#1386 = VERTEX_POINT ( 'NONE', #2876 ) ;
#1387 = ORIENTED_EDGE ( 'NONE', *, *, #3445, .F. ) ;
#1388 = ADVANCED_FACE ( 'NONE', ( #389 ), #1243, .F. ) ;
#1389 = DIRECTION ( 'NONE',  ( 0.000000000000000000, -1.000000000000000000, 0.000000000000000000 ) ) ;
#1390 = EDGE_CURVE ( 'NONE', #967, #2776, #1400, .T. ) ;
#1391 = AXIS2_PLACEMENT_3D ( 'NONE', #3043, #1640, #718 ) ;
#1392 = CYLINDRICAL_SURFACE ( 'NONE', #3075, 1.999999999999992895 ) ;
#1393 = ORIENTED_EDGE ( 'NONE', *, *, #2035, .F. ) ;
#1394 = VECTOR ( 'NONE', #3183, 1000.000000000000114 ) ;
#1395 = CARTESIAN_POINT ( 'NONE',  ( 199.1726188958000137, 117.0000000000000000, -10.00000000000000000 ) ) ;
#1396 = EDGE_CURVE ( 'NONE', #269, #2054, #3028, .T. ) ;
#1397 = LINE ( 'NONE', #817, #3550 ) ;
#1398 = CARTESIAN_POINT ( 'NONE',  ( 178.2963548334216455, 65.55205464666336468, 100.5478369376783405 ) ) ;
#1399 = ORIENTED_EDGE ( 'NONE', *, *, #3040, .T. ) ;
#1400 = CIRCLE ( 'NONE', #3443, 2.000000000000002665 ) ;
#1401 = DIRECTION ( 'NONE',  ( -0.7071067811865996422, 0.000000000000000000, -0.7071067811864955033 ) ) ;
#1402 = CARTESIAN_POINT ( 'NONE',  ( 181.4949493660781741, 90.26179938779915801, -100.1776695296219941 ) ) ;
#1403 = AXIS2_PLACEMENT_3D ( 'NONE', #2122, #1017, #2213 ) ;
#1404 = CARTESIAN_POINT ( 'NONE',  ( 177.2891168726797844, 45.52349576871856129, 101.5550748984200879 ) ) ;
#1405 = DIRECTION ( 'NONE',  ( 0.7071067811864976127, 1.004219932346347311E-27, 0.7071067811865975328 ) ) ;
#1406 = CARTESIAN_POINT ( 'NONE',  ( 179.5356225475055396, 114.0993336847963491, -99.30856922359463113 ) ) ;
#1407 = ORIENTED_EDGE ( 'NONE', *, *, #3286, .F. ) ;
#1408 = ORIENTED_EDGE ( 'NONE', *, *, #2840, .F. ) ;
#1409 = CARTESIAN_POINT ( 'NONE',  ( 174.4238815543000101, 135.0000000000000000, -107.2487373414999894 ) ) ;
#1410 = CARTESIAN_POINT ( 'NONE',  ( 178.6665222413570007, 90.00000000000000000, 103.0060966543930050 ) ) ;
#1411 = FACE_BOUND ( 'NONE', #1959, .T. ) ;
#1412 = DIRECTION ( 'NONE',  ( -0.7071067811865996422, 0.000000000000000000, -0.7071067811864955033 ) ) ;
#1413 = CARTESIAN_POINT ( 'NONE',  ( 179.5356225475055396, 65.90066631520365092, 99.30856922359463113 ) ) ;
#1414 = VERTEX_POINT ( 'NONE', #2324 ) ;
#1415 = EDGE_CURVE ( 'NONE', #269, #265, #1545, .T. ) ;
#1416 = CIRCLE ( 'NONE', #1067, 3.000000000000019096 ) ;
#1417 = CARTESIAN_POINT ( 'NONE',  ( 181.3164563647326872, 43.99276203925820283, -100.3561625309675094 ) ) ;
#1418 = LINE ( 'NONE', #2531, #2235 ) ;
#1419 = CARTESIAN_POINT ( 'NONE',  ( 180.0807358037782251, 112.7617993877991438, 98.76345596732198828 ) ) ;
#1420 = DIRECTION ( 'NONE',  ( 0.000000000000000000, 0.000000000000000000, -1.000000000000000000 ) ) ;
#1421 = CYLINDRICAL_SURFACE ( 'NONE', #2434, 1.999999999999992895 ) ;
#1422 = VERTEX_POINT ( 'NONE', #3519 ) ;
#1423 = ORIENTED_EDGE ( 'NONE', *, *, #591, .T. ) ;
#1424 = VECTOR ( 'NONE', #1634, 1000.000000000000114 ) ;
#1425 = DIRECTION ( 'NONE',  ( -0.7071067811865474617, 0.000000000000000000, -0.7071067811865474617 ) ) ;
#1426 = CARTESIAN_POINT ( 'NONE',  ( 199.1726188958000137, 106.0000000000000000, 47.50000000000000000 ) ) ;
#1427 = CARTESIAN_POINT ( 'NONE',  ( 178.6665222413570007, 22.50000000000000000, -103.0060966543930050 ) ) ;
#1428 = FACE_OUTER_BOUND ( 'NONE', #3586, .T. ) ;
#1429 = CARTESIAN_POINT ( 'NONE',  ( 178.6665222414000027, 67.50000000000000000, 103.0060966543999967 ) ) ;
#1430 = ORIENTED_EDGE ( 'NONE', *, *, #3380, .F. ) ;
#1431 = DIRECTION ( 'NONE',  ( -0.7071067811865475727, -0.000000000000000000, 0.7071067811865475727 ) ) ;
#1432 = DIRECTION ( 'NONE',  ( -0.7071067811865474617, 0.000000000000000000, 0.7071067811865474617 ) ) ;
#1433 = EDGE_CURVE ( 'NONE', #3136, #2446, #527, .T. ) ;
#1434 = DIRECTION ( 'NONE',  ( 0.7071067811864976127, 0.000000000000000000, -0.7071067811865975328 ) ) ;
#1435 = MANIFOLD_SURFACE_SHAPE_REPRESENTATION ( '\X2\591658f3\X0\1-\X2\4e0b6539\X0\', ( #97, #3090 ), #1456 ) ;
#1436 = EDGE_CURVE ( 'NONE', #966, #395, #80, .T. ) ;
#1437 = CARTESIAN_POINT ( 'NONE',  ( 178.4814021189816913, 114.4999999999999716, 100.3627896521182521 ) ) ;
#1438 = FACE_OUTER_BOUND ( 'NONE', #2676, .T. ) ;
#1439 = B_SPLINE_CURVE_WITH_KNOTS ( 'NONE', 3,
 ( #3165, #1781, #2623, #1231 ),
 .UNSPECIFIED., .F., .F.,
 ( 4, 4 ),
 ( 0.000000000000000000, 1.000000000000000000 ),
 .UNSPECIFIED. ) ;
#1440 = CARTESIAN_POINT ( 'NONE',  ( 180.2658559261283244, 47.00000000000000711, -101.4067629695717585 ) ) ;
#1441 = EDGE_LOOP ( 'NONE', ( #1387, #1645, #1607, #678 ) ) ;
#1442 = VERTEX_POINT ( 'NONE', #3275 ) ;
#1443 = CARTESIAN_POINT ( 'NONE',  ( 180.0807358037000085, 90.00000000000000000, 101.5918830920000033 ) ) ;
#1444 = AXIS2_PLACEMENT_3D ( 'NONE', #1426, #2028, #1774 ) ;
#1445 = CARTESIAN_POINT ( 'NONE',  ( 181.4949493661000020, 12.00000000000000000, -100.1776695296999975 ) ) ;
#1446 = CARTESIAN_POINT ( 'NONE',  ( 177.4308016803773000, 66.49276203925819573, -101.4133900907225296 ) ) ;
#1447 = CARTESIAN_POINT ( 'NONE',  ( 178.7033304349797334, 21.97650423128144581, -102.9692884607200796 ) ) ;
#1448 = CARTESIAN_POINT ( 'NONE',  ( 180.4509032116883986, 110.5520546466633647, 101.2217156840116559 ) ) ;
#1449 = ORIENTED_EDGE ( 'NONE', *, *, #2657, .F. ) ;
#1450 = AXIS2_PLACEMENT_3D ( 'NONE', #3596, #1091, #2631 ) ;
#1451 = CARTESIAN_POINT ( 'NONE',  ( 178.1951177205819192, 67.50000000000000000, -102.5346921336180941 ) ) ;
#1452 = CARTESIAN_POINT ( 'NONE',  ( 181.4949493661030147, 90.00000000000000000, -100.1776695296469910 ) ) ;
#1453 = VECTOR ( 'NONE', #497, 1000.000000000000114 ) ;
#1454 = CIRCLE ( 'NONE', #1747, 2.000000000000002665 ) ;
#1455 = EDGE_CURVE ( 'NONE', #1462, #2815, #3339, .T. ) ;
#1456 =( GEOMETRIC_REPRESENTATION_CONTEXT ( 3 ) GLOBAL_UNCERTAINTY_ASSIGNED_CONTEXT ( ( #2096 ) ) GLOBAL_UNIT_ASSIGNED_CONTEXT ( ( #3055, #22, #2334 ) ) REPRESENTATION_CONTEXT ( 'NONE', 'WORKASPACE' ) );
#1457 = CARTESIAN_POINT ( 'NONE',  ( 177.4308016803773000, 113.5072379607418185, 101.4133900907225296 ) ) ;
#1458 = CARTESIAN_POINT ( 'NONE',  ( 179.9022428024326814, 46.00723796074178296, -98.94194896866747513 ) ) ;
#1459 = CARTESIAN_POINT ( 'NONE',  ( 177.8151081272000056, 112.5000000000000000, 99.32625541548999593 ) ) ;
#1460 = VERTEX_POINT ( 'NONE', #2980 ) ;
#1461 = EDGE_CURVE ( 'NONE', #477, #1286, #1610, .T. ) ;
#1462 = VERTEX_POINT ( 'NONE', #2448 ) ;
#1463 =( LENGTH_UNIT ( ) NAMED_UNIT ( * ) SI_UNIT ( .MILLI., .METRE. ) );
#1464 = FACE_OUTER_BOUND ( 'NONE', #1847, .T. ) ;
#1465 = DIRECTION ( 'NONE',  ( -0.7071067811865475727, 0.000000000000000000, 0.7071067811865475727 ) ) ;
#1466 = CARTESIAN_POINT ( 'NONE',  ( 181.2116354976046750, 21.27090656005016811, -100.4609833980954932 ) ) ;
#1467 = CARTESIAN_POINT ( 'NONE',  ( 177.9542974490959750, 110.7524272232914910, 100.8898943220039968 ) ) ;
#1468 = AXIS2_PLACEMENT_3D ( 'NONE', #3068, #3103, #3366 ) ;
#1469 = EDGE_LOOP ( 'NONE', ( #713, #1339, #3021, #2498 ) ) ;
#1470 = CARTESIAN_POINT ( 'NONE',  ( 180.7929605960140691, 114.2475727767085516, -100.8796582996859996 ) ) ;
#1471 = CARTESIAN_POINT ( 'NONE',  ( 199.1726188958000137, 0.000000000000000000, 82.50000000000000000 ) ) ;
#1472 = CARTESIAN_POINT ( 'NONE',  ( 178.2963548334216171, 114.4479453533366353, 100.5478369376783832 ) ) ;
#1473 = CARTESIAN_POINT ( 'NONE',  ( 179.5356225475055396, 88.40066631520363671, 99.30856922359463113 ) ) ;
#1474 = CARTESIAN_POINT ( 'NONE',  ( 178.6665222413570007, 45.00000000000000000, -103.0060966543930050 ) ) ;
#1475 = ORIENTED_EDGE ( 'NONE', *, *, #273, .F. ) ;
#1476 = ORIENTED_EDGE ( 'NONE', *, *, #2193, .T. ) ;
#1477 = EDGE_CURVE ( 'NONE', #477, #1290, #2327, .T. ) ;
#1478 = VERTEX_POINT ( 'NONE', #996 ) ;
#1479 = CARTESIAN_POINT ( 'NONE',  ( 178.6665222413318190, 89.73820061220085620, -103.0060966543679655 ) ) ;
#1480 = CARTESIAN_POINT ( 'NONE',  ( 183.6162697096999921, 123.0000000000000000, 95.22792206136000459 ) ) ;
#1481 = ADVANCED_FACE ( 'NONE', ( #234 ), #3199, .F. ) ;
#1482 = CARTESIAN_POINT ( 'NONE',  ( 181.3164563647326872, 21.49276203925820283, -100.3561625309675094 ) ) ;
#1483 = CARTESIAN_POINT ( 'NONE',  ( 180.7929605960140691, 110.7524272232914626, 100.8796582996859996 ) ) ;
#1484 = EDGE_CURVE ( 'NONE', #974, #602, #2688, .T. ) ;
#1485 = ORIENTED_EDGE ( 'NONE', *, *, #1711, .F. ) ;
#1486 = LINE ( 'NONE', #2015, #70 ) ;
#1487 = DIRECTION ( 'NONE',  ( 0.7071067811865975328, 0.000000000000000000, -0.7071067811864976127 ) ) ;
#1488 = CARTESIAN_POINT ( 'NONE',  ( 180.0807358037505139, 112.5000000000000000, 98.76345596729450449 ) ) ;
#1489 = CARTESIAN_POINT ( 'NONE',  ( 177.7974219353044987, 69.09933368479639171, 101.0467698357954021 ) ) ;
#1490 = CARTESIAN_POINT ( 'NONE',  ( 199.1726188958000137, 0.000000000000000000, -70.00000000000000000 ) ) ;
#1491 = ORIENTED_EDGE ( 'NONE', *, *, #3066, .F. ) ;
#1492 = B_SPLINE_CURVE_WITH_KNOTS ( 'NONE', 3,
 ( #1380, #1934, #805, #3042 ),
 .UNSPECIFIED., .F., .F.,
 ( 4, 4 ),
 ( 0.000000000000000000, 1.000000000000000000 ),
 .UNSPECIFIED. ) ;
#1493 = ORIENTED_EDGE ( 'NONE', *, *, #3498, .F. ) ;
#1494 = EDGE_LOOP ( 'NONE', ( #1216, #211, #1302, #2484 ) ) ;
#1495 = CARTESIAN_POINT ( 'NONE',  ( 181.2116354976046750, 88.77090656005015035, -100.4609833980954932 ) ) ;
#1496 = DIRECTION ( 'NONE',  ( 0.7071067811865475727, 0.000000000000000000, 0.7071067811865475727 ) ) ;
#1497 = CARTESIAN_POINT ( 'NONE',  ( 180.4509032116883702, 20.55205464666336468, -101.2217156840116843 ) ) ;
#1498 = EDGE_CURVE ( 'NONE', #1460, #1636, #1686, .T. ) ;
#1499 = AXIS2_PLACEMENT_3D ( 'NONE', #3087, #3388, #2836 ) ;
#1500 = ADVANCED_FACE ( 'NONE', ( #1816 ), #2230, .F. ) ;
#1501 = LINE ( 'NONE', #615, #2140 ) ;
#1502 = ORIENTED_EDGE ( 'NONE', *, *, #2906, .F. ) ;
#1503 = VECTOR ( 'NONE', #2496, 1000.000000000000114 ) ;
#1504 = ADVANCED_FACE ( 'NONE', ( #1428 ), #3091, .F. ) ;
#1505 = CARTESIAN_POINT ( 'NONE',  ( 181.0235448453264269, 112.4999999999999858, -99.70626500887024690 ) ) ;
#1506 = B_SPLINE_CURVE_WITH_KNOTS ( 'NONE', 3,
 ( #1147, #341, #2863, #3118, #625, #65, #935, #2554, #3416, #917, #1164, #2589, #1195, #2039, #658, #308, #30, #325 ),
 .UNSPECIFIED., .F., .F.,
 ( 4, 2, 2, 2, 2, 2, 2, 2, 4 ),
 ( -1.000000000000000000, -0.8750000000000000000, -0.7500000000000000000, -0.6250000000000000000, -0.5000000000000000000, -0.3750000000000000000, -0.2500000000000000000, -0.1250000000000000000, -0.000000000000000000 ),
 .UNSPECIFIED. ) ;
#1507 = AXIS2_PLACEMENT_3D ( 'NONE', #1121, #2468, #1353 ) ;
#1508 = AXIS2_PLACEMENT_3D ( 'NONE', #1215, #711, #2402 ) ;
#1509 = CARTESIAN_POINT ( 'NONE',  ( 179.2116354976045614, 69.09933368479637750, -102.4609833980953653 ) ) ;
#1510 = CARTESIAN_POINT ( 'NONE',  ( 179.3787470337140633, 69.24757277670852318, 99.46544473738599379 ) ) ;
#1511 = DIRECTION ( 'NONE',  ( 0.000000000000000000, -1.000000000000000000, 0.000000000000000000 ) ) ;
#1512 = ORIENTED_EDGE ( 'NONE', *, *, #1903, .F. ) ;
#1513 = ORIENTED_EDGE ( 'NONE', *, *, #1814, .F. ) ;
#1514 =( NAMED_UNIT ( * ) PLANE_ANGLE_UNIT ( ) SI_UNIT ( $, .RADIAN. ) );
#1515 = CARTESIAN_POINT ( 'NONE',  ( 178.6665222414000027, 90.00000000000000000, -100.1776695296999975 ) ) ;
#1516 = LINE ( 'NONE', #1222, #1559 ) ;
#1517 = FACE_BOUND ( 'NONE', #2231, .T. ) ;
#1518 = DIRECTION ( 'NONE',  ( 0.7071067811865975328, 0.000000000000000000, 0.7071067811864976127 ) ) ;
#1519 = CARTESIAN_POINT ( 'NONE',  ( 177.2523086790318416, 22.23820061220085265, -101.5918830920680023 ) ) ;
#1520 = ORIENTED_EDGE ( 'NONE', *, *, #3108, .F. ) ;
#1521 = B_SPLINE_CURVE_WITH_KNOTS ( 'NONE', 3,
 ( #1613, #303, #3041, #259 ),
 .UNSPECIFIED., .F., .F.,
 ( 4, 4 ),
 ( 0.000000000000000000, 1.000000000000000000 ),
 .UNSPECIFIED. ) ;
#1522 = CARTESIAN_POINT ( 'NONE',  ( 179.8956156812817255, 114.4999999999999716, -101.7770032144182579 ) ) ;
#1523 = ADVANCED_FACE ( 'NONE', ( #3572 ), #1086, .F. ) ;
#1524 = DIRECTION ( 'NONE',  ( 0.7071067811865474617, 0.000000000000000000, -0.7071067811865474617 ) ) ;
#1525 = CARTESIAN_POINT ( 'NONE',  ( 185.0304832721000139, 12.00000000000000000, -96.64213562372999888 ) ) ;
#1526 = CARTESIAN_POINT ( 'NONE',  ( 181.3164563647326872, 66.49276203925819573, -100.3561625309675094 ) ) ;
#1527 = ORIENTED_EDGE ( 'NONE', *, *, #1102, .T. ) ;
#1528 = ORIENTED_EDGE ( 'NONE', *, *, #1633, .T. ) ;
#1529 = VECTOR ( 'NONE', #165, 1000.000000000000114 ) ;
#1530 =( NAMED_UNIT ( * ) SI_UNIT ( $, .STERADIAN. ) SOLID_ANGLE_UNIT ( ) );
#1531 = CARTESIAN_POINT ( 'NONE',  ( 180.9498361098054602, 114.0993336847963633, 100.7227827858946370 ) ) ;
#1532 = CARTESIAN_POINT ( 'NONE',  ( 180.4509032116883702, 91.94794535333662111, 101.2217156840116843 ) ) ;
#1533 = CARTESIAN_POINT ( 'NONE',  ( 177.5356225475053407, 23.72909343994983544, -101.3085692235945316 ) ) ;
#1534 = FACE_BOUND ( 'NONE', #3154, .T. ) ;
#1535 = CYLINDRICAL_SURFACE ( 'NONE', #2898, 1.999999999999992895 ) ;
#1536 = ORIENTED_EDGE ( 'NONE', *, *, #2391, .F. ) ;
#1537 = CARTESIAN_POINT ( 'NONE',  ( 178.6665222413570007, 45.00000000000000000, 103.0060966543930050 ) ) ;
#1538 = CIRCLE ( 'NONE', #671, 2.000000000000002665 ) ;
#1539 = EDGE_CURVE ( 'NONE', #1189, #193, #600, .T. ) ;
#1540 = ADVANCED_FACE ( 'NONE', ( #3369 ), #1961, .F. ) ;
#1541 = CARTESIAN_POINT ( 'NONE',  ( 199.1726188958000137, 123.0000000000000000, -60.00000000000000000 ) ) ;
#1542 = FACE_OUTER_BOUND ( 'NONE', #1469, .T. ) ;
#1543 = CARTESIAN_POINT ( 'NONE',  ( 177.9542974490959466, 69.24757277670852318, 100.8898943220040110 ) ) ;
#1544 = LINE ( 'NONE', #1490, #2143 ) ;
#1545 = B_SPLINE_CURVE_WITH_KNOTS ( 'NONE', 3,
 ( #1227, #1744, #2342, #372, #3113, #3465, #1470, #961, #2068, #1522, #2634, #1728, #2359, #3411, #2001, #2841, #2397, #1311 ),
 .UNSPECIFIED., .F., .F.,
 ( 4, 2, 2, 2, 2, 2, 2, 2, 4 ),
 ( -1.000000000000000000, -0.8750000000000000000, -0.7500000000000000000, -0.6250000000000000000, -0.5000000000000000000, -0.3750000000000000000, -0.2500000000000000000, -0.1250000000000000000, -0.000000000000000000 ),
 .UNSPECIFIED. ) ;
#1546 = ORIENTED_EDGE ( 'NONE', *, *, #376, .F. ) ;
#1547 = ORIENTED_EDGE ( 'NONE', *, *, #2665, .T. ) ;
#1548 = EDGE_CURVE ( 'NONE', #1286, #15, #1397, .T. ) ;
#1549 = CARTESIAN_POINT ( 'NONE',  ( 177.2891168726797844, 111.9765042312814245, -101.5550748984200879 ) ) ;
#1550 = CARTESIAN_POINT ( 'NONE',  ( 178.8450152426772775, 113.5072379607418043, 102.8276036530225070 ) ) ;
#1551 = FACE_OUTER_BOUND ( 'NONE', #3120, .T. ) ;
#1552 = FACE_BOUND ( 'NONE', #1955, .T. ) ;
#1553 = DIRECTION ( 'NONE',  ( 0.000000000000000000, 0.000000000000000000, 1.000000000000000000 ) ) ;
#1554 = CARTESIAN_POINT ( 'NONE',  ( 179.0366896493883644, 91.94794535333662111, 99.80750212171165003 ) ) ;
#1555 = ORIENTED_EDGE ( 'NONE', *, *, #2721, .F. ) ;
#1556 = AXIS2_PLACEMENT_3D ( 'NONE', #1064, #1900, #2155 ) ;
#1557 = AXIS2_PLACEMENT_3D ( 'NONE', #737, #1844, #1239 ) ;
#1558 = CARTESIAN_POINT ( 'NONE',  ( 181.4581411724302313, 44.47650423128145292, 100.2144777232699369 ) ) ;
#1559 = VECTOR ( 'NONE', #466, 1000.000000000000114 ) ;
#1560 = CARTESIAN_POINT ( 'NONE',  ( 181.8485027567000145, 12.00000000000000000, -96.99568901431999279 ) ) ;
#1561 = CARTESIAN_POINT ( 'NONE',  ( 174.4238815543000101, 135.0000000000000000, 107.2487373414999894 ) ) ;
#1562 = CARTESIAN_POINT ( 'NONE',  ( 181.4949493661000020, 90.00000000000000000, -100.1776695296999975 ) ) ;
#1563 = CARTESIAN_POINT ( 'NONE',  ( 177.2523086789999809, 67.50000000000000000, -101.5918830920000033 ) ) ;
#1564 = VERTEX_POINT ( 'NONE', #2784 ) ;
#1565 = VERTEX_POINT ( 'NONE', #3036 ) ;
#1566 = DIRECTION ( 'NONE',  ( 0.7071067811865475727, 0.000000000000000000, -0.7071067811865475727 ) ) ;
#1567 = CYLINDRICAL_SURFACE ( 'NONE', #2343, 1.999999999999992895 ) ;
#1568 = DIRECTION ( 'NONE',  ( 0.7071067811865975328, 0.000000000000000000, 0.7071067811864976127 ) ) ;
#1569 = DIRECTION ( 'NONE',  ( 0.000000000000000000, 1.000000000000000000, 0.000000000000000000 ) ) ;
#1570 = ADVANCED_FACE ( 'NONE', ( #3054 ), #3072, .F. ) ;
#1571 = CIRCLE ( 'NONE', #2210, 5.999999999999998224 ) ;
#1572 = CARTESIAN_POINT ( 'NONE',  ( 181.2116354976046750, 111.2709065600501788, -100.4609833980954932 ) ) ;
#1573 = AXIS2_PLACEMENT_3D ( 'NONE', #2830, #1731, #1420 ) ;
#1574 = CARTESIAN_POINT ( 'NONE',  ( 179.3787470337140633, 20.75242722329148748, -99.46544473738599379 ) ) ;
#1575 = VERTEX_POINT ( 'NONE', #547 ) ;
#1576 = DIRECTION ( 'NONE',  ( 0.000000000000000000, -1.000000000000000000, 0.000000000000000000 ) ) ;
#1577 = CARTESIAN_POINT ( 'NONE',  ( 179.7105683957216229, 24.44794535333663177, 101.9620504999783464 ) ) ;
#1578 = DIRECTION ( 'NONE',  ( 0.7071067811864976127, 0.000000000000000000, -0.7071067811865975328 ) ) ;
#1579 = DIRECTION ( 'NONE',  ( -1.000000000000000000, 0.000000000000000000, 0.000000000000000000 ) ) ;
#1580 = ORIENTED_EDGE ( 'NONE', *, *, #154, .F. ) ;
#1581 = ORIENTED_EDGE ( 'NONE', *, *, #3514, .F. ) ;
#1582 = CARTESIAN_POINT ( 'NONE',  ( 180.0807358037782251, 112.2382006122008846, -98.76345596732198828 ) ) ;
#1583 = CARTESIAN_POINT ( 'NONE',  ( 179.7105683957216229, 114.4479453533366211, 101.9620504999783464 ) ) ;
#1584 = ORIENTED_EDGE ( 'NONE', *, *, #487, .F. ) ;
#1585 = CARTESIAN_POINT ( 'NONE',  ( 178.1951177205819192, 44.99999999999999289, 102.5346921336180941 ) ) ;
#1586 = CARTESIAN_POINT ( 'NONE',  ( 177.7974219353044703, 24.09933368479637039, -101.0467698357954021 ) ) ;
#1587 = CIRCLE ( 'NONE', #322, 2.000000000000002665 ) ;
#1588 = EDGE_CURVE ( 'NONE', #1962, #1783, #1043, .T. ) ;
#1589 = EDGE_CURVE ( 'NONE', #402, #3137, #62, .T. ) ;
#1590 = CARTESIAN_POINT ( 'NONE',  ( 174.4238815543000101, 135.0000000000000000, 107.2487373414999894 ) ) ;
#1591 = ORIENTED_EDGE ( 'NONE', *, *, #86, .T. ) ;
#1592 = EDGE_CURVE ( 'NONE', #2633, #199, #2878, .T. ) ;
#1593 = CARTESIAN_POINT ( 'NONE',  ( 177.8151081272000056, 22.50000000000000000, 99.32625541548999593 ) ) ;
#1594 = CIRCLE ( 'NONE', #911, 70.00000000000000000 ) ;
#1595 = DIRECTION ( 'NONE',  ( 0.000000000000000000, 0.000000000000000000, 1.000000000000000000 ) ) ;
#1596 = DIRECTION ( 'NONE',  ( -0.7071067811865474617, 0.000000000000000000, -0.7071067811865474617 ) ) ;
#1597 = B_SPLINE_CURVE_WITH_KNOTS ( 'NONE', 3,
 ( #2663, #1007, #467, #699 ),
 .UNSPECIFIED., .F., .F.,
 ( 4, 4 ),
 ( 0.000000000000000000, 1.000000000000000000 ),
 .UNSPECIFIED. ) ;
#1598 = PLANE ( 'NONE',  #875 ) ;
#1599 = EDGE_LOOP ( 'NONE', ( #3268, #2989, #38, #1877 ) ) ;
#1600 = VERTEX_POINT ( 'NONE', #125 ) ;
#1601 = CYLINDRICAL_SURFACE ( 'NONE', #3198, 1.999999999999992895 ) ;
#1602 = CARTESIAN_POINT ( 'NONE',  ( 180.0439276101303676, 45.52349576871856840, 98.80026416096994524 ) ) ;
#1603 = ORIENTED_EDGE ( 'NONE', *, *, #3235, .F. ) ;
#1604 = CYLINDRICAL_SURFACE ( 'NONE', #2026, 2.500000000000010658 ) ;
#1605 = CARTESIAN_POINT ( 'NONE',  ( 178.2963548334216455, 114.4479453533366211, -100.5478369376783405 ) ) ;
#1606 = CARTESIAN_POINT ( 'NONE',  ( 199.1726188958000137, 20.00000000000000000, -70.00000000000000000 ) ) ;
#1607 = ORIENTED_EDGE ( 'NONE', *, *, #1052, .F. ) ;
#1608 = CARTESIAN_POINT ( 'NONE',  ( 180.0439276101303108, 21.97650423128144581, 98.80026416096991682 ) ) ;
#1609 = EDGE_CURVE ( 'NONE', #2419, #1624, #2222, .T. ) ;
#1610 = LINE ( 'NONE', #1259, #306 ) ;
#1611 = AXIS2_PLACEMENT_3D ( 'NONE', #941, #3367, #2817 ) ;
#1612 = DIRECTION ( 'NONE',  ( -1.000000000000000000, 0.000000000000000000, 0.000000000000000000 ) ) ;
#1613 = CARTESIAN_POINT ( 'NONE',  ( 181.4949493661030147, 22.50000000000000000, -100.1776695296469910 ) ) ;
#1614 = CARTESIAN_POINT ( 'NONE',  ( 179.0366896493883644, 43.05205464666336468, -99.80750212171165003 ) ) ;
#1615 = ORIENTED_EDGE ( 'NONE', *, *, #2929, .T. ) ;
#1616 = ORIENTED_EDGE ( 'NONE', *, *, #1245, .F. ) ;
#1617 = CARTESIAN_POINT ( 'NONE',  ( 181.4581411724302313, 89.47650423128145292, 100.2144777232699369 ) ) ;
#1618 = CARTESIAN_POINT ( 'NONE',  ( 199.1726188958000137, 123.0000000000000000, -60.00000000000000000 ) ) ;
#1619 = ORIENTED_EDGE ( 'NONE', *, *, #2532, .F. ) ;
#1620 = CARTESIAN_POINT ( 'NONE',  ( 191.3037081241111537, 125.5000000000048601, -90.36891077168886000 ) ) ;
#1621 = AXIS2_PLACEMENT_3D ( 'NONE', #2414, #2704, #508 ) ;
#1622 = DIRECTION ( 'NONE',  ( 0.7071067811864976127, 0.000000000000000000, 0.7071067811865975328 ) ) ;
#1623 = VERTEX_POINT ( 'NONE', #2303 ) ;
#1624 = VERTEX_POINT ( 'NONE', #2597 ) ;
#1625 = CARTESIAN_POINT ( 'NONE',  ( 177.2523086790070010, 45.00000000000000000, 101.5918830920429912 ) ) ;
#1626 = ORIENTED_EDGE ( 'NONE', *, *, #1014, .T. ) ;
#1627 = DIRECTION ( 'NONE',  ( 0.7071067811864948371, 0.000000000000000000, 0.7071067811866001973 ) ) ;
#1628 = VECTOR ( 'NONE', #920, 1000.000000000000114 ) ;
#1629 = CIRCLE ( 'NONE', #3260, 2.500000000000002220 ) ;
#1630 = CARTESIAN_POINT ( 'NONE',  ( 177.7974219353044987, 24.09933368479635618, 101.0467698357954021 ) ) ;
#1631 = EDGE_CURVE ( 'NONE', #1801, #1830, #2856, .T. ) ;
#1632 = CARTESIAN_POINT ( 'NONE',  ( 80.28425289743844928, 9.500000000000119016, -14.52532224703849728 ) ) ;
#1633 = EDGE_CURVE ( 'NONE', #2527, #1132, #3377, .T. ) ;
#1634 = DIRECTION ( 'NONE',  ( -0.7071067811864976127, 0.000000000000000000, -0.7071067811865975328 ) ) ;
#1635 = DIRECTION ( 'NONE',  ( -0.7071067811865475727, 0.000000000000000000, -0.7071067811865475727 ) ) ;
#1636 = VERTEX_POINT ( 'NONE', #2613 ) ;
#1637 = VERTEX_POINT ( 'NONE', #3391 ) ;
#1638 = CARTESIAN_POINT ( 'NONE',  ( 197.1726188958000137, 135.0000000000000000, -81.67157287524999276 ) ) ;
#1639 = CIRCLE ( 'NONE', #2395, 2.000000000000002665 ) ;
#1640 = DIRECTION ( 'NONE',  ( 0.7071067811864976127, 0.000000000000000000, -0.7071067811865975328 ) ) ;
#1641 = CARTESIAN_POINT ( 'NONE',  ( 177.2523086790318416, 45.26179938779914380, 101.5918830920680023 ) ) ;
#1642 = EDGE_LOOP ( 'NONE', ( #1037, #545, #2248, #1891, #3126, #3204, #661, #3026 ) ) ;
#1643 = CARTESIAN_POINT ( 'NONE',  ( 177.2523086790070010, 45.00000000000000000, 101.5918830920429912 ) ) ;
#1644 = CARTESIAN_POINT ( 'NONE',  ( 178.6665222413570007, 90.00000000000000000, 103.0060966543930050 ) ) ;
#1645 = ORIENTED_EDGE ( 'NONE', *, *, #90, .F. ) ;
#1646 = EDGE_LOOP ( 'NONE', ( #2109, #3310 ) ) ;
#1647 = CARTESIAN_POINT ( 'NONE',  ( 181.4581411724303166, 45.52349576871857550, 100.2144777232699226 ) ) ;
#1648 = CYLINDRICAL_SURFACE ( 'NONE', #1556, 2.500000000000010658 ) ;
#1649 = EDGE_LOOP ( 'NONE', ( #1357, #295, #2403, #2440 ) ) ;
#1650 = FACE_BOUND ( 'NONE', #40, .T. ) ;
#1651 = VECTOR ( 'NONE', #3580, 1000.000000000000000 ) ;
#1652 = CARTESIAN_POINT ( 'NONE',  ( 179.5356225475055112, 24.09933368479637039, 99.30856922359461691 ) ) ;
#1653 = ORIENTED_EDGE ( 'NONE', *, *, #2752, .F. ) ;
#1654 = B_SPLINE_CURVE_WITH_KNOTS ( 'NONE', 3,
 ( #1452, #2547, #2877, #354 ),
 .UNSPECIFIED., .F., .F.,
 ( 4, 4 ),
 ( 0.000000000000000000, 1.000000000000000000 ),
 .UNSPECIFIED. ) ;
#1655 = CARTESIAN_POINT ( 'NONE',  ( 179.3685110113959809, 43.25242722329148393, -102.3041078843040168 ) ) ;
#1656 = CARTESIAN_POINT ( 'NONE',  ( 178.6665222413318475, 90.26179938779914380, -103.0060966543680223 ) ) ;
#1657 = EDGE_CURVE ( 'NONE', #1265, #1287, #2398, .T. ) ;
#1658 = EDGE_CURVE ( 'NONE', #3049, #2145, #1501, .T. ) ;
#1659 = DIRECTION ( 'NONE',  ( 0.7071067811865476838, -0.000000000000000000, 0.7071067811865474617 ) ) ;
#1660 = CARTESIAN_POINT ( 'NONE',  ( 199.1726188958000137, 0.000000000000000000, -82.50000000000000000 ) ) ;
#1661 = LINE ( 'NONE', #1342, #2288 ) ;
#1662 = AXIS2_PLACEMENT_3D ( 'NONE', #184, #3236, #2637 ) ;
#1663 = CARTESIAN_POINT ( 'NONE',  ( 181.4949493660782025, 67.76179938779915801, 100.1776695296220367 ) ) ;
#1664 = CYLINDRICAL_SURFACE ( 'NONE', #3312, 1.999999999999992895 ) ;
#1665 = ORIENTED_EDGE ( 'NONE', *, *, #2506, .F. ) ;
#1666 = EDGE_CURVE ( 'NONE', #265, #269, #1926, .T. ) ;
#1667 = ORIENTED_EDGE ( 'NONE', *, *, #2525, .T. ) ;
#1668 = CARTESIAN_POINT ( 'NONE',  ( 178.6665222413570007, 22.50000000000000000, -103.0060966543930050 ) ) ;
#1669 = LINE ( 'NONE', #293, #2958 ) ;
#1670 = ORIENTED_EDGE ( 'NONE', *, *, #706, .F. ) ;
#1671 = CARTESIAN_POINT ( 'NONE',  ( 177.2523086790318700, 22.23820061220084909, 101.5918830920679738 ) ) ;
#1672 = CARTESIAN_POINT ( 'NONE',  ( 179.3787470337140633, 24.24757277670852318, 99.46544473738599379 ) ) ;
#1673 = PRODUCT_CONTEXT ( 'NONE', #2242, 'mechanical' ) ;
#1674 = ORIENTED_EDGE ( 'NONE', *, *, #2254, .F. ) ;
#1675 = CARTESIAN_POINT ( 'NONE',  ( 180.0807358037000085, 45.00000000000000000, 101.5918830920000033 ) ) ;
#1676 = LINE ( 'NONE', #2471, #1424 ) ;
#1677 = CIRCLE ( 'NONE', #1260, 2.500000000000002220 ) ;
#1678 = CARTESIAN_POINT ( 'NONE',  ( 177.9542974490959466, 46.74757277670850897, 100.8898943220040110 ) ) ;
#1679 = PLANE ( 'NONE',  #240 ) ;
#1680 = VECTOR ( 'NONE', #2441, 1000.000000000000000 ) ;
#1681 = CARTESIAN_POINT ( 'NONE',  ( 177.2523086790318700, 112.7617993877991438, -101.5918830920679738 ) ) ;
#1682 = ORIENTED_EDGE ( 'NONE', *, *, #1144, .F. ) ;
#1683 = ORIENTED_EDGE ( 'NONE', *, *, #2783, .T. ) ;
#1684 = B_SPLINE_CURVE_WITH_KNOTS ( 'NONE', 3,
 ( #1768, #440, #118, #1820, #187, #2124, #1838, #2624, #692, #2918, #1232, #2348, #424, #407, #1526, #3238, #2951, #2934 ),
 .UNSPECIFIED., .F., .F.,
 ( 4, 2, 2, 2, 2, 2, 2, 2, 4 ),
 ( -1.000000000000000000, -0.8750000000000000000, -0.7500000000000000000, -0.6250000000000000000, -0.5000000000000000000, -0.3750000000000000000, -0.2500000000000000000, -0.1250000000000000000, -0.000000000000000000 ),
 .UNSPECIFIED. ) ;
#1685 = CARTESIAN_POINT ( 'NONE',  ( 178.6665222413570007, 45.00000000000000000, 103.0060966543930050 ) ) ;
#1686 = CIRCLE ( 'NONE', #1621, 2.500000000000000888 ) ;
#1687 = DIRECTION ( 'NONE',  ( 0.7071067811865475727, 0.000000000000000000, 0.7071067811865475727 ) ) ;
#1688 = EDGE_CURVE ( 'NONE', #1564, #3560, #3079, .T. ) ;
#1689 = VECTOR ( 'NONE', #459, 1000.000000000000114 ) ;
#1690 = DIRECTION ( 'NONE',  ( 0.7071067811865475727, 0.000000000000000000, 0.7071067811865475727 ) ) ;
#1691 = CARTESIAN_POINT ( 'NONE',  ( 177.2523086790318416, 22.76179938779915091, 101.5918830920680023 ) ) ;
#1692 = DIRECTION ( 'NONE',  ( 0.7071067811865996422, 0.000000000000000000, 0.7071067811864955033 ) ) ;
#1693 = ORIENTED_EDGE ( 'NONE', *, *, #2551, .F. ) ;
#1694 = CIRCLE ( 'NONE', #2966, 2.000000000000002665 ) ;
#1695 = AXIS2_PLACEMENT_3D ( 'NONE', #3071, #2, #2447 ) ;
#1696 = CARTESIAN_POINT ( 'NONE',  ( 180.0807358037505139, 67.50000000000000000, -98.76345596729450449 ) ) ;
#1697 = CARTESIAN_POINT ( 'NONE',  ( 181.4949493661000020, 67.50000000000000000, -100.1776695296999975 ) ) ;
#1698 = FACE_BOUND ( 'NONE', #3487, .T. ) ;
#1699 = CARTESIAN_POINT ( 'NONE',  ( 178.4814021189817481, 88.00000000000000000, 100.3627896521182521 ) ) ;
#1700 = DIRECTION ( 'NONE',  ( -0.7071067811864976127, 0.000000000000000000, -0.7071067811865975328 ) ) ;
#1701 = ORIENTED_EDGE ( 'NONE', *, *, #1856, .F. ) ;
#1702 = ORIENTED_EDGE ( 'NONE', *, *, #3235, .T. ) ;
#1703 = CARTESIAN_POINT ( 'NONE',  ( 185.0304832719999979, 123.0000000000000000, 96.64213562372999888 ) ) ;
#1704 = FACE_OUTER_BOUND ( 'NONE', #224, .T. ) ;
#1705 = CYLINDRICAL_SURFACE ( 'NONE', #3558, 1.999999999999992895 ) ;
#1706 = EDGE_CURVE ( 'NONE', #960, #50, #2853, .T. ) ;
#1707 = DIRECTION ( 'NONE',  ( 1.000000000000000000, 0.000000000000000000, 0.000000000000000000 ) ) ;
#1708 = EDGE_LOOP ( 'NONE', ( #1822, #1839, #3037, #223 ) ) ;
#1709 = DIRECTION ( 'NONE',  ( -1.000000000000000000, 0.000000000000000000, 0.000000000000000000 ) ) ;
#1710 = ORIENTED_EDGE ( 'NONE', *, *, #3313, .T. ) ;
#1711 = EDGE_CURVE ( 'NONE', #512, #482, #1851, .T. ) ;
#1712 = CARTESIAN_POINT ( 'NONE',  ( 180.0807358037000085, 22.50000000000000000, 101.5918830920000033 ) ) ;
#1713 = FACE_BOUND ( 'NONE', #94, .T. ) ;
#1714 = DIRECTION ( 'NONE',  ( 1.000000000000000000, 0.000000000000000000, 0.000000000000000000 ) ) ;
#1715 = CARTESIAN_POINT ( 'NONE',  ( 178.1951177205819192, 67.49999999999998579, 102.5346921336180941 ) ) ;
#1716 = CARTESIAN_POINT ( 'NONE',  ( 179.3685110113959524, 46.74757277670850897, -102.3041078843040026 ) ) ;
#1717 = ORIENTED_EDGE ( 'NONE', *, *, #1548, .F. ) ;
#1718 = VERTEX_POINT ( 'NONE', #141 ) ;
#1719 = CARTESIAN_POINT ( 'NONE',  ( 178.6665222414000027, 112.5000000000000000, -103.0060966543999967 ) ) ;
#1720 = DIRECTION ( 'NONE',  ( 0.7071067811865475727, 0.000000000000000000, 0.7071067811865475727 ) ) ;
#1721 = CARTESIAN_POINT ( 'NONE',  ( 177.2523086790070010, 67.50000000000000000, -101.5918830920429912 ) ) ;
#1722 = CARTESIAN_POINT ( 'NONE',  ( 180.2658559261283244, 20.49999999999999645, -101.4067629695717585 ) ) ;
#1723 = CARTESIAN_POINT ( 'NONE',  ( 179.5356225475055396, 110.9006663152036509, 99.30856922359463113 ) ) ;
#1724 = ORIENTED_EDGE ( 'NONE', *, *, #3449, .T. ) ;
#1725 = EDGE_CURVE ( 'NONE', #1895, #3152, #1266, .T. ) ;
#1726 = CARTESIAN_POINT ( 'NONE',  ( 178.6665222414000027, 90.00000000000000000, 103.0060966543999967 ) ) ;
#1727 = VECTOR ( 'NONE', #2810, 1000.000000000000114 ) ;
#1728 = CARTESIAN_POINT ( 'NONE',  ( 179.3685110113959524, 114.2475727767085090, -102.3041078843040026 ) ) ;
#1729 = DIRECTION ( 'NONE',  ( -0.7071067811865996422, 0.000000000000000000, -0.7071067811864955033 ) ) ;
#1730 = CARTESIAN_POINT ( 'NONE',  ( 178.7033304349797334, 21.97650423128144581, 102.9692884607200654 ) ) ;
#1731 = DIRECTION ( 'NONE',  ( 1.000000000000000000, 0.000000000000000000, 0.000000000000000000 ) ) ;
#1732 = CARTESIAN_POINT ( 'NONE',  ( 179.7974219353046408, 113.7290934399498212, -99.04676983579548732 ) ) ;
#1733 = ORIENTED_EDGE ( 'NONE', *, *, #1278, .T. ) ;
#1734 = OPEN_SHELL ( 'NONE', ( #1481, #1128 ) ) ;
#1735 = ORIENTED_EDGE ( 'NONE', *, *, #1978, .T. ) ;
#1736 = CIRCLE ( 'NONE', #1557, 3.000000000000019096 ) ;
#1737 = ORIENTED_EDGE ( 'NONE', *, *, #2415, .F. ) ;
#1738 = CIRCLE ( 'NONE', #169, 70.00000000000000000 ) ;
#1739 = CYLINDRICAL_SURFACE ( 'NONE', #452, 1.999999999999992895 ) ;
#1740 = CARTESIAN_POINT ( 'NONE',  ( 199.1726188958000137, 123.0000000000000000, -57.50000000000000000 ) ) ;
#1741 = CARTESIAN_POINT ( 'NONE',  ( 82.40557324097615322, 9.500000000000063949, 16.64664259057618878 ) ) ;
#1742 = CARTESIAN_POINT ( 'NONE',  ( 178.8450152426773343, 111.4927620392581957, 102.8276036530225070 ) ) ;
#1743 = VERTEX_POINT ( 'NONE', #197 ) ;
#1744 = CARTESIAN_POINT ( 'NONE',  ( 181.4949493660781741, 112.7617993877991438, -100.1776695296219941 ) ) ;
#1745 = CARTESIAN_POINT ( 'NONE',  ( 197.1726188958000137, 0.000000000000000000, -81.67157287524999276 ) ) ;
#1746 = EDGE_CURVE ( 'NONE', #482, #512, #2430, .T. ) ;
#1747 = AXIS2_PLACEMENT_3D ( 'NONE', #1142, #2491, #1401 ) ;
#1748 = ADVANCED_FACE ( 'NONE', ( #2114, #702, #448, #3496, #1008, #2977 ), #469, .T. ) ;
#1749 = CARTESIAN_POINT ( 'NONE',  ( 177.2523086789999809, 45.00000000000000000, -101.5918830920000033 ) ) ;
#1750 = CARTESIAN_POINT ( 'NONE',  ( 177.2523086790070010, 45.00000000000000000, -101.5918830920429912 ) ) ;
#1751 = CARTESIAN_POINT ( 'NONE',  ( 180.0807358037781967, 112.7617993877991296, -98.76345596732200249 ) ) ;
#1752 = VERTEX_POINT ( 'NONE', #1294 ) ;
#1753 = EDGE_LOOP ( 'NONE', ( #712, #3067, #2437, #1855 ) ) ;
#1754 = EDGE_CURVE ( 'NONE', #2208, #1914, #2723, .T. ) ;
#1755 = DIRECTION ( 'NONE',  ( 1.000000000000000000, 0.000000000000000000, 0.000000000000000000 ) ) ;
#1756 = DIRECTION ( 'NONE',  ( -0.7071067811865475727, 0.000000000000000000, -0.7071067811865475727 ) ) ;
#1757 = CARTESIAN_POINT ( 'NONE',  ( 177.5356225475053975, 66.27090656005019298, -101.3085692235945316 ) ) ;
#1758 = CARTESIAN_POINT ( 'NONE',  ( 177.2523086790070010, 112.5000000000000000, -101.5918830920429912 ) ) ;
#1759 = CARTESIAN_POINT ( 'NONE',  ( 179.3787470337140633, 110.7524272232914768, 99.46544473738597958 ) ) ;
#1760 = VECTOR ( 'NONE', #778, 1000.000000000000000 ) ;
#1761 = ORIENTED_EDGE ( 'NONE', *, *, #1373, .F. ) ;
#1762 = CARTESIAN_POINT ( 'NONE',  ( 197.1726188958000137, 113.0000000000000000, -53.00000000000000000 ) ) ;
#1763 = LINE ( 'NONE', #931, #2767 ) ;
#1764 = VECTOR ( 'NONE', #3597, 1000.000000000000000 ) ;
#1765 = CARTESIAN_POINT ( 'NONE',  ( 179.0366896493883644, 114.4479453533366211, 99.80750212171165003 ) ) ;
#1766 = ADVANCED_FACE ( 'NONE', ( #1026 ), #2132, .F. ) ;
#1767 = CARTESIAN_POINT ( 'NONE',  ( 199.1726188958000137, 113.0000000000000000, -59.00000000000000000 ) ) ;
#1768 = CARTESIAN_POINT ( 'NONE',  ( 178.6665222413570007, 67.50000000000000000, -103.0060966543930050 ) ) ;
#1769 = ADVANCED_FACE ( 'NONE', ( #759 ), #536, .F. ) ;
#1770 = ORIENTED_EDGE ( 'NONE', *, *, #724, .F. ) ;
#1771 = ORIENTED_EDGE ( 'NONE', *, *, #379, .F. ) ;
#1772 = EDGE_LOOP ( 'NONE', ( #443, #3384 ) ) ;
#1773 = CARTESIAN_POINT ( 'NONE',  ( 188.9482038013281340, 9.500000000000119016, 89.89598796973191952 ) ) ;
#1774 = DIRECTION ( 'NONE',  ( 0.000000000000000000, 0.000000000000000000, 1.000000000000000000 ) ) ;
#1775 = CARTESIAN_POINT ( 'NONE',  ( 178.8450152426772775, 21.49276203925819573, -102.8276036530225070 ) ) ;
#1776 = EDGE_CURVE ( 'NONE', #2952, #1442, #523, .T. ) ;
#1777 = CARTESIAN_POINT ( 'NONE',  ( 178.7033304349797334, 66.97650423128143871, 102.9692884607200654 ) ) ;
#1778 = VERTEX_POINT ( 'NONE', #825 ) ;
#1779 = DIRECTION ( 'NONE',  ( 0.000000000000000000, 0.000000000000000000, -1.000000000000000000 ) ) ;
#1780 = CARTESIAN_POINT ( 'NONE',  ( 178.6665222414000027, 22.50000000000000000, -100.1776695296999975 ) ) ;
#1781 = CARTESIAN_POINT ( 'NONE',  ( 180.5521403245247711, 112.5000000000000000, 99.23486048806857696 ) ) ;
#1782 = CARTESIAN_POINT ( 'NONE',  ( 179.9022428024326246, 43.99276203925818862, -98.94194896866747513 ) ) ;
#1783 = VERTEX_POINT ( 'NONE', #1240 ) ;
#1784 = ORIENTED_EDGE ( 'NONE', *, *, #3044, .F. ) ;
#1785 = CARTESIAN_POINT ( 'NONE',  ( 180.0439276101303108, 66.97650423128143871, 98.80026416096991682 ) ) ;
#1786 = CARTESIAN_POINT ( 'NONE',  ( 197.1726188958000137, 20.00000000000000000, 0.000000000000000000 ) ) ;
#1787 = CARTESIAN_POINT ( 'NONE',  ( 179.2116354976045614, 69.09933368479639171, 102.4609833980953937 ) ) ;
#1788 = FACE_BOUND ( 'NONE', #830, .T. ) ;
#1789 = AXIS2_PLACEMENT_3D ( 'NONE', #1515, #2298, #138 ) ;
#1790 = ADVANCED_FACE ( 'NONE', ( #3478, #2925, #431, #1534, #159, #1256, #286, #2771, #1381, #2494 ), #554, .T. ) ;
#1791 = CARTESIAN_POINT ( 'NONE',  ( 181.4949493661030147, 112.5000000000000000, 100.1776695296469910 ) ) ;
#1792 = CARTESIAN_POINT ( 'NONE',  ( 178.2963548334216171, 20.55205464666336468, -100.5478369376783832 ) ) ;
#1793 = ORIENTED_EDGE ( 'NONE', *, *, #2369, .T. ) ;
#1794 = AXIS2_PLACEMENT_3D ( 'NONE', #3304, #808, #539 ) ;
#1795 = DIRECTION ( 'NONE',  ( 0.7071067811865497932, 0.000000000000000000, -0.7071067811865451302 ) ) ;
#1796 = AXIS2_PLACEMENT_3D ( 'NONE', #2891, #110, #3409 ) ;
#1797 = LINE ( 'NONE', #1561, #1832 ) ;
#1798 = CARTESIAN_POINT ( 'NONE',  ( 178.8516423638283186, 88.00000000000000000, -99.99254940727176688 ) ) ;
#1799 = AXIS2_PLACEMENT_3D ( 'NONE', #58, #532, #1635 ) ;
#1800 = CARTESIAN_POINT ( 'NONE',  ( 197.1726188958000137, 129.0000000000000000, -8.000000000000000000 ) ) ;
#1801 = VERTEX_POINT ( 'NONE', #453 ) ;
#1802 = VERTEX_POINT ( 'NONE', #492 ) ;
#1803 = CIRCLE ( 'NONE', #530, 2.000000000000002665 ) ;
#1804 = AXIS2_PLACEMENT_3D ( 'NONE', #3140, #1153, #74 ) ;
#1805 = ORIENTED_EDGE ( 'NONE', *, *, #686, .T. ) ;
#1806 = CARTESIAN_POINT ( 'NONE',  ( 179.2116354976045614, 114.0993336847963633, 102.4609833980953937 ) ) ;
#1807 = DIRECTION ( 'NONE',  ( -0.7071067811865475727, 0.000000000000000000, -0.7071067811865475727 ) ) ;
#1808 = UNCERTAINTY_MEASURE_WITH_UNIT (LENGTH_MEASURE( 1.000000000000000082E-05 ), #1463, 'distance_accuracy_value', 'NONE');
#1809 = CARTESIAN_POINT ( 'NONE',  ( 177.2523086790070010, 22.50000000000000000, -101.5918830920429912 ) ) ;
#1810 = CARTESIAN_POINT ( 'NONE',  ( 183.2627163190999795, 12.00000000000000000, 98.40990257669999153 ) ) ;
#1811 = CARTESIAN_POINT ( 'NONE',  ( 177.2891168726797844, 90.52349576871854708, 101.5550748984200879 ) ) ;
#1812 = ADVANCED_FACE ( 'NONE', ( #183 ), #1015, .F. ) ;
#1813 = VERTEX_POINT ( 'NONE', #2671 ) ;
#1814 = EDGE_CURVE ( 'NONE', #2832, #609, #356, .T. ) ;
#1815 = CIRCLE ( 'NONE', #2804, 2.500000000000000888 ) ;
#1816 = FACE_OUTER_BOUND ( 'NONE', #450, .T. ) ;
#1817 = ADVANCED_FACE ( 'NONE', ( #3000 ), #2158, .F. ) ;
#1818 = CARTESIAN_POINT ( 'NONE',  ( 181.4949493660781741, 67.76179938779912959, -100.1776695296219941 ) ) ;
#1819 = CARTESIAN_POINT ( 'NONE',  ( 180.0807358037782251, 67.76179938779915801, 98.76345596732198828 ) ) ;
#1820 = CARTESIAN_POINT ( 'NONE',  ( 178.8450152426772775, 66.49276203925820994, -102.8276036530225070 ) ) ;
#1821 = ORIENTED_EDGE ( 'NONE', *, *, #641, .F. ) ;
#1822 = ORIENTED_EDGE ( 'NONE', *, *, #2993, .F. ) ;
#1823 = CIRCLE ( 'NONE', #3159, 2.000000000000002665 ) ;
#1824 = CARTESIAN_POINT ( 'NONE',  ( 180.7929605960140691, 88.25242722329150524, 100.8796582996859996 ) ) ;
#1825 = LINE ( 'NONE', #2075, #1125 ) ;
#1826 = DIRECTION ( 'NONE',  ( -0.7071067811865996422, 0.000000000000000000, -0.7071067811864955033 ) ) ;
#1827 = CARTESIAN_POINT ( 'NONE',  ( 180.0807358037000085, 112.5000000000000000, 101.5918830920000033 ) ) ;
#1828 = CARTESIAN_POINT ( 'NONE',  ( 180.4509032116883702, 110.5520546466633647, -101.2217156840116843 ) ) ;
#1829 = CARTESIAN_POINT ( 'NONE',  ( 180.0807358037000085, 90.00000000000000000, -101.5918830920000033 ) ) ;
#1830 = VERTEX_POINT ( 'NONE', #1281 ) ;
#1831 = CARTESIAN_POINT ( 'NONE',  ( 177.4308016803773000, 91.00723796074179006, -101.4133900907225154 ) ) ;
#1832 = VECTOR ( 'NONE', #1524, 1000.000000000000114 ) ;
#1833 = EDGE_CURVE ( 'NONE', #1080, #193, #2747, .T. ) ;
#1834 = CARTESIAN_POINT ( 'NONE',  ( 177.2523086790070010, 112.5000000000000000, -101.5918830920429912 ) ) ;
#1835 = EDGE_CURVE ( 'NONE', #2734, #2655, #204, .T. ) ;
#1836 = LINE ( 'NONE', #962, #2702 ) ;
#1837 = DIRECTION ( 'NONE',  ( 0.7071067811865475727, 0.000000000000000000, 0.7071067811865475727 ) ) ;
#1838 = CARTESIAN_POINT ( 'NONE',  ( 179.3685110113959809, 65.75242722329147682, -102.3041078843040168 ) ) ;
#1839 = ORIENTED_EDGE ( 'NONE', *, *, #1122, .T. ) ;
#1840 = ORIENTED_EDGE ( 'NONE', *, *, #1010, .F. ) ;
#1841 = DIRECTION ( 'NONE',  ( 0.7071067811865475727, 0.000000000000000000, 0.7071067811865475727 ) ) ;
#1842 = CARTESIAN_POINT ( 'NONE',  ( 181.2116354976046750, 113.7290934399498497, 100.4609833980954932 ) ) ;
#1843 = LINE ( 'NONE', #156, #1906 ) ;
#1844 = DIRECTION ( 'NONE',  ( 0.7071067811865476838, 0.000000000000000000, 0.7071067811865474617 ) ) ;
#1845 = CARTESIAN_POINT ( 'NONE',  ( 197.1726188958000137, 0.000000000000000000, -81.67157287524999276 ) ) ;
#1846 = CARTESIAN_POINT ( 'NONE',  ( 180.0807358037782251, 90.26179938779915801, 98.76345596732198828 ) ) ;
#1847 = EDGE_LOOP ( 'NONE', ( #1338, #2986, #2927, #3438 ) ) ;
#1848 = CARTESIAN_POINT ( 'NONE',  ( 177.2523086790070010, 90.00000000000000000, -101.5918830920429912 ) ) ;
#1849 = AXIS2_PLACEMENT_3D ( 'NONE', #446, #1568, #2681 ) ;
#1850 = B_SPLINE_CURVE_WITH_KNOTS ( 'NONE', 3,
 ( #502, #1681, #2185, #3305, #3047, #1308, #810, #1605, #230, #2239, #1131, #2020, #1406, #1732, #644, #378, #1751, #1989 ),
 .UNSPECIFIED., .F., .F.,
 ( 4, 2, 2, 2, 2, 2, 2, 2, 4 ),
 ( -1.000000000000000000, -0.8750000000000000000, -0.7500000000000000000, -0.6250000000000000000, -0.5000000000000000000, -0.3750000000000000000, -0.2500000000000000000, -0.1250000000000000000, -0.000000000000000000 ),
 .UNSPECIFIED. ) ;
#1851 = CIRCLE ( 'NONE', #874, 2.999999999999988898 ) ;
#1852 = DIRECTION ( 'NONE',  ( 0.000000000000000000, -1.000000000000000000, 0.000000000000000000 ) ) ;
#1853 = DIRECTION ( 'NONE',  ( 0.7071067811865476838, -0.000000000000000000, 0.7071067811865474617 ) ) ;
#1854 = CARTESIAN_POINT ( 'NONE',  ( 197.1726188958000137, 0.000000000000000000, -70.00000000000000000 ) ) ;
#1855 = ORIENTED_EDGE ( 'NONE', *, *, #2726, .T. ) ;
#1856 = EDGE_CURVE ( 'NONE', #2146, #855, #756, .T. ) ;
#1857 = EDGE_LOOP ( 'NONE', ( #2455, #1081, #3280, #1197 ) ) ;
#1858 = DIRECTION ( 'NONE',  ( 0.7071067811864976127, 0.000000000000000000, 0.7071067811865975328 ) ) ;
#1859 = CARTESIAN_POINT ( 'NONE',  ( 177.2523086790070010, 90.00000000000000000, 101.5918830920429912 ) ) ;
#1860 = ORIENTED_EDGE ( 'NONE', *, *, #2665, .F. ) ;
#1861 = DIRECTION ( 'NONE',  ( 0.000000000000000000, 0.000000000000000000, -1.000000000000000000 ) ) ;
#1862 = CARTESIAN_POINT ( 'NONE',  ( 180.0439276101303108, 23.02349576871855064, -98.80026416096991682 ) ) ;
#1863 = EDGE_CURVE ( 'NONE', #396, #15, #2651, .T. ) ;
#1864 = AXIS2_PLACEMENT_3D ( 'NONE', #435, #1013, #218 ) ;
#1865 = CARTESIAN_POINT ( 'NONE',  ( 179.8956156812817540, 110.5000000000000000, -101.7770032144182863 ) ) ;
#1866 = DIRECTION ( 'NONE',  ( -0.7071067811865475727, 0.000000000000000000, -0.7071067811865475727 ) ) ;
#1867 = ORIENTED_EDGE ( 'NONE', *, *, #3429, .T. ) ;
#1868 = CARTESIAN_POINT ( 'NONE',  ( 180.0439276101303108, 90.52349576871854708, -98.80026416096991682 ) ) ;
#1869 = CARTESIAN_POINT ( 'NONE',  ( 179.2116354976045614, 24.09933368479635973, 102.4609833980953937 ) ) ;
#1870 = CARTESIAN_POINT ( 'NONE',  ( 177.2523086789999809, 22.50000000000000000, -101.5918830920000033 ) ) ;
#1871 = CARTESIAN_POINT ( 'NONE',  ( 178.2963548334216171, 43.05205464666337178, -100.5478369376783832 ) ) ;
#1872 = ORIENTED_EDGE ( 'NONE', *, *, #2929, .F. ) ;
#1873 = EDGE_LOOP ( 'NONE', ( #2006, #981 ) ) ;
#1874 = EDGE_CURVE ( 'NONE', #1080, #2985, #578, .T. ) ;
#1875 = FACE_OUTER_BOUND ( 'NONE', #3085, .T. ) ;
#1876 = CARTESIAN_POINT ( 'NONE',  ( 199.1726188958000137, 117.0000000000000000, -10.00000000000000000 ) ) ;
#1877 = ORIENTED_EDGE ( 'NONE', *, *, #1883, .F. ) ;
#1878 = DIRECTION ( 'NONE',  ( 1.000000000000000000, 0.000000000000000000, 0.000000000000000000 ) ) ;
#1879 = ADVANCED_FACE ( 'NONE', ( #2431 ), #1050, .F. ) ;
#1880 = CARTESIAN_POINT ( 'NONE',  ( 178.1951177205819192, 89.99999999999998579, 102.5346921336180941 ) ) ;
#1881 = CIRCLE ( 'NONE', #260, 2.000000000000000000 ) ;
#1882 = CARTESIAN_POINT ( 'NONE',  ( 178.6665222413570007, 45.00000000000000000, -103.0060966543930050 ) ) ;
#1883 = EDGE_CURVE ( 'NONE', #1386, #1056, #237, .T. ) ;
#1884 = ORIENTED_EDGE ( 'NONE', *, *, #3472, .F. ) ;
#1885 = LINE ( 'NONE', #1100, #1760 ) ;
#1886 = CARTESIAN_POINT ( 'NONE',  ( 180.4509032116883986, 43.05205464666336468, 101.2217156840116559 ) ) ;
#1887 = AXIS2_PLACEMENT_3D ( 'NONE', #3556, #3019, #239 ) ;
#1888 = CARTESIAN_POINT ( 'NONE',  ( 181.4949493660782025, 22.76179938779916156, 100.1776695296220367 ) ) ;
#1889 = CARTESIAN_POINT ( 'NONE',  ( 181.3164563647327157, 91.00723796074179006, -100.3561625309675094 ) ) ;
#1890 = CARTESIAN_POINT ( 'NONE',  ( 173.0096679918999882, 135.0000000000000000, -105.8345237791999978 ) ) ;
#1891 = ORIENTED_EDGE ( 'NONE', *, *, #261, .T. ) ;
#1892 = VERTEX_POINT ( 'NONE', #1069 ) ;
#1893 = DIRECTION ( 'NONE',  ( -1.000000000000000000, 0.000000000000000000, 0.000000000000000000 ) ) ;
#1894 = CARTESIAN_POINT ( 'NONE',  ( 197.1726188958000137, 115.0000000000000000, 81.67157287525999720 ) ) ;
#1895 = VERTEX_POINT ( 'NONE', #3219 ) ;
#1896 = CARTESIAN_POINT ( 'NONE',  ( 177.7237131997819120, 44.99999999999999289, 102.0632876128180868 ) ) ;
#1897 = B_SPLINE_CURVE_WITH_KNOTS ( 'NONE', 3,
 ( #2197, #420, #1451, #2585 ),
 .UNSPECIFIED., .F., .F.,
 ( 4, 4 ),
 ( 0.000000000000000000, 1.000000000000000000 ),
 .UNSPECIFIED. ) ;
#1898 = CARTESIAN_POINT ( 'NONE',  ( 173.0096679918999882, 135.0000000000000000, -105.8345237791999978 ) ) ;
#1899 = ORIENTED_EDGE ( 'NONE', *, *, #219, .T. ) ;
#1900 = DIRECTION ( 'NONE',  ( 0.7071067811865475727, 0.000000000000000000, -0.7071067811865475727 ) ) ;
#1901 = ORIENTED_EDGE ( 'NONE', *, *, #400, .F. ) ;
#1902 = DIRECTION ( 'NONE',  ( 0.7071067811865475727, 0.000000000000000000, 0.7071067811865475727 ) ) ;
#1903 = EDGE_CURVE ( 'NONE', #573, #265, #3363, .T. ) ;
#1904 = CARTESIAN_POINT ( 'NONE',  ( 0.000000000000000000, 0.000000000000000000, 0.000000000000000000 ) ) ;
#1905 = VECTOR ( 'NONE', #1700, 1000.000000000000114 ) ;
#1906 = VECTOR ( 'NONE', #2661, 1000.000000000000000 ) ;
#1907 = CARTESIAN_POINT ( 'NONE',  ( 178.1951177205819192, 112.5000000000000000, -102.5346921336180941 ) ) ;
#1908 = CARTESIAN_POINT ( 'NONE',  ( 179.8956156812817255, 92.00000000000001421, -101.7770032144182579 ) ) ;
#1909 = CARTESIAN_POINT ( 'NONE',  ( 199.1726188958000137, 129.0000000000000000, -20.00000000000000000 ) ) ;
#1910 = EDGE_LOOP ( 'NONE', ( #3223, #2183 ) ) ;
#1911 = ORIENTED_EDGE ( 'NONE', *, *, #2783, .F. ) ;
#1912 = DIRECTION ( 'NONE',  ( 0.7071067811865497932, 0.000000000000000000, -0.7071067811865451302 ) ) ;
#1913 = CARTESIAN_POINT ( 'NONE',  ( 179.0366896493883644, 46.94794535333664953, 99.80750212171165003 ) ) ;
#1914 = VERTEX_POINT ( 'NONE', #2696 ) ;
#1915 = LINE ( 'NONE', #1041, #297 ) ;
#1916 = AXIS2_PLACEMENT_3D ( 'NONE', #1660, #2176, #1852 ) ;
#1917 = FACE_OUTER_BOUND ( 'NONE', #754, .T. ) ;
#1918 = EDGE_LOOP ( 'NONE', ( #3549, #693, #1318, #1040 ) ) ;
#1919 = VERTEX_POINT ( 'NONE', #2366 ) ;
#1920 = CARTESIAN_POINT ( 'NONE',  ( 181.4949493661030147, 45.00000000000000000, 100.1776695296469910 ) ) ;
#1921 = CARTESIAN_POINT ( 'NONE',  ( 179.7974219353046408, 43.77090656005017877, 99.04676983579548732 ) ) ;
#1922 = VERTEX_POINT ( 'NONE', #1859 ) ;
#1923 = CARTESIAN_POINT ( 'NONE',  ( 179.0366896493883644, 20.55205464666336468, 99.80750212171163582 ) ) ;
#1924 = APPLICATION_CONTEXT ( 'automotive_design' ) ;
#1925 = VECTOR ( 'NONE', #1432, 1000.000000000000114 ) ;
#1926 = B_SPLINE_CURVE_WITH_KNOTS ( 'NONE', 3,
 ( #958, #2065, #3176, #2908, #2838, #348, #3515, #2372, #1865, #3211, #1828, #2098, #2475, #1572, #1936, #178, #3195, #3230 ),
 .UNSPECIFIED., .F., .F.,
 ( 4, 2, 2, 2, 2, 2, 2, 2, 4 ),
 ( -1.000000000000000000, -0.8750000000000000000, -0.7500000000000000000, -0.6250000000000000000, -0.5000000000000000000, -0.3750000000000000000, -0.2500000000000000000, -0.1250000000000000000, -0.000000000000000000 ),
 .UNSPECIFIED. ) ;
#1927 = DIRECTION ( 'NONE',  ( 0.7071067811865475727, 0.000000000000000000, -0.7071067811865475727 ) ) ;
#1928 = EDGE_CURVE ( 'NONE', #2074, #153, #3406, .T. ) ;
#1929 = EDGE_LOOP ( 'NONE', ( #1840, #2626, #3102, #251 ) ) ;
#1930 = EDGE_CURVE ( 'NONE', #609, #2832, #2818, .T. ) ;
#1931 = DIRECTION ( 'NONE',  ( 0.7071067811864976127, 0.000000000000000000, 0.7071067811865975328 ) ) ;
#1932 = DIRECTION ( 'NONE',  ( -0.7071067811865975328, 0.000000000000000000, -0.7071067811864976127 ) ) ;
#1933 = EDGE_CURVE ( 'NONE', #876, #1956, #1825, .T. ) ;
#1934 = CARTESIAN_POINT ( 'NONE',  ( 181.0235448453264269, 44.99999999999999289, -99.70626500887024690 ) ) ;
#1935 = AXIS2_PLACEMENT_3D ( 'NONE', #3308, #328, #1425 ) ;
#1936 = CARTESIAN_POINT ( 'NONE',  ( 181.3164563647326872, 111.4927620392581957, -100.3561625309675094 ) ) ;
#1937 = CARTESIAN_POINT ( 'NONE',  ( 178.6665222413570007, 45.00000000000000000, -103.0060966543930050 ) ) ;
#1938 = CARTESIAN_POINT ( 'NONE',  ( 181.4581411724303166, 68.02349576871857550, 100.2144777232699226 ) ) ;
#1939 = CARTESIAN_POINT ( 'NONE',  ( 178.4814021189817481, 69.50000000000000000, -100.3627896521182521 ) ) ;
#1940 = ORIENTED_EDGE ( 'NONE', *, *, #1711, .T. ) ;
#1941 = ORIENTED_EDGE ( 'NONE', *, *, #1226, .T. ) ;
#1942 = CARTESIAN_POINT ( 'NONE',  ( 179.8956156812817540, 47.00000000000000711, 101.7770032144182863 ) ) ;
#1943 = CARTESIAN_POINT ( 'NONE',  ( 177.5356225475053407, 43.77090656005017877, 101.3085692235945316 ) ) ;
#1944 = EDGE_LOOP ( 'NONE', ( #2697, #1546 ) ) ;
#1945 = CARTESIAN_POINT ( 'NONE',  ( 174.4238815543000101, 115.0000000000000000, 107.2487373414999894 ) ) ;
#1946 = CARTESIAN_POINT ( 'NONE',  ( 180.7929605960140691, 65.75242722329147682, 100.8796582996859996 ) ) ;
#1947 = CARTESIAN_POINT ( 'NONE',  ( 177.2891168726796991, 66.97650423128145292, 101.5550748984200879 ) ) ;
#1948 = VERTEX_POINT ( 'NONE', #3527 ) ;
#1949 = CARTESIAN_POINT ( 'NONE',  ( 178.7033304349797334, 44.47650423128145292, -102.9692884607200796 ) ) ;
#1950 = CARTESIAN_POINT ( 'NONE',  ( 181.4949493661030147, 112.5000000000000000, 100.1776695296469910 ) ) ;
#1951 = ADVANCED_FACE ( 'NONE', ( #3490 ), #1567, .F. ) ;
#1952 = FACE_OUTER_BOUND ( 'NONE', #1649, .T. ) ;
#1953 = CARTESIAN_POINT ( 'NONE',  ( 179.0366896493883644, 88.05205464666336468, 99.80750212171163582 ) ) ;
#1954 = LINE ( 'NONE', #3348, #167 ) ;
#1955 = EDGE_LOOP ( 'NONE', ( #3385, #3401 ) ) ;
#1956 = VERTEX_POINT ( 'NONE', #192 ) ;
#1957 = CARTESIAN_POINT ( 'NONE',  ( 181.3164563647326872, 46.00723796074180427, 100.3561625309675094 ) ) ;
#1958 = FACE_OUTER_BOUND ( 'NONE', #1494, .T. ) ;
#1959 = EDGE_LOOP ( 'NONE', ( #1236, #2669 ) ) ;
#1960 = CARTESIAN_POINT ( 'NONE',  ( 181.8485027567000145, 123.0000000000000000, -96.99568901431999279 ) ) ;
#1961 = CYLINDRICAL_SURFACE ( 'NONE', #2907, 1.999999999999992895 ) ;
#1962 = VERTEX_POINT ( 'NONE', #481 ) ;
#1963 = DIRECTION ( 'NONE',  ( 0.000000000000000000, 0.000000000000000000, 1.000000000000000000 ) ) ;
#1964 = FACE_BOUND ( 'NONE', #3004, .T. ) ;
#1965 = AXIS2_PLACEMENT_3D ( 'NONE', #1220, #3104, #1756 ) ;
#1966 = FACE_BOUND ( 'NONE', #2270, .T. ) ;
#1967 = DIRECTION ( 'NONE',  ( 0.000000000000000000, 0.000000000000000000, -1.000000000000000000 ) ) ;
#1968 = CIRCLE ( 'NONE', #2901, 2.000000000000002665 ) ;
#1969 = DIRECTION ( 'NONE',  ( 0.7071067811865475727, 0.000000000000000000, -0.7071067811865475727 ) ) ;
#1970 = EDGE_CURVE ( 'NONE', #14, #2633, #883, .T. ) ;
#1971 = ORIENTED_EDGE ( 'NONE', *, *, #2621, .T. ) ;
#1972 = ORIENTED_EDGE ( 'NONE', *, *, #2800, .F. ) ;
#1973 = DIRECTION ( 'NONE',  ( 0.7071067811864976127, 0.000000000000000000, 0.7071067811865975328 ) ) ;
#1974 = AXIS2_PLACEMENT_3D ( 'NONE', #1904, #21, #871 ) ;
#1975 = FACE_OUTER_BOUND ( 'NONE', #785, .T. ) ;
#1976 = CIRCLE ( 'NONE', #758, 2.000000000000001776 ) ;
#1977 = FACE_BOUND ( 'NONE', #1306, .T. ) ;
#1978 = EDGE_CURVE ( 'NONE', #1141, #1914, #2387, .T. ) ;
#1979 = CARTESIAN_POINT ( 'NONE',  ( 180.2658559261283244, 65.50000000000001421, 101.4067629695717585 ) ) ;
#1980 = EDGE_LOOP ( 'NONE', ( #2864, #135, #2436, #478 ) ) ;
#1981 = CARTESIAN_POINT ( 'NONE',  ( 177.2891168726797844, 44.47650423128143871, -101.5550748984200879 ) ) ;
#1982 = VERTEX_POINT ( 'NONE', #465 ) ;
#1983 = CIRCLE ( 'NONE', #880, 2.999999999999999112 ) ;
#1984 = LINE ( 'NONE', #2826, #1925 ) ;
#1985 = STYLED_ITEM ( 'NONE', ( #954 ), #97 ) ;
#1986 = LINE ( 'NONE', #3129, #1727 ) ;
#1987 = CARTESIAN_POINT ( 'NONE',  ( 177.5356225475053975, 113.7290934399498212, 101.3085692235945316 ) ) ;
#1988 = CARTESIAN_POINT ( 'NONE',  ( 177.2523086790318700, 89.73820061220085620, 101.5918830920679738 ) ) ;
#1989 = CARTESIAN_POINT ( 'NONE',  ( 180.0807358037505139, 112.5000000000000000, -98.76345596729450449 ) ) ;
#1990 = ORIENTED_EDGE ( 'NONE', *, *, #4, .F. ) ;
#1991 = ORIENTED_EDGE ( 'NONE', *, *, #314, .T. ) ;
#1992 = CARTESIAN_POINT ( 'NONE',  ( 181.2116354976046750, 46.22909343994984965, 100.4609833980954932 ) ) ;
#1993 = CARTESIAN_POINT ( 'NONE',  ( 197.1726188958000137, 0.000000000000000000, 70.00000000000000000 ) ) ;
#1994 = CYLINDRICAL_SURFACE ( 'NONE', #867, 1.999999999999992895 ) ;
#1995 = FACE_OUTER_BOUND ( 'NONE', #1028, .T. ) ;
#1996 = EDGE_CURVE ( 'NONE', #1892, #2067, #1823, .T. ) ;
#1997 = CARTESIAN_POINT ( 'NONE',  ( 179.3685110113959524, 110.7524272232914768, 102.3041078843040026 ) ) ;
#1998 = VERTEX_POINT ( 'NONE', #735 ) ;
#1999 = DIRECTION ( 'NONE',  ( -0.7071067811865975328, 0.000000000000000000, -0.7071067811864976127 ) ) ;
#2000 = AXIS2_PLACEMENT_3D ( 'NONE', #1129, #2219, #2476 ) ;
#2001 = CARTESIAN_POINT ( 'NONE',  ( 178.8450152426773343, 113.5072379607418185, -102.8276036530225070 ) ) ;
#2002 = DIRECTION ( 'NONE',  ( 0.7071067811865475727, 0.000000000000000000, -0.7071067811865475727 ) ) ;
#2003 = CYLINDRICAL_SURFACE ( 'NONE', #2462, 2.500000000000010658 ) ;
#2004 = DIRECTION ( 'NONE',  ( 0.000000000000000000, -1.000000000000000000, 0.000000000000000000 ) ) ;
#2005 = CARTESIAN_POINT ( 'NONE',  ( 179.7105683957216229, 46.94794535333662822, -101.9620504999783464 ) ) ;
#2006 = ORIENTED_EDGE ( 'NONE', *, *, #1373, .T. ) ;
#2007 = ORIENTED_EDGE ( 'NONE', *, *, #1032, .F. ) ;
#2008 = CARTESIAN_POINT ( 'NONE',  ( 180.0807358037505139, 90.00000000000000000, -98.76345596729450449 ) ) ;
#2009 = B_SPLINE_CURVE_WITH_KNOTS ( 'NONE', 3,
 ( #1750, #899, #1194, #3099, #2516, #3398, #1146, #377, #3117, #2794, #624, #2847, #2862, #2309, #1458, #2572, #3133, #881 ),
 .UNSPECIFIED., .F., .F.,
 ( 4, 2, 2, 2, 2, 2, 2, 2, 4 ),
 ( -1.000000000000000000, -0.8750000000000000000, -0.7500000000000000000, -0.6250000000000000000, -0.5000000000000000000, -0.3750000000000000000, -0.2500000000000000000, -0.1250000000000000000, -0.000000000000000000 ),
 .UNSPECIFIED. ) ;
#2010 = CARTESIAN_POINT ( 'NONE',  ( 178.4814021189816913, 65.50000000000001421, -100.3627896521182521 ) ) ;
#2011 = DIRECTION ( 'NONE',  ( 0.7071067811865451302, 0.000000000000000000, 0.7071067811865499042 ) ) ;
#2012 = CARTESIAN_POINT ( 'NONE',  ( 177.2891168726796991, 111.9765042312814671, 101.5550748984200879 ) ) ;
#2013 = ORIENTED_EDGE ( 'NONE', *, *, #2504, .T. ) ;
#2014 = EDGE_CURVE ( 'NONE', #1636, #1460, #2691, .T. ) ;
#2015 = CARTESIAN_POINT ( 'NONE',  ( 199.1726188958000137, 0.000000000000000000, 82.50000000000000000 ) ) ;
#2016 = CARTESIAN_POINT ( 'NONE',  ( 178.6665222414000027, 45.00000000000000000, -100.1776695296999975 ) ) ;
#2017 = EDGE_CURVE ( 'NONE', #1624, #2419, #3061, .T. ) ;
#2018 = CARTESIAN_POINT ( 'NONE',  ( 183.2627163190999795, 123.0000000000000000, 98.40990257669999153 ) ) ;
#2019 = DIRECTION ( 'NONE',  ( 1.000000000000000000, 0.000000000000000000, 0.000000000000000000 ) ) ;
#2020 = CARTESIAN_POINT ( 'NONE',  ( 179.3787470337140633, 114.2475727767085090, -99.46544473738597958 ) ) ;
#2021 = CIRCLE ( 'NONE', #1203, 2.000000000000002665 ) ;
#2022 = ORIENTED_EDGE ( 'NONE', *, *, #1165, .F. ) ;
#2023 = ORIENTED_EDGE ( 'NONE', *, *, #2344, .T. ) ;
#2024 = AXIS2_PLACEMENT_3D ( 'NONE', #1044, #13, #1061 ) ;
#2025 = EDGE_LOOP ( 'NONE', ( #2092, #1702 ) ) ;
#2026 = AXIS2_PLACEMENT_3D ( 'NONE', #212, #1364, #3269 ) ;
#2027 = CARTESIAN_POINT ( 'NONE',  ( 178.6665222414000027, 67.50000000000000000, -100.1776695296999975 ) ) ;
#2028 = DIRECTION ( 'NONE',  ( 1.000000000000000000, 0.000000000000000000, 0.000000000000000000 ) ) ;
#2029 = DIRECTION ( 'NONE',  ( 0.7071067811865475727, -0.000000000000000000, -0.7071067811865475727 ) ) ;
#2030 = B_SPLINE_CURVE_WITH_KNOTS ( 'NONE', 3,
 ( #1644, #1880, #1385, #249 ),
 .UNSPECIFIED., .F., .F.,
 ( 4, 4 ),
 ( 0.000000000000000000, 1.000000000000000000 ),
 .UNSPECIFIED. ) ;
#2031 = CARTESIAN_POINT ( 'NONE',  ( 178.4814021189817481, 110.5000000000000000, 100.3627896521182521 ) ) ;
#2032 = ORIENTED_EDGE ( 'NONE', *, *, #1362, .T. ) ;
#2033 = EDGE_CURVE ( 'NONE', #477, #396, #771, .T. ) ;
#2034 = DIRECTION ( 'NONE',  ( 0.7071067811865975328, 0.000000000000000000, -0.7071067811864976127 ) ) ;
#2035 = EDGE_CURVE ( 'NONE', #505, #3410, #1105, .T. ) ;
#2036 = CARTESIAN_POINT ( 'NONE',  ( 181.4949493661030147, 22.50000000000000000, -100.1776695296469910 ) ) ;
#2037 = CARTESIAN_POINT ( 'NONE',  ( 179.3787470337140633, 114.2475727767085232, 99.46544473738599379 ) ) ;
#2038 = CARTESIAN_POINT ( 'NONE',  ( 179.7974219353045839, 88.77090656005015035, -99.04676983579548732 ) ) ;
#2039 = CARTESIAN_POINT ( 'NONE',  ( 178.9498361098053749, 23.72909343994982834, -102.7227827858945233 ) ) ;
#2040 = VERTEX_POINT ( 'NONE', #2495 ) ;
#2041 = ORIENTED_EDGE ( 'NONE', *, *, #2824, .F. ) ;
#2042 = CARTESIAN_POINT ( 'NONE',  ( 180.0807358037505139, 90.00000000000000000, 98.76345596729450449 ) ) ;
#2043 = DIRECTION ( 'NONE',  ( 0.7071067811864976127, 0.000000000000000000, -0.7071067811865975328 ) ) ;
#2044 = DIRECTION ( 'NONE',  ( 0.000000000000000000, 0.000000000000000000, -1.000000000000000000 ) ) ;
#2045 = CARTESIAN_POINT ( 'NONE',  ( 179.8956156812817540, 20.49999999999999645, -101.7770032144182863 ) ) ;
#2046 = CARTESIAN_POINT ( 'NONE',  ( 180.0439276101303108, 111.9765042312814245, 98.80026416096991682 ) ) ;
#2047 = ORIENTED_EDGE ( 'NONE', *, *, #722, .T. ) ;
#2048 = DIRECTION ( 'NONE',  ( 0.000000000000000000, 1.000000000000000000, 0.000000000000000000 ) ) ;
#2049 = LINE ( 'NONE', #672, #2941 ) ;
#2050 = CIRCLE ( 'NONE', #489, 2.000000000000002665 ) ;
#2051 = CARTESIAN_POINT ( 'NONE',  ( 178.6665222414000027, 112.5000000000000000, -103.0060966543999967 ) ) ;
#2052 = FACE_OUTER_BOUND ( 'NONE', #1918, .T. ) ;
#2053 = CYLINDRICAL_SURFACE ( 'NONE', #2909, 1.999999999999992895 ) ;
#2054 = VERTEX_POINT ( 'NONE', #10 ) ;
#2055 = B_SPLINE_CURVE_WITH_KNOTS ( 'NONE', 3,
 ( #2916, #1818, #205, #2346, #1033, #2932, #978, #422, #2895, #726, #2086, #746, #1509, #1262, #2949, #2069, #1300, #132 ),
 .UNSPECIFIED., .F., .F.,
 ( 4, 2, 2, 2, 2, 2, 2, 2, 4 ),
 ( -1.000000000000000000, -0.8750000000000000000, -0.7500000000000000000, -0.6250000000000000000, -0.5000000000000000000, -0.3750000000000000000, -0.2500000000000000000, -0.1250000000000000000, -0.000000000000000000 ),
 .UNSPECIFIED. ) ;
#2056 = EDGE_CURVE ( 'NONE', #784, #32, #142, .T. ) ;
#2057 = ORIENTED_EDGE ( 'NONE', *, *, #2082, .F. ) ;
#2058 = CARTESIAN_POINT ( 'NONE',  ( 180.5521403245247711, 90.00000000000000000, 99.23486048806857696 ) ) ;
#2059 = CARTESIAN_POINT ( 'NONE',  ( 179.3787470337140633, 65.75242722329146261, 99.46544473738597958 ) ) ;
#2060 = CARTESIAN_POINT ( 'NONE',  ( 181.4949493661030147, 90.00000000000000000, -100.1776695296469910 ) ) ;
#2061 = ORIENTED_EDGE ( 'NONE', *, *, #1433, .F. ) ;
#2062 = CYLINDRICAL_SURFACE ( 'NONE', #2608, 2.999999999999987121 ) ;
#2063 = DIRECTION ( 'NONE',  ( -1.000000000000000000, 0.000000000000000000, 0.000000000000000000 ) ) ;
#2064 = VECTOR ( 'NONE', #493, 1000.000000000000000 ) ;
#2065 = CARTESIAN_POINT ( 'NONE',  ( 178.6665222413318190, 112.2382006122008846, -103.0060966543679655 ) ) ;
#2066 = CARTESIAN_POINT ( 'NONE',  ( 177.4308016803773000, 21.49276203925820283, -101.4133900907225296 ) ) ;
#2067 = VERTEX_POINT ( 'NONE', #3024 ) ;
#2068 = CARTESIAN_POINT ( 'NONE',  ( 180.2658559261283244, 114.5000000000000142, -101.4067629695717585 ) ) ;
#2069 = CARTESIAN_POINT ( 'NONE',  ( 178.7033304349797334, 68.02349576871857550, -102.9692884607200654 ) ) ;
#2070 = CARTESIAN_POINT ( 'NONE',  ( 177.2523086790070010, 90.00000000000000000, -101.5918830920429912 ) ) ;
#2071 = DIRECTION ( 'NONE',  ( 0.7071067811865475727, 0.000000000000000000, -0.7071067811865475727 ) ) ;
#2072 = ORIENTED_EDGE ( 'NONE', *, *, #1589, .F. ) ;
#2073 = EDGE_LOOP ( 'NONE', ( #733, #326, #3564, #3224 ) ) ;
#2074 = VERTEX_POINT ( 'NONE', #3006 ) ;
#2075 = CARTESIAN_POINT ( 'NONE',  ( 181.4949493661000020, 90.00000000000000000, 100.1776695296999975 ) ) ;
#2076 = DIRECTION ( 'NONE',  ( 0.7071067811865996422, 0.000000000000000000, -0.7071067811864955033 ) ) ;
#2077 = EDGE_CURVE ( 'NONE', #3453, #590, #2522, .T. ) ;
#2078 = DIRECTION ( 'NONE',  ( -0.7071067811865475727, 0.000000000000000000, 0.7071067811865475727 ) ) ;
#2079 = AXIS2_PLACEMENT_3D ( 'NONE', #3123, #630, #329 ) ;
#2080 = CARTESIAN_POINT ( 'NONE',  ( 190.3624173636980856, 9.500000000000119016, 91.31020153210187118 ) ) ;
#2081 = CARTESIAN_POINT ( 'NONE',  ( 199.1726188958000137, 119.0000000000000000, -22.00000000000000000 ) ) ;
#2082 = EDGE_CURVE ( 'NONE', #936, #1478, #2515, .T. ) ;
#2083 = ORIENTED_EDGE ( 'NONE', *, *, #3561, .T. ) ;
#2084 = DIRECTION ( 'NONE',  ( -0.7071067811865475727, 0.000000000000000000, 0.7071067811865475727 ) ) ;
#2085 = AXIS2_PLACEMENT_3D ( 'NONE', #267, #2647, #2942 ) ;
#2086 = CARTESIAN_POINT ( 'NONE',  ( 179.7105683957216229, 69.44794535333664953, -101.9620504999783464 ) ) ;
#2087 = LINE ( 'NONE', #1525, #2507 ) ;
#2088 =( GEOMETRIC_REPRESENTATION_CONTEXT ( 3 ) GLOBAL_UNCERTAINTY_ASSIGNED_CONTEXT ( ( #1808 ) ) GLOBAL_UNIT_ASSIGNED_CONTEXT ( ( #1463, #1514, #1530 ) ) REPRESENTATION_CONTEXT ( 'NONE', 'WORKASPACE' ) );
#2089 = AXIS2_PLACEMENT_3D ( 'NONE', #1712, #42, #302 ) ;
#2090 = CARTESIAN_POINT ( 'NONE',  ( 199.1726188958000137, 0.000000000000000000, 82.50000000000000000 ) ) ;
#2091 = VERTEX_POINT ( 'NONE', #806 ) ;
#2092 = ORIENTED_EDGE ( 'NONE', *, *, #3271, .T. ) ;
#2093 = LINE ( 'NONE', #734, #819 ) ;
#2094 = CARTESIAN_POINT ( 'NONE',  ( 180.5521403245247711, 67.50000000000000000, 99.23486048806857696 ) ) ;
#2095 = DIRECTION ( 'NONE',  ( 0.7071067811864976127, 0.000000000000000000, 0.7071067811865975328 ) ) ;
#2096 = UNCERTAINTY_MEASURE_WITH_UNIT (LENGTH_MEASURE( 1.000000000000000082E-05 ), #3055, 'distance_accuracy_value', 'NONE');
#2097 = CARTESIAN_POINT ( 'NONE',  ( 180.0807358037000085, 123.0000000000000000, 98.76345596729001386 ) ) ;
#2098 = CARTESIAN_POINT ( 'NONE',  ( 180.7929605960140407, 110.7524272232914768, -100.8796582996859996 ) ) ;
#2099 = CARTESIAN_POINT ( 'NONE',  ( 180.0807358037505139, 90.00000000000000000, 98.76345596729450449 ) ) ;
#2100 = ORIENTED_EDGE ( 'NONE', *, *, #2752, .T. ) ;
#2101 = EDGE_CURVE ( 'NONE', #1414, #1286, #1881, .T. ) ;
#2102 = AXIS2_PLACEMENT_3D ( 'NONE', #266, #1359, #2474 ) ;
#2103 = CARTESIAN_POINT ( 'NONE',  ( 178.6665222413318475, 44.73820061220084199, 103.0060966543680223 ) ) ;
#2104 = CARTESIAN_POINT ( 'NONE',  ( 191.4839077073501983, 125.5000000000048601, 87.36028406370982680 ) ) ;
#2105 = CYLINDRICAL_SURFACE ( 'NONE', #279, 2.000000000000001776 ) ;
#2106 = CYLINDRICAL_SURFACE ( 'NONE', #2620, 1.999999999999992895 ) ;
#2107 = LINE ( 'NONE', #3469, #1394 ) ;
#2108 = ORIENTED_EDGE ( 'NONE', *, *, #1477, .T. ) ;
#2109 = ORIENTED_EDGE ( 'NONE', *, *, #2056, .T. ) ;
#2110 = CARTESIAN_POINT ( 'NONE',  ( 185.0304832719999979, 123.0000000000000000, 96.64213562372999888 ) ) ;
#2111 = CARTESIAN_POINT ( 'NONE',  ( 178.6665222413318190, 112.7617993877991438, 103.0060966543679655 ) ) ;
#2112 = CARTESIAN_POINT ( 'NONE',  ( 183.2627163190999795, 123.0000000000000000, -98.40990257669999153 ) ) ;
#2113 = DIRECTION ( 'NONE',  ( 0.7071067811865475727, 0.000000000000000000, -0.7071067811865475727 ) ) ;
#2114 = FACE_OUTER_BOUND ( 'NONE', #2461, .T. ) ;
#2115 = DIRECTION ( 'NONE',  ( 0.000000000000000000, 0.000000000000000000, 1.000000000000000000 ) ) ;
#2116 = ORIENTED_EDGE ( 'NONE', *, *, #1484, .T. ) ;
#2117 = CARTESIAN_POINT ( 'NONE',  ( 178.8516423638283186, 92.00000000000001421, -99.99254940727173846 ) ) ;
#2118 = AXIS2_PLACEMENT_3D ( 'NONE', #3114, #655, #583 ) ;
#2119 = ADVANCED_FACE ( 'NONE', ( #268 ), #3346, .F. ) ;
#2120 = CARTESIAN_POINT ( 'NONE',  ( 178.6665222413570007, 22.50000000000000000, 103.0060966543930050 ) ) ;
#2121 = CARTESIAN_POINT ( 'NONE',  ( 82.40557324099808056, 9.500000000000119016, -16.64664259059813034 ) ) ;
#2122 = CARTESIAN_POINT ( 'NONE',  ( 188.9482038013011618, 9.500000000000063949, -89.89598796974883044 ) ) ;
#2123 = EDGE_CURVE ( 'NONE', #3232, #1637, #28, .T. ) ;
#2124 = CARTESIAN_POINT ( 'NONE',  ( 179.2116354976045614, 65.90066631520365092, -102.4609833980953937 ) ) ;
#2125 = EDGE_LOOP ( 'NONE', ( #2899, #3532, #102, #1512 ) ) ;
#2126 = ORIENTED_EDGE ( 'NONE', *, *, #3264, .F. ) ;
#2127 = CARTESIAN_POINT ( 'NONE',  ( 180.0439276101303676, 111.9765042312814671, -98.80026416096994524 ) ) ;
#2128 = CARTESIAN_POINT ( 'NONE',  ( 181.4949493661030147, 67.50000000000000000, 100.1776695296469910 ) ) ;
#2129 = EDGE_LOOP ( 'NONE', ( #1899, #1972, #1249, #2693 ) ) ;
#2130 = CARTESIAN_POINT ( 'NONE',  ( 178.6665222413318190, 67.76179938779912959, 103.0060966543679655 ) ) ;
#2131 = CARTESIAN_POINT ( 'NONE',  ( 179.5356225475055396, 24.09933368479635618, -99.30856922359463113 ) ) ;
#2132 = CYLINDRICAL_SURFACE ( 'NONE', #2560, 2.500000000000010658 ) ;
#2133 = DIRECTION ( 'NONE',  ( 0.000000000000000000, -1.000000000000000000, 0.000000000000000000 ) ) ;
#2134 = EDGE_LOOP ( 'NONE', ( #1329, #3048 ) ) ;
#2135 = AXIS2_PLACEMENT_3D ( 'NONE', #17, #231, #1118 ) ;
#2136 = CARTESIAN_POINT ( 'NONE',  ( 177.5356225475053407, 91.22909343994983544, -101.3085692235945316 ) ) ;
#2137 = AXIS2_PLACEMENT_3D ( 'NONE', #1620, #3565, #1060 ) ;
#2138 = EDGE_CURVE ( 'NONE', #2527, #463, #787, .T. ) ;
#2139 = EDGE_CURVE ( 'NONE', #720, #3034, #2279, .T. ) ;
#2140 = VECTOR ( 'NONE', #2339, 1000.000000000000000 ) ;
#2141 = DIRECTION ( 'NONE',  ( 0.000000000000000000, 0.000000000000000000, -1.000000000000000000 ) ) ;
#2142 = LINE ( 'NONE', #2965, #2296 ) ;
#2143 = VECTOR ( 'NONE', #2654, 1000.000000000000000 ) ;
#2144 = CARTESIAN_POINT ( 'NONE',  ( 177.5356225475053975, 43.77090656005017877, -101.3085692235945316 ) ) ;
#2145 = VERTEX_POINT ( 'NONE', #3045 ) ;
#2146 = VERTEX_POINT ( 'NONE', #555 ) ;
#2147 = CARTESIAN_POINT ( 'NONE',  ( 179.2116354976045614, 88.40066631520363671, 102.4609833980953653 ) ) ;
#2148 = CARTESIAN_POINT ( 'NONE',  ( 181.4581411724303166, 113.0234957687185613, 100.2144777232699226 ) ) ;
#2149 = EDGE_LOOP ( 'NONE', ( #1667, #3486 ) ) ;
#2150 = LINE ( 'NONE', #1307, #1035 ) ;
#2151 = CARTESIAN_POINT ( 'NONE',  ( 180.0439276101303108, 68.02349576871854708, -98.80026416096991682 ) ) ;
#2152 = AXIS2_PLACEMENT_3D ( 'NONE', #3361, #1405, #1130 ) ;
#2153 = AXIS2_PLACEMENT_3D ( 'NONE', #112, #621, #1795 ) ;
#2154 = CIRCLE ( 'NONE', #1695, 5.999999999999998224 ) ;
#2155 = DIRECTION ( 'NONE',  ( -0.7071067811865475727, 0.000000000000000000, -0.7071067811865475727 ) ) ;
#2156 = EDGE_LOOP ( 'NONE', ( #318, #3171, #1710, #1737 ) ) ;
#2157 = CARTESIAN_POINT ( 'NONE',  ( 178.4814021189817481, 92.00000000000000000, -100.3627896521182521 ) ) ;
#2158 = CYLINDRICAL_SURFACE ( 'NONE', #2319, 2.500000000000002220 ) ;
#2159 = CARTESIAN_POINT ( 'NONE',  ( 199.1726188958000137, 106.0000000000000000, 39.50000000000000000 ) ) ;
#2160 = DIRECTION ( 'NONE',  ( 0.000000000000000000, 0.000000000000000000, 1.000000000000000000 ) ) ;
#2161 = ORIENTED_EDGE ( 'NONE', *, *, #2889, .T. ) ;
#2162 = ORIENTED_EDGE ( 'NONE', *, *, #2549, .T. ) ;
#2163 = DIRECTION ( 'NONE',  ( 0.7071067811864976127, -1.004219932346347311E-27, 0.7071067811865975328 ) ) ;
#2164 = CARTESIAN_POINT ( 'NONE',  ( 178.6665222414000027, 112.5000000000000000, -100.1776695296999975 ) ) ;
#2165 = ORIENTED_EDGE ( 'NONE', *, *, #2912, .F. ) ;
#2166 = LINE ( 'NONE', #2477, #3547 ) ;
#2167 = CARTESIAN_POINT ( 'NONE',  ( 179.0366896493883644, 69.44794535333664953, -99.80750212171163582 ) ) ;
#2168 = EDGE_CURVE ( 'NONE', #2040, #847, #1661, .T. ) ;
#2169 = EDGE_LOOP ( 'NONE', ( #516, #1099, #910, #687 ) ) ;
#2170 = AXIS2_PLACEMENT_3D ( 'NONE', #173, #753, #3207 ) ;
#2171 = FACE_OUTER_BOUND ( 'NONE', #2756, .T. ) ;
#2172 = ORIENTED_EDGE ( 'NONE', *, *, #3561, .F. ) ;
#2173 = LINE ( 'NONE', #546, #129 ) ;
#2174 = CARTESIAN_POINT ( 'NONE',  ( 177.4308016803773000, 23.50723796074179361, 101.4133900907225296 ) ) ;
#2175 = AXIS2_PLACEMENT_3D ( 'NONE', #1471, #2569, #78 ) ;
#2176 = DIRECTION ( 'NONE',  ( 0.7071067811865475727, 0.000000000000000000, -0.7071067811865475727 ) ) ;
#2177 = CARTESIAN_POINT ( 'NONE',  ( 180.9498361098054886, 91.59933368479634908, -100.7227827858946370 ) ) ;
#2178 = CARTESIAN_POINT ( 'NONE',  ( 199.1726188958000137, 131.0000000000000000, -10.00000000000000000 ) ) ;
#2179 = ORIENTED_EDGE ( 'NONE', *, *, #2082, .T. ) ;
#2180 = ORIENTED_EDGE ( 'NONE', *, *, #487, .T. ) ;
#2181 = DIRECTION ( 'NONE',  ( 0.7071067811864976127, 0.000000000000000000, 0.7071067811865975328 ) ) ;
#2182 = CARTESIAN_POINT ( 'NONE',  ( 199.1726188958000137, 0.000000000000000000, 82.50000000000000000 ) ) ;
#2183 = ORIENTED_EDGE ( 'NONE', *, *, #3194, .F. ) ;
#2184 = CYLINDRICAL_SURFACE ( 'NONE', #1794, 1.999999999999992895 ) ;
#2185 = CARTESIAN_POINT ( 'NONE',  ( 177.2891168726796991, 113.0234957687185613, -101.5550748984200879 ) ) ;
#2186 = ORIENTED_EDGE ( 'NONE', *, *, #2451, .T. ) ;
#2187 = ORIENTED_EDGE ( 'NONE', *, *, #3447, .T. ) ;
#2188 = ADVANCED_FACE ( 'NONE', ( #1966, #1382, #1952, #3062, #226, #569, #2793, #3081, #585, #1698 ), #1321, .T. ) ;
#2189 = EDGE_CURVE ( 'NONE', #1141, #1343, #1587, .T. ) ;
#2190 = CARTESIAN_POINT ( 'NONE',  ( 177.4308016803773000, 43.99276203925818862, 101.4133900907225154 ) ) ;
#2191 = ORIENTED_EDGE ( 'NONE', *, *, #2101, .F. ) ;
#2192 = CARTESIAN_POINT ( 'NONE',  ( 178.4814021189817481, 20.49999999999999645, 100.3627896521182521 ) ) ;
#2193 = EDGE_CURVE ( 'NONE', #2536, #1206, #662, .T. ) ;
#2194 = CARTESIAN_POINT ( 'NONE',  ( 178.4814021189816913, 24.49999999999999645, 100.3627896521182521 ) ) ;
#2195 = CLOSED_SHELL ( 'NONE', ( #1388, #775, #989, #2396, #2596, #462, #660, #1500, #1212, #484, #596, #1101, #1790, #2798, #503, #3175, #2954, #2432, #2842, #2885, #3130, #1106, #3088, #1540, #742, #908, #3060, #1748, #2188, #1766, #3538, #2236, #3359, #109, #639, #2351, #552, #2615, #1523, #2745, #1187, #3213, #2582, #3425, #319, #1504, #1570, #637, #1817, #2119, #3466, #2947, #3334, #217, #932, #507, #3488, #793, #1812, #1879, #2976, #2411, #3215, #549, #2305, #196 ) ) ;
#2196 = CIRCLE ( 'NONE', #2604, 2.500000000000002220 ) ;
#2197 = CARTESIAN_POINT ( 'NONE',  ( 177.2523086790070010, 67.50000000000000000, -101.5918830920429912 ) ) ;
#2198 = CARTESIAN_POINT ( 'NONE',  ( 178.9498361098053749, 91.22909343994983544, -102.7227827858945233 ) ) ;
#2199 = LINE ( 'NONE', #3023, #2744 ) ;
#2200 = DIRECTION ( 'NONE',  ( 0.7071067811865475727, 0.000000000000000000, -0.7071067811865475727 ) ) ;
#2201 = DIRECTION ( 'NONE',  ( 0.000000000000000000, 0.000000000000000000, -1.000000000000000000 ) ) ;
#2202 = PLANE ( 'NONE',  #3374 ) ;
#2203 = CARTESIAN_POINT ( 'NONE',  ( 180.0807358037781967, 67.76179938779914380, -98.76345596732200249 ) ) ;
#2204 = ORIENTED_EDGE ( 'NONE', *, *, #1933, .F. ) ;
#2205 = ORIENTED_EDGE ( 'NONE', *, *, #386, .F. ) ;
#2206 = CARTESIAN_POINT ( 'NONE',  ( 174.4238815543000101, 0.000000000000000000, -107.2487373414999894 ) ) ;
#2207 = CARTESIAN_POINT ( 'NONE',  ( 179.3787470337140633, 43.25242722329147682, 99.46544473738597958 ) ) ;
#2208 = VERTEX_POINT ( 'NONE', #1749 ) ;
#2209 = CARTESIAN_POINT ( 'NONE',  ( 177.8151081272000056, 22.50000000000000000, -99.32625541548999593 ) ) ;
#2210 = AXIS2_PLACEMENT_3D ( 'NONE', #353, #945, #1779 ) ;
#2211 = EDGE_CURVE ( 'NONE', #2985, #1080, #2706, .T. ) ;
#2212 = CARTESIAN_POINT ( 'NONE',  ( 181.3164563647327157, 66.49276203925820994, 100.3561625309675094 ) ) ;
#2213 = DIRECTION ( 'NONE',  ( 0.7071067811865474617, 0.000000000000000000, 0.7071067811865474617 ) ) ;
#2214 = ORIENTED_EDGE ( 'NONE', *, *, #2345, .F. ) ;
#2215 = EDGE_CURVE ( 'NONE', #1287, #1265, #158, .T. ) ;
#2216 = CARTESIAN_POINT ( 'NONE',  ( 199.1726188958000137, 123.0000000000000000, 62.50000000000000000 ) ) ;
#2217 = LINE ( 'NONE', #2748, #2997 ) ;
#2218 = CARTESIAN_POINT ( 'NONE',  ( 185.4839077073501414, 125.5000000000048601, 81.36028406370979837 ) ) ;
#2219 = DIRECTION ( 'NONE',  ( 0.7071067811865975328, 0.000000000000000000, -0.7071067811864976127 ) ) ;
#2220 = CARTESIAN_POINT ( 'NONE',  ( 181.3164563647326872, 68.50723796074180427, 100.3561625309675094 ) ) ;
#2221 = DIRECTION ( 'NONE',  ( 0.000000000000000000, -1.000000000000000000, 0.000000000000000000 ) ) ;
#2222 = B_SPLINE_CURVE_WITH_KNOTS ( 'NONE', 3,
 ( #1791, #633, #2267, #1224, #2541, #1188, #1483, #1448, #75, #2583, #3461, #1997, #684, #92, #1742, #1173, #1204, #2286 ),
 .UNSPECIFIED., .F., .F.,
 ( 4, 2, 2, 2, 2, 2, 2, 2, 4 ),
 ( -1.000000000000000000, -0.8750000000000000000, -0.7500000000000000000, -0.6250000000000000000, -0.5000000000000000000, -0.3750000000000000000, -0.2500000000000000000, -0.1250000000000000000, -0.000000000000000000 ),
 .UNSPECIFIED. ) ;
#2223 = ORIENTED_EDGE ( 'NONE', *, *, #1165, .T. ) ;
#2224 = ORIENTED_EDGE ( 'NONE', *, *, #86, .F. ) ;
#2225 = CARTESIAN_POINT ( 'NONE',  ( 179.7105683957216229, 46.94794535333663532, 101.9620504999783464 ) ) ;
#2226 = CARTESIAN_POINT ( 'NONE',  ( 199.1726188958000137, 119.0000000000000000, -8.000000000000000000 ) ) ;
#2227 = ORIENTED_EDGE ( 'NONE', *, *, #2014, .F. ) ;
#2228 = AXIS2_PLACEMENT_3D ( 'NONE', #2422, #3510, #427 ) ;
#2229 = CYLINDRICAL_SURFACE ( 'NONE', #3262, 1.999999999999992895 ) ;
#2230 = PLANE ( 'NONE',  #1974 ) ;
#2231 = EDGE_LOOP ( 'NONE', ( #3327, #2032 ) ) ;
#2232 = DIRECTION ( 'NONE',  ( 0.7071067811865475727, 0.000000000000000000, -0.7071067811865475727 ) ) ;
#2233 = EDGE_CURVE ( 'NONE', #1783, #1962, #27, .T. ) ;
#2234 = CARTESIAN_POINT ( 'NONE',  ( 199.1726188958000137, 123.0000000000000000, 57.50000000000000000 ) ) ;
#2235 = VECTOR ( 'NONE', #2252, 1000.000000000000000 ) ;
#2236 = ADVANCED_FACE ( 'NONE', ( #3431 ), #2003, .F. ) ;
#2237 = DIRECTION ( 'NONE',  ( 1.000000000000000000, 0.000000000000000000, 0.000000000000000000 ) ) ;
#2238 = CARTESIAN_POINT ( 'NONE',  ( 178.6665222413570007, 67.50000000000000000, 103.0060966543930050 ) ) ;
#2239 = CARTESIAN_POINT ( 'NONE',  ( 178.8516423638283186, 114.4999999999999716, -99.99254940727173846 ) ) ;
#2240 = EDGE_LOOP ( 'NONE', ( #1615, #3517, #1133, #3003 ) ) ;
#2241 = ORIENTED_EDGE ( 'NONE', *, *, #1754, .F. ) ;
#2242 = APPLICATION_CONTEXT ( 'automotive_design' ) ;
#2243 = CARTESIAN_POINT ( 'NONE',  ( 181.4949493661030147, 22.50000000000000000, 100.1776695296469910 ) ) ;
#2244 = CARTESIAN_POINT ( 'NONE',  ( 178.9498361098053465, 91.22909343994980702, 102.7227827858945233 ) ) ;
#2245 = DIRECTION ( 'NONE',  ( 0.7071067811865475727, 0.000000000000000000, -0.7071067811865475727 ) ) ;
#2246 = CARTESIAN_POINT ( 'NONE',  ( 179.9022428024326246, 23.50723796074179717, 98.94194896866747513 ) ) ;
#2247 = CARTESIAN_POINT ( 'NONE',  ( 177.2523086790318700, 67.23820061220087041, 101.5918830920679738 ) ) ;
#2248 = ORIENTED_EDGE ( 'NONE', *, *, #4, .T. ) ;
#2249 = FACE_OUTER_BOUND ( 'NONE', #3007, .T. ) ;
#2250 = ORIENTED_EDGE ( 'NONE', *, *, #3153, .F. ) ;
#2251 = CARTESIAN_POINT ( 'NONE',  ( 173.0096679918999882, 115.0000000000000000, 105.8345237791999978 ) ) ;
#2252 = DIRECTION ( 'NONE',  ( -1.000000000000000000, 0.000000000000000000, 0.000000000000000000 ) ) ;
#2253 = EDGE_CURVE ( 'NONE', #1462, #1998, #762, .T. ) ;
#2254 = EDGE_CURVE ( 'NONE', #2737, #2709, #3132, .T. ) ;
#2255 = DIRECTION ( 'NONE',  ( 0.000000000000000000, 0.000000000000000000, -1.000000000000000000 ) ) ;
#2256 = DIRECTION ( 'NONE',  ( 0.000000000000000000, 0.000000000000000000, -1.000000000000000000 ) ) ;
#2257 = AXIS2_PLACEMENT_3D ( 'NONE', #398, #1254, #1826 ) ;
#2258 = LINE ( 'NONE', #588, #1905 ) ;
#2259 = VERTEX_POINT ( 'NONE', #2811 ) ;
#2260 = EDGE_CURVE ( 'NONE', #244, #32, #642, .T. ) ;
#2261 = EDGE_LOOP ( 'NONE', ( #1735, #2241, #2868, #1084 ) ) ;
#2262 = CARTESIAN_POINT ( 'NONE',  ( 178.6665222414000027, 90.00000000000000000, -103.0060966543999967 ) ) ;
#2263 = DIRECTION ( 'NONE',  ( 0.000000000000000000, 0.000000000000000000, -1.000000000000000000 ) ) ;
#2264 = AXIS2_PLACEMENT_3D ( 'NONE', #2684, #1518, #1276 ) ;
#2265 = CARTESIAN_POINT ( 'NONE',  ( 179.7105683957216229, 91.94794535333662111, 101.9620504999783464 ) ) ;
#2266 = CARTESIAN_POINT ( 'NONE',  ( 181.4581411724303166, 21.97650423128144581, -100.2144777232699226 ) ) ;
#2267 = CARTESIAN_POINT ( 'NONE',  ( 181.4581411724302313, 111.9765042312814671, 100.2144777232699369 ) ) ;
#2268 = AXIS2_PLACEMENT_3D ( 'NONE', #2711, #1021, #1038 ) ;
#2269 = AXIS2_PLACEMENT_3D ( 'NONE', #2546, #59, #3394 ) ;
#2270 = EDGE_LOOP ( 'NONE', ( #2161, #3169 ) ) ;
#2271 = CARTESIAN_POINT ( 'NONE',  ( 188.2410970201164844, 9.500000000000063949, -93.43152187568348666 ) ) ;
#2272 = CIRCLE ( 'NONE', #1162, 2.000000000000000000 ) ;
#2273 = LINE ( 'NONE', #895, #647 ) ;
#2274 = CARTESIAN_POINT ( 'NONE',  ( 180.0807358037000085, 67.50000000000000000, 101.5918830920000033 ) ) ;
#2275 = CARTESIAN_POINT ( 'NONE',  ( 181.4581411724302313, 21.97650423128144581, 100.2144777232699369 ) ) ;
#2276 = CARTESIAN_POINT ( 'NONE',  ( 199.1726188958000137, 117.0000000000000000, -8.000000000000000000 ) ) ;
#2277 = CARTESIAN_POINT ( 'NONE',  ( 177.8151081272000056, 67.50000000000000000, -99.32625541548999593 ) ) ;
#2278 = ORIENTED_EDGE ( 'NONE', *, *, #3271, .F. ) ;
#2279 = B_SPLINE_CURVE_WITH_KNOTS ( 'NONE', 3,
 ( #515, #826, #861, #1937 ),
 .UNSPECIFIED., .F., .F.,
 ( 4, 4 ),
 ( 0.000000000000000000, 1.000000000000000000 ),
 .UNSPECIFIED. ) ;
#2280 = ORIENTED_EDGE ( 'NONE', *, *, #176, .T. ) ;
#2281 = AXIS2_PLACEMENT_3D ( 'NONE', #2456, #2181, #3595 ) ;
#2282 = CARTESIAN_POINT ( 'NONE',  ( 197.1726188958000137, 119.0000000000000000, -20.00000000000000000 ) ) ;
#2283 = DIRECTION ( 'NONE',  ( -0.7071067811865475727, 0.000000000000000000, -0.7071067811865475727 ) ) ;
#2284 = EDGE_CURVE ( 'NONE', #2738, #1956, #2050, .T. ) ;
#2285 = CYLINDRICAL_SURFACE ( 'NONE', #705, 1.999999999999998224 ) ;
#2286 = CARTESIAN_POINT ( 'NONE',  ( 178.6665222413570007, 112.5000000000000000, 103.0060966543930050 ) ) ;
#2287 = ORIENTED_EDGE ( 'NONE', *, *, #1688, .F. ) ;
#2288 = VECTOR ( 'NONE', #843, 1000.000000000000000 ) ;
#2289 = CARTESIAN_POINT ( 'NONE',  ( 197.1726188958000137, 113.0000000000000000, -47.00000000000000000 ) ) ;
#2290 = DIRECTION ( 'NONE',  ( 0.7071067811865475727, 0.000000000000000000, 0.7071067811865475727 ) ) ;
#2291 = CARTESIAN_POINT ( 'NONE',  ( 177.2523086790070010, 112.5000000000000000, 101.5918830920429912 ) ) ;
#2292 = CARTESIAN_POINT ( 'NONE',  ( 178.2963548334216455, 88.05205464666337889, 100.5478369376783405 ) ) ;
#2293 = CARTESIAN_POINT ( 'NONE',  ( 178.6665222413318475, 45.26179938779915801, -103.0060966543680223 ) ) ;
#2294 = ORIENTED_EDGE ( 'NONE', *, *, #1205, .F. ) ;
#2295 = VERTEX_POINT ( 'NONE', #2861 ) ;
#2296 = VECTOR ( 'NONE', #3521, 1000.000000000000114 ) ;
#2297 = ORIENTED_EDGE ( 'NONE', *, *, #2946, .F. ) ;
#2298 = DIRECTION ( 'NONE',  ( 0.7071067811864976127, 0.000000000000000000, -0.7071067811865975328 ) ) ;
#2299 = CARTESIAN_POINT ( 'NONE',  ( 181.8485027567000145, 12.00000000000000000, 96.99568901432999724 ) ) ;
#2300 = CARTESIAN_POINT ( 'NONE',  ( 180.9498361098054602, 20.90066631520364027, -100.7227827858946370 ) ) ;
#2301 = EDGE_CURVE ( 'NONE', #2295, #2658, #1416, .T. ) ;
#2302 = EDGE_CURVE ( 'NONE', #2487, #1743, #3278, .T. ) ;
#2303 = CARTESIAN_POINT ( 'NONE',  ( 197.1726188958000137, 131.0000000000000000, -10.00000000000000000 ) ) ;
#2304 = EDGE_LOOP ( 'NONE', ( #1674, #2336, #2013, #263 ) ) ;
#2305 = ADVANCED_FACE ( 'NONE', ( #438 ), #3257, .F. ) ;
#2306 = CARTESIAN_POINT ( 'NONE',  ( 177.8151081272000056, 90.00000000000000000, -99.32625541548999593 ) ) ;
#2307 = CYLINDRICAL_SURFACE ( 'NONE', #3167, 1.999999999999992895 ) ;
#2308 = CARTESIAN_POINT ( 'NONE',  ( 179.3685110113959524, 20.75242722329148393, 102.3041078843040026 ) ) ;
#2309 = CARTESIAN_POINT ( 'NONE',  ( 179.7974219353046408, 46.22909343994982834, -99.04676983579548732 ) ) ;
#2310 = CARTESIAN_POINT ( 'NONE',  ( 179.2116354976045614, 46.59933368479637039, -102.4609833980953653 ) ) ;
#2311 = AXIS2_PLACEMENT_3D ( 'NONE', #122, #2835, #904 ) ;
#2312 = ORIENTED_EDGE ( 'NONE', *, *, #355, .T. ) ;
#2313 = VERTEX_POINT ( 'NONE', #3504 ) ;
#2314 = ORIENTED_EDGE ( 'NONE', *, *, #2775, .T. ) ;
#2315 = CIRCLE ( 'NONE', #1384, 2.000000000000002665 ) ;
#2316 = DIRECTION ( 'NONE',  ( 1.000000000000000000, 0.000000000000000000, 0.000000000000000000 ) ) ;
#2317 = CARTESIAN_POINT ( 'NONE',  ( 179.0366896493883644, 65.55205464666336468, -99.80750212171165003 ) ) ;
#2318 = CARTESIAN_POINT ( 'NONE',  ( 181.4949493661030147, 22.50000000000000000, -100.1776695296469910 ) ) ;
#2319 = AXIS2_PLACEMENT_3D ( 'NONE', #1541, #997, #2141 ) ;
#2320 = CARTESIAN_POINT ( 'NONE',  ( 177.2523086790318700, 112.2382006122008846, 101.5918830920679738 ) ) ;
#2321 = VECTOR ( 'NONE', #241, 1000.000000000000000 ) ;
#2322 = ORIENTED_EDGE ( 'NONE', *, *, #2254, .T. ) ;
#2323 = PRODUCT_RELATED_PRODUCT_CATEGORY ( 'part', '', ( #250 ) ) ;
#2324 = CARTESIAN_POINT ( 'NONE',  ( 197.1726188958000137, 119.0000000000000000, -8.000000000000000000 ) ) ;
#2325 = CARTESIAN_POINT ( 'NONE',  ( 181.4949493661030147, 90.00000000000000000, -100.1776695296469910 ) ) ;
#2326 = EDGE_CURVE ( 'NONE', #3185, #1036, #2378, .T. ) ;
#2327 = CIRCLE ( 'NONE', #2803, 2.000000000000001776 ) ;
#2328 = DIRECTION ( 'NONE',  ( 1.000000000000000000, 0.000000000000000000, 0.000000000000000000 ) ) ;
#2329 = CARTESIAN_POINT ( 'NONE',  ( 177.2523086790318416, 67.76179938779914380, 101.5918830920680023 ) ) ;
#2330 = CARTESIAN_POINT ( 'NONE',  ( 186.8268834577685027, 9.500000000000119016, 92.01730831329155080 ) ) ;
#2331 = ORIENTED_EDGE ( 'NONE', *, *, #1903, .T. ) ;
#2332 = ORIENTED_EDGE ( 'NONE', *, *, #2463, .F. ) ;
#2333 = VERTEX_POINT ( 'NONE', #2400 ) ;
#2334 =( NAMED_UNIT ( * ) SI_UNIT ( $, .STERADIAN. ) SOLID_ANGLE_UNIT ( ) );
#2335 = CARTESIAN_POINT ( 'NONE',  ( 181.4581411724303166, 89.47650423128146713, -100.2144777232699226 ) ) ;
#2336 = ORIENTED_EDGE ( 'NONE', *, *, #3286, .T. ) ;
#2337 = CARTESIAN_POINT ( 'NONE',  ( 178.7033304349797334, 68.02349576871857550, 102.9692884607200796 ) ) ;
#2338 = PLANE ( 'NONE',  #2664 ) ;
#2339 = DIRECTION ( 'NONE',  ( -1.000000000000000000, 0.000000000000000000, 0.000000000000000000 ) ) ;
#2340 = CARTESIAN_POINT ( 'NONE',  ( 177.9542974490959466, 20.75242722329148393, -100.8898943220040110 ) ) ;
#2341 = EDGE_LOOP ( 'NONE', ( #3012, #2287 ) ) ;
#2342 = CARTESIAN_POINT ( 'NONE',  ( 181.4581411724302313, 113.0234957687185613, -100.2144777232699369 ) ) ;
#2343 = AXIS2_PLACEMENT_3D ( 'NONE', #1237, #445, #2660 ) ;
#2344 = EDGE_CURVE ( 'NONE', #855, #2658, #3482, .T. ) ;
#2345 = EDGE_CURVE ( 'NONE', #3307, #1565, #2055, .T. ) ;
#2346 = CARTESIAN_POINT ( 'NONE',  ( 181.3164563647327157, 68.50723796074179006, -100.3561625309675094 ) ) ;
#2347 = CARTESIAN_POINT ( 'NONE',  ( 179.9022428024326246, 88.99276203925819573, -98.94194896866747513 ) ) ;
#2348 = CARTESIAN_POINT ( 'NONE',  ( 180.7929605960140407, 65.75242722329149103, -100.8796582996859996 ) ) ;
#2349 = EDGE_LOOP ( 'NONE', ( #3507, #1771, #2995, #3454 ) ) ;
#2350 = ORIENTED_EDGE ( 'NONE', *, *, #2545, .F. ) ;
#2351 = ADVANCED_FACE ( 'NONE', ( #3467 ), #2672, .F. ) ;
#2352 = CARTESIAN_POINT ( 'NONE',  ( 179.7974219353045839, 46.22909343994984255, 99.04676983579548732 ) ) ;
#2353 = CARTESIAN_POINT ( 'NONE',  ( 181.2116354976046750, 91.22909343994983544, 100.4609833980954932 ) ) ;
#2354 = DIRECTION ( 'NONE',  ( 1.000000000000000000, 0.000000000000000000, 0.000000000000000000 ) ) ;
#2355 = VECTOR ( 'NONE', #1596, 1000.000000000000114 ) ;
#2356 = DIRECTION ( 'NONE',  ( -0.7071067811865996422, 0.000000000000000000, -0.7071067811864955033 ) ) ;
#2357 = CARTESIAN_POINT ( 'NONE',  ( 177.9542974490959466, 91.74757277670852318, 100.8898943220040110 ) ) ;
#2358 = ORIENTED_EDGE ( 'NONE', *, *, #1835, .F. ) ;
#2359 = CARTESIAN_POINT ( 'NONE',  ( 179.2116354976045614, 114.0993336847963633, -102.4609833980953653 ) ) ;
#2360 = DIRECTION ( 'NONE',  ( 0.7071067811865497932, 0.000000000000000000, -0.7071067811865451302 ) ) ;
#2361 = CARTESIAN_POINT ( 'NONE',  ( 178.8516423638283186, 69.50000000000000000, 99.99254940727176688 ) ) ;
#2362 = CARTESIAN_POINT ( 'NONE',  ( 178.6665222414000027, 112.5000000000000000, 103.0060966543999967 ) ) ;
#2363 = ORIENTED_EDGE ( 'NONE', *, *, #24, .F. ) ;
#2364 = EDGE_LOOP ( 'NONE', ( #538, #2072, #290, #2797 ) ) ;
#2365 = DIRECTION ( 'NONE',  ( 0.7071067811865996422, 1.387778780781443782E-14, -0.7071067811864955033 ) ) ;
#2366 = CARTESIAN_POINT ( 'NONE',  ( 197.1726188958000137, 123.0000000000000000, 62.50000000000000000 ) ) ;
#2367 = CYLINDRICAL_SURFACE ( 'NONE', #3076, 1.999999999999992895 ) ;
#2368 = CARTESIAN_POINT ( 'NONE',  ( 177.2523086790318700, 22.76179938779915091, -101.5918830920679738 ) ) ;
#2369 = EDGE_CURVE ( 'NONE', #837, #2518, #2142, .T. ) ;
#2370 = AXIS2_PLACEMENT_3D ( 'NONE', #957, #1622, #3029 ) ;
#2371 = VECTOR ( 'NONE', #719, 1000.000000000000114 ) ;
#2372 = CARTESIAN_POINT ( 'NONE',  ( 179.7105683957216229, 110.5520546466633647, -101.9620504999783464 ) ) ;
#2373 = DIRECTION ( 'NONE',  ( -0.7071067811865497932, 0.000000000000000000, 0.7071067811865451302 ) ) ;
#2374 = ORIENTED_EDGE ( 'NONE', *, *, #2574, .F. ) ;
#2375 = CARTESIAN_POINT ( 'NONE',  ( 177.9542974490959750, 91.74757277670852318, -100.8898943220039968 ) ) ;
#2376 = AXIS2_PLACEMENT_3D ( 'NONE', #1560, #3503, #2377 ) ;
#2377 = DIRECTION ( 'NONE',  ( 0.7071067811864948371, 0.000000000000000000, 0.7071067811866001973 ) ) ;
#2378 = LINE ( 'NONE', #1282, #1529 ) ;
#2379 = CARTESIAN_POINT ( 'NONE',  ( 179.0366896493883644, 69.44794535333660690, 99.80750212171165003 ) ) ;
#2380 = AXIS2_PLACEMENT_3D ( 'NONE', #3489, #2163, #2365 ) ;
#2381 = VECTOR ( 'NONE', #1999, 1000.000000000000114 ) ;
#2382 = CARTESIAN_POINT ( 'NONE',  ( 180.0807358037782251, 44.73820061220084909, -98.76345596732198828 ) ) ;
#2383 = ORIENTED_EDGE ( 'NONE', *, *, #3192, .T. ) ;
#2384 = ORIENTED_EDGE ( 'NONE', *, *, #1498, .T. ) ;
#2385 = PRODUCT_DEFINITION_FORMATION_WITH_SPECIFIED_SOURCE ( 'ä»', '', #250, .NOT_KNOWN. ) ;
#2386 = CARTESIAN_POINT ( 'NONE',  ( 199.1726188958000137, 113.0000000000000000, -53.00000000000000000 ) ) ;
#2387 = LINE ( 'NONE', #2956, #3462 ) ;
#2388 = CARTESIAN_POINT ( 'NONE',  ( 180.2658559261283244, 92.00000000000001421, 101.4067629695717585 ) ) ;
#2389 = CYLINDRICAL_SURFACE ( 'NONE', #2489, 1.999999999999992895 ) ;
#2390 = OPEN_SHELL ( 'NONE', ( #842, #965 ) ) ;
#2391 = EDGE_CURVE ( 'NONE', #3453, #3084, #1836, .T. ) ;
#2392 = DIRECTION ( 'NONE',  ( 0.7071067811865475727, 0.000000000000000000, -0.7071067811865475727 ) ) ;
#2393 = DIRECTION ( 'NONE',  ( 1.000000000000000000, 0.000000000000000000, 0.000000000000000000 ) ) ;
#2394 = EDGE_LOOP ( 'NONE', ( #2061, #171 ) ) ;
#2395 = AXIS2_PLACEMENT_3D ( 'NONE', #1443, #1973, #33 ) ;
#2396 = ADVANCED_FACE ( 'NONE', ( #1542 ), #709, .F. ) ;
#2397 = CARTESIAN_POINT ( 'NONE',  ( 178.6665222413318475, 112.7617993877991580, -103.0060966543680223 ) ) ;
#2398 = B_SPLINE_CURVE_WITH_KNOTS ( 'NONE', 3,
 ( #909, #2320, #2012, #892, #3442, #3125, #1467, #925, #2031, #943, #3141, #1759, #1723, #2872, #387, #2046, #401, #3158 ),
 .UNSPECIFIED., .F., .F.,
 ( 4, 2, 2, 2, 2, 2, 2, 2, 4 ),
 ( -1.000000000000000000, -0.8750000000000000000, -0.7500000000000000000, -0.6250000000000000000, -0.5000000000000000000, -0.3750000000000000000, -0.2500000000000000000, -0.1250000000000000000, -0.000000000000000000 ),
 .UNSPECIFIED. ) ;
#2399 = CARTESIAN_POINT ( 'NONE',  ( 177.2523086790070010, 22.50000000000000000, 101.5918830920429912 ) ) ;
#2400 = CARTESIAN_POINT ( 'NONE',  ( 191.0695241448877653, 9.500000000000119016, 87.77466762617228824 ) ) ;
#2401 = CARTESIAN_POINT ( 'NONE',  ( 178.6665222413570007, 90.00000000000000000, 103.0060966543930050 ) ) ;
#2402 = DIRECTION ( 'NONE',  ( -0.7071067811865474617, 0.000000000000000000, -0.7071067811865474617 ) ) ;
#2403 = ORIENTED_EDGE ( 'NONE', *, *, #947, .F. ) ;
#2404 = EDGE_LOOP ( 'NONE', ( #2473, #68 ) ) ;
#2405 = CARTESIAN_POINT ( 'NONE',  ( 181.3164563647327157, 88.99276203925820994, 100.3561625309675094 ) ) ;
#2406 = CARTESIAN_POINT ( 'NONE',  ( 178.6665222413570007, 112.5000000000000000, -103.0060966543930050 ) ) ;
#2407 = CARTESIAN_POINT ( 'NONE',  ( 178.6665222413570007, 67.50000000000000000, 103.0060966543930050 ) ) ;
#2408 = DIRECTION ( 'NONE',  ( -1.000000000000000000, 0.000000000000000000, 0.000000000000000000 ) ) ;
#2409 = CARTESIAN_POINT ( 'NONE',  ( 178.6665222414000027, 45.00000000000000000, -100.1776695296999975 ) ) ;
#2410 = DIRECTION ( 'NONE',  ( -0.7071067811865475727, 0.000000000000000000, -0.7071067811865475727 ) ) ;
#2411 = ADVANCED_FACE ( 'NONE', ( #2652 ), #2105, .F. ) ;
#2412 = ORIENTED_EDGE ( 'NONE', *, *, #593, .T. ) ;
#2413 = EDGE_CURVE ( 'NONE', #1982, #3544, #1797, .T. ) ;
#2414 = CARTESIAN_POINT ( 'NONE',  ( 183.2627163190999795, 12.00000000000000000, -98.40990257669000130 ) ) ;
#2415 = EDGE_CURVE ( 'NONE', #461, #2979, #3297, .T. ) ;
#2416 = CARTESIAN_POINT ( 'NONE',  ( 181.4581411724303166, 23.02349576871856485, 100.2144777232699226 ) ) ;
#2417 = CARTESIAN_POINT ( 'NONE',  ( 180.0807358037000085, 90.00000000000000000, 101.5918830920000033 ) ) ;
#2418 = CYLINDRICAL_SURFACE ( 'NONE', #364, 1.999999999999992895 ) ;
#2419 = VERTEX_POINT ( 'NONE', #1950 ) ;
#2420 = ORIENTED_EDGE ( 'NONE', *, *, #2657, .T. ) ;
#2421 = CARTESIAN_POINT ( 'NONE',  ( 177.2523086790318416, 112.2382006122008704, -101.5918830920680023 ) ) ;
#2422 = CARTESIAN_POINT ( 'NONE',  ( 183.2627163190999795, 12.00000000000000000, -98.40990257669000130 ) ) ;
#2423 = VERTEX_POINT ( 'NONE', #2514 ) ;
#2424 = CARTESIAN_POINT ( 'NONE',  ( 178.6665222414000027, 90.00000000000000000, 103.0060966543999967 ) ) ;
#2425 = CARTESIAN_POINT ( 'NONE',  ( 178.6665222414000027, 45.00000000000000000, 103.0060966543999967 ) ) ;
#2426 = CARTESIAN_POINT ( 'NONE',  ( 180.0807358037505139, 45.00000000000000000, -98.76345596729450449 ) ) ;
#2427 = VERTEX_POINT ( 'NONE', #284 ) ;
#2428 = CIRCLE ( 'NONE', #1789, 2.000000000000002665 ) ;
#2429 = CARTESIAN_POINT ( 'NONE',  ( 179.8956156812817255, 42.99999999999998579, 101.7770032144182579 ) ) ;
#2430 = CIRCLE ( 'NONE', #2085, 2.999999999999988898 ) ;
#2431 = FACE_OUTER_BOUND ( 'NONE', #1347, .T. ) ;
#2432 = ADVANCED_FACE ( 'NONE', ( #2725 ), #2982, .F. ) ;
#2433 = CARTESIAN_POINT ( 'NONE',  ( 178.6665222414000027, 22.50000000000000000, -100.1776695296999975 ) ) ;
#2434 = AXIS2_PLACEMENT_3D ( 'NONE', #2535, #2071, #3452 ) ;
#2435 = CARTESIAN_POINT ( 'NONE',  ( 179.5356225475055112, 43.40066631520362250, -99.30856922359461691 ) ) ;
#2436 = ORIENTED_EDGE ( 'NONE', *, *, #2454, .F. ) ;
#2437 = ORIENTED_EDGE ( 'NONE', *, *, #2682, .F. ) ;
#2438 = LINE ( 'NONE', #3266, #1453 ) ;
#2439 = DIRECTION ( 'NONE',  ( -0.7071067811865475727, 0.000000000000000000, -0.7071067811865475727 ) ) ;
#2440 = ORIENTED_EDGE ( 'NONE', *, *, #2168, .F. ) ;
#2441 = DIRECTION ( 'NONE',  ( -1.000000000000000000, 0.000000000000000000, 0.000000000000000000 ) ) ;
#2442 = CARTESIAN_POINT ( 'NONE',  ( 178.8516423638283186, 69.50000000000001421, -99.99254940727173846 ) ) ;
#2443 = EDGE_LOOP ( 'NONE', ( #488, #190, #1619, #2162 ) ) ;
#2444 = AXIS2_PLACEMENT_3D ( 'NONE', #1741, #2029, #3089 ) ;
#2445 = CARTESIAN_POINT ( 'NONE',  ( 178.4814021189817481, 42.99999999999999289, 100.3627896521182521 ) ) ;
#2446 = VERTEX_POINT ( 'NONE', #2707 ) ;
#2447 = DIRECTION ( 'NONE',  ( 0.000000000000000000, 0.000000000000000000, -1.000000000000000000 ) ) ;
#2448 = CARTESIAN_POINT ( 'NONE',  ( 177.2523086790070010, 90.00000000000000000, -101.5918830920429912 ) ) ;
#2449 = CARTESIAN_POINT ( 'NONE',  ( 80.28425289741649351, 9.500000000000063949, 14.52532224701652552 ) ) ;
#2450 = CARTESIAN_POINT ( 'NONE',  ( 174.4238815543000101, 0.000000000000000000, -107.2487373414999894 ) ) ;
#2451 = EDGE_CURVE ( 'NONE', #2536, #777, #221, .T. ) ;
#2452 = DIRECTION ( 'NONE',  ( 0.000000000000000000, 1.000000000000000000, 0.000000000000000000 ) ) ;
#2453 = ORIENTED_EDGE ( 'NONE', *, *, #3383, .T. ) ;
#2454 = EDGE_CURVE ( 'NONE', #3232, #1600, #1336, .T. ) ;
#2455 = ORIENTED_EDGE ( 'NONE', *, *, #2138, .T. ) ;
#2456 = CARTESIAN_POINT ( 'NONE',  ( 180.0807358037000085, 112.5000000000000000, 101.5918830920000033 ) ) ;
#2457 = CARTESIAN_POINT ( 'NONE',  ( 177.5356225475053975, 46.22909343994982834, 101.3085692235945316 ) ) ;
#2458 = ORIENTED_EDGE ( 'NONE', *, *, #67, .F. ) ;
#2459 = DIRECTION ( 'NONE',  ( 0.7071067811864976127, -1.004219932346347311E-27, 0.7071067811865975328 ) ) ;
#2460 = CARTESIAN_POINT ( 'NONE',  ( 177.8151081272000056, 67.50000000000000000, -99.32625541548999593 ) ) ;
#2461 = EDGE_LOOP ( 'NONE', ( #1019, #1626, #1104, #2007, #2866, #3160, #2126, #1901 ) ) ;
#2462 = AXIS2_PLACEMENT_3D ( 'NONE', #2018, #358, #2879 ) ;
#2463 = EDGE_CURVE ( 'NONE', #2952, #2067, #1676, .T. ) ;
#2464 = EDGE_LOOP ( 'NONE', ( #3331, #829 ) ) ;
#2465 = CARTESIAN_POINT ( 'NONE',  ( 181.8485027567000145, 12.00000000000000000, 96.99568901432999724 ) ) ;
#2466 = ORIENTED_EDGE ( 'NONE', *, *, #3153, .T. ) ;
#2467 = FACE_BOUND ( 'NONE', #2920, .T. ) ;
#2468 = DIRECTION ( 'NONE',  ( 0.7071067811865475727, 0.000000000000000000, 0.7071067811865475727 ) ) ;
#2469 = AXIS2_PLACEMENT_3D ( 'NONE', #2417, #475, #2622 ) ;
#2470 = CARTESIAN_POINT ( 'NONE',  ( 179.2116354976045614, 43.40066631520362250, -102.4609833980953937 ) ) ;
#2471 = CARTESIAN_POINT ( 'NONE',  ( 181.4949493661000020, 22.50000000000000000, 100.1776695296999975 ) ) ;
#2472 = LINE ( 'NONE', #3594, #236 ) ;
#2473 = ORIENTED_EDGE ( 'NONE', *, *, #2824, .T. ) ;
#2474 = DIRECTION ( 'NONE',  ( -0.7071067811865474617, 0.000000000000000000, -0.7071067811865474617 ) ) ;
#2475 = CARTESIAN_POINT ( 'NONE',  ( 180.9498361098054602, 110.9006663152036367, -100.7227827858946370 ) ) ;
#2476 = DIRECTION ( 'NONE',  ( -0.7071067811864948371, 0.000000000000000000, -0.7071067811866001973 ) ) ;
#2477 = CARTESIAN_POINT ( 'NONE',  ( 178.6665222414000027, 67.50000000000000000, -103.0060966543999967 ) ) ;
#2478 = CARTESIAN_POINT ( 'NONE',  ( 179.9022428024326814, 68.50723796074180427, -98.94194896866747513 ) ) ;
#2479 = ORIENTED_EDGE ( 'NONE', *, *, #2892, .F. ) ;
#2480 = ORIENTED_EDGE ( 'NONE', *, *, #1014, .F. ) ;
#2481 = DIRECTION ( 'NONE',  ( -1.000000000000000000, 0.000000000000000000, 0.000000000000000000 ) ) ;
#2482 = DIRECTION ( 'NONE',  ( -0.000000000000000000, 1.000000000000000000, 0.000000000000000000 ) ) ;
#2483 = ADVANCED_FACE ( 'NONE', ( #766 ), #800, .F. ) ;
#2484 = ORIENTED_EDGE ( 'NONE', *, *, #2636, .T. ) ;
#2485 = CARTESIAN_POINT ( 'NONE',  ( 179.5356225475055396, 20.90066631520364382, 99.30856922359463113 ) ) ;
#2486 = DIRECTION ( 'NONE',  ( 0.000000000000000000, 0.000000000000000000, 1.000000000000000000 ) ) ;
#2487 = VERTEX_POINT ( 'NONE', #1870 ) ;
#2488 = VECTOR ( 'NONE', #433, 1000.000000000000000 ) ;
#2489 = AXIS2_PLACEMENT_3D ( 'NONE', #1827, #3228, #2113 ) ;
#2490 = CIRCLE ( 'NONE', #115, 8.000000000000000000 ) ;
#2491 = DIRECTION ( 'NONE',  ( 0.7071067811864976127, 0.000000000000000000, -0.7071067811865975328 ) ) ;
#2492 = CARTESIAN_POINT ( 'NONE',  ( 199.1726188958000137, 123.0000000000000000, 57.50000000000000000 ) ) ;
#2493 = CARTESIAN_POINT ( 'NONE',  ( 178.6665222413570007, 90.00000000000000000, 103.0060966543930050 ) ) ;
#2494 = FACE_BOUND ( 'NONE', #3436, .T. ) ;
#2495 = CARTESIAN_POINT ( 'NONE',  ( 197.1726188958000137, 0.000000000000000000, 81.67157287525999720 ) ) ;
#2496 = DIRECTION ( 'NONE',  ( -0.7071067811864976127, 0.000000000000000000, 0.7071067811865975328 ) ) ;
#2497 = CARTESIAN_POINT ( 'NONE',  ( 178.2963548334216455, 69.44794535333660690, -100.5478369376783405 ) ) ;
#2498 = ORIENTED_EDGE ( 'NONE', *, *, #1229, .F. ) ;
#2499 = ORIENTED_EDGE ( 'NONE', *, *, #2415, .T. ) ;
#2500 = DIRECTION ( 'NONE',  ( -0.7071067811865475727, 0.000000000000000000, 0.7071067811865475727 ) ) ;
#2501 = CARTESIAN_POINT ( 'NONE',  ( 177.8151081272000056, 67.50000000000000000, 99.32625541548999593 ) ) ;
#2502 = ORIENTED_EDGE ( 'NONE', *, *, #2413, .F. ) ;
#2503 = FACE_OUTER_BOUND ( 'NONE', #1929, .T. ) ;
#2504 = EDGE_CURVE ( 'NONE', #1802, #1718, #1127, .T. ) ;
#2505 = AXIS2_PLACEMENT_3D ( 'NONE', #1762, #3481, #688 ) ;
#2506 = EDGE_CURVE ( 'NONE', #1422, #333, #3058, .T. ) ;
#2507 = VECTOR ( 'NONE', #2638, 1000.000000000000114 ) ;
#2508 = DIRECTION ( 'NONE',  ( 0.000000000000000000, -1.000000000000000000, 0.000000000000000000 ) ) ;
#2509 = CARTESIAN_POINT ( 'NONE',  ( 179.9022428024326814, 66.49276203925819573, 98.94194896866747513 ) ) ;
#2510 = EDGE_LOOP ( 'NONE', ( #732, #3570, #1095, #1603 ) ) ;
#2511 = EDGE_CURVE ( 'NONE', #2567, #299, #1521, .T. ) ;
#2512 = CARTESIAN_POINT ( 'NONE',  ( 178.6665222413318190, 44.73820061220084909, -103.0060966543679655 ) ) ;
#2513 = PRODUCT_DEFINITION_SHAPE ( 'NONE', 'NONE',  #130 ) ;
#2514 = CARTESIAN_POINT ( 'NONE',  ( 197.1726188958000137, 113.0000000000000000, -59.00000000000000000 ) ) ;
#2515 = LINE ( 'NONE', #2182, #1651 ) ;
#2516 = CARTESIAN_POINT ( 'NONE',  ( 177.5356225475053407, 46.22909343994984255, -101.3085692235945316 ) ) ;
#2517 = CYLINDRICAL_SURFACE ( 'NONE', #350, 1.999999999999992895 ) ;
#2518 = VERTEX_POINT ( 'NONE', #2450 ) ;
#2519 = EDGE_LOOP ( 'NONE', ( #216, #548, #2857, #2786 ) ) ;
#2520 = CARTESIAN_POINT ( 'NONE',  ( 188.9482038013281340, 9.500000000000119016, 89.89598796973191952 ) ) ;
#2521 = CARTESIAN_POINT ( 'NONE',  ( 178.6665222413318190, 90.26179938779915801, 103.0060966543679655 ) ) ;
#2522 = CIRCLE ( 'NONE', #2000, 2.500000000000000888 ) ;
#2523 = FACE_OUTER_BOUND ( 'NONE', #903, .T. ) ;
#2524 = CARTESIAN_POINT ( 'NONE',  ( 181.4949493661030147, 67.50000000000000000, 100.1776695296469910 ) ) ;
#2525 = EDGE_CURVE ( 'NONE', #1743, #2487, #788, .T. ) ;
#2526 = DIRECTION ( 'NONE',  ( -1.000000000000000000, 0.000000000000000000, 0.000000000000000000 ) ) ;
#2527 = VERTEX_POINT ( 'NONE', #2159 ) ;
#2528 = EDGE_CURVE ( 'NONE', #2734, #2091, #2217, .T. ) ;
#2529 = ORIENTED_EDGE ( 'NONE', *, *, #1874, .F. ) ;
#2530 = DIRECTION ( 'NONE',  ( -0.7071067811864976127, 0.000000000000000000, 0.7071067811865975328 ) ) ;
#2531 = CARTESIAN_POINT ( 'NONE',  ( 199.1726188958000137, 123.0000000000000000, -62.50000000000000000 ) ) ;
#2532 = EDGE_CURVE ( 'NONE', #2710, #1998, #3255, .T. ) ;
#2533 = CARTESIAN_POINT ( 'NONE',  ( 177.7974219353044987, 114.0993336847963491, 101.0467698357954021 ) ) ;
#2534 = CARTESIAN_POINT ( 'NONE',  ( 181.4949493661000020, 123.0000000000000000, -100.1776695296999975 ) ) ;
#2535 = CARTESIAN_POINT ( 'NONE',  ( 180.0807358037000085, 22.50000000000000000, -101.5918830920000033 ) ) ;
#2536 = VERTEX_POINT ( 'NONE', #2492 ) ;
#2537 = ORIENTED_EDGE ( 'NONE', *, *, #314, .F. ) ;
#2538 = CARTESIAN_POINT ( 'NONE',  ( 180.0807358037505139, 22.50000000000000000, -98.76345596729450449 ) ) ;
#2539 = CARTESIAN_POINT ( 'NONE',  ( 179.3685110113959809, 91.74757277670852318, 102.3041078843040168 ) ) ;
#2540 = CARTESIAN_POINT ( 'NONE',  ( 180.5521403245247711, 45.00000000000000711, 99.23486048806857696 ) ) ;
#2541 = CARTESIAN_POINT ( 'NONE',  ( 181.2116354976047035, 111.2709065600502072, 100.4609833980955074 ) ) ;
#2542 = CARTESIAN_POINT ( 'NONE',  ( 177.7974219353044703, 65.90066631520365092, 101.0467698357954021 ) ) ;
#2543 = ORIENTED_EDGE ( 'NONE', *, *, #971, .T. ) ;
#2544 = DIRECTION ( 'NONE',  ( 0.000000000000000000, -1.000000000000000000, 0.000000000000000000 ) ) ;
#2545 = EDGE_CURVE ( 'NONE', #2074, #2487, #1109, .T. ) ;
#2546 = CARTESIAN_POINT ( 'NONE',  ( 188.9482038013011618, 9.500000000000063949, -89.89598796974883044 ) ) ;
#2547 = CARTESIAN_POINT ( 'NONE',  ( 181.0235448453264269, 89.99999999999998579, -99.70626500887024690 ) ) ;
#2548 = AXIS2_PLACEMENT_3D ( 'NONE', #2460, #3270, #774 ) ;
#2549 = EDGE_CURVE ( 'NONE', #2710, #2815, #1654, .T. ) ;
#2550 = CIRCLE ( 'NONE', #977, 2.500000000000000888 ) ;
#2551 = EDGE_CURVE ( 'NONE', #1982, #1062, #337, .T. ) ;
#2552 = CARTESIAN_POINT ( 'NONE',  ( 197.1726188958000137, 123.0000000000000000, -60.00000000000000000 ) ) ;
#2553 = CARTESIAN_POINT ( 'NONE',  ( 178.6665222413570007, 22.50000000000000000, -103.0060966543930050 ) ) ;
#2554 = CARTESIAN_POINT ( 'NONE',  ( 180.4509032116883986, 24.44794535333663177, -101.2217156840116559 ) ) ;
#2555 = B_SPLINE_CURVE_WITH_KNOTS ( 'NONE', 3,
 ( #168, #2382, #3166, #1782, #3506, #2435, #494, #1614, #1140, #3298, #1871, #801, #3261, #2144, #2727, #1981, #1317, #3372 ),
 .UNSPECIFIED., .F., .F.,
 ( 4, 2, 2, 2, 2, 2, 2, 2, 4 ),
 ( -1.000000000000000000, -0.8750000000000000000, -0.7500000000000000000, -0.6250000000000000000, -0.5000000000000000000, -0.3750000000000000000, -0.2500000000000000000, -0.1250000000000000000, -0.000000000000000000 ),
 .UNSPECIFIED. ) ;
#2556 = VERTEX_POINT ( 'NONE', #2827 ) ;
#2557 = ORIENTED_EDGE ( 'NONE', *, *, #2805, .F. ) ;
#2558 = CARTESIAN_POINT ( 'NONE',  ( 197.1726188958000137, 129.0000000000000000, -8.000000000000000000 ) ) ;
#2559 = CARTESIAN_POINT ( 'NONE',  ( 181.4949493661000020, 67.50000000000000000, -100.1776695296999975 ) ) ;
#2560 = AXIS2_PLACEMENT_3D ( 'NONE', #1810, #3248, #2200 ) ;
#2561 = CYLINDRICAL_SURFACE ( 'NONE', #1611, 1.999999999999992895 ) ;
#2562 = CARTESIAN_POINT ( 'NONE',  ( 183.2627163190999795, 12.00000000000000000, -98.40990257669000130 ) ) ;
#2563 = CARTESIAN_POINT ( 'NONE',  ( 178.6665222413318475, 67.23820061220087041, 103.0060966543680223 ) ) ;
#2564 = DIRECTION ( 'NONE',  ( 1.000000000000000000, 0.000000000000000000, 0.000000000000000000 ) ) ;
#2565 = CIRCLE ( 'NONE', #988, 5.999999999999998224 ) ;
#2566 = VECTOR ( 'NONE', #856, 1000.000000000000000 ) ;
#2567 = VERTEX_POINT ( 'NONE', #2036 ) ;
#2568 = DIRECTION ( 'NONE',  ( 0.7071067811864948371, 0.000000000000000000, -0.7071067811866001973 ) ) ;
#2569 = DIRECTION ( 'NONE',  ( 1.000000000000000000, 0.000000000000000000, 0.000000000000000000 ) ) ;
#2570 = CARTESIAN_POINT ( 'NONE',  ( 180.7929605960140691, 20.75242722329148393, 100.8796582996859996 ) ) ;
#2571 = EDGE_CURVE ( 'NONE', #1914, #2208, #3229, .T. ) ;
#2572 = CARTESIAN_POINT ( 'NONE',  ( 180.0439276101303108, 45.52349576871856129, -98.80026416096991682 ) ) ;
#2573 = FACE_OUTER_BOUND ( 'NONE', #365, .T. ) ;
#2574 = EDGE_CURVE ( 'NONE', #244, #3214, #1538, .T. ) ;
#2575 = EDGE_LOOP ( 'NONE', ( #902, #2116, #3491, #274 ) ) ;
#2576 = ORIENTED_EDGE ( 'NONE', *, *, #2253, .F. ) ;
#2577 = VECTOR ( 'NONE', #2816, 1000.000000000000114 ) ;
#2578 = CARTESIAN_POINT ( 'NONE',  ( 180.0807358037000085, 67.50000000000000000, 101.5918830920000033 ) ) ;
#2579 = CYLINDRICAL_SURFACE ( 'NONE', #1965, 2.500000000000010658 ) ;
#2580 = DIRECTION ( 'NONE',  ( -0.7071067811865475727, 0.000000000000000000, -0.7071067811865475727 ) ) ;
#2581 = DIRECTION ( 'NONE',  ( 1.000000000000000000, 0.000000000000000000, 0.000000000000000000 ) ) ;
#2582 = ADVANCED_FACE ( 'NONE', ( #3395 ), #622, .F. ) ;
#2583 = CARTESIAN_POINT ( 'NONE',  ( 179.8956156812817255, 110.5000000000000000, 101.7770032144182579 ) ) ;
#2584 = EDGE_LOOP ( 'NONE', ( #562, #1181 ) ) ;
#2585 = CARTESIAN_POINT ( 'NONE',  ( 178.6665222413570007, 67.50000000000000000, -103.0060966543930050 ) ) ;
#2586 = CARTESIAN_POINT ( 'NONE',  ( 180.0807358037000085, 112.5000000000000000, -101.5918830920000033 ) ) ;
#2587 = CARTESIAN_POINT ( 'NONE',  ( 180.4509032116883986, 20.55205464666336113, 101.2217156840116559 ) ) ;
#2588 = CARTESIAN_POINT ( 'NONE',  ( 179.9022428024326814, 88.99276203925818152, 98.94194896866747513 ) ) ;
#2589 = CARTESIAN_POINT ( 'NONE',  ( 179.3685110113959524, 24.24757277670852318, -102.3041078843040026 ) ) ;
#2590 = EDGE_LOOP ( 'NONE', ( #2750, #3349, #2972, #2537 ) ) ;
#2591 = ORIENTED_EDGE ( 'NONE', *, *, #1746, .F. ) ;
#2592 = EDGE_LOOP ( 'NONE', ( #1682, #3300, #1020, #2278 ) ) ;
#2593 = CARTESIAN_POINT ( 'NONE',  ( 179.8956156812817540, 88.00000000000000000, -101.7770032144182863 ) ) ;
#2594 = CARTESIAN_POINT ( 'NONE',  ( 180.0807358037505139, 67.50000000000000000, -98.76345596729450449 ) ) ;
#2595 = CARTESIAN_POINT ( 'NONE',  ( 192.4837377072577169, 9.500000000000119016, 89.18888118854223990 ) ) ;
#2596 = ADVANCED_FACE ( 'NONE', ( #857, #3146, #3428, #1964, #2843, #1713 ), #60, .T. ) ;
#2597 = CARTESIAN_POINT ( 'NONE',  ( 178.6665222413570007, 112.5000000000000000, 103.0060966543930050 ) ) ;
#2598 = ORIENTED_EDGE ( 'NONE', *, *, #2703, .T. ) ;
#2599 = DIRECTION ( 'NONE',  ( 0.7071067811865475727, 0.000000000000000000, -0.7071067811865475727 ) ) ;
#2600 = CARTESIAN_POINT ( 'NONE',  ( 197.1726188958000137, 131.0000000000000000, -20.00000000000000000 ) ) ;
#2601 = CARTESIAN_POINT ( 'NONE',  ( 199.1726188958000137, 123.0000000000000000, 60.00000000000000000 ) ) ;
#2602 = FACE_OUTER_BOUND ( 'NONE', #3365, .T. ) ;
#2603 = CARTESIAN_POINT ( 'NONE',  ( 181.4949493661000020, 123.0000000000000000, 100.1776695296999975 ) ) ;
#2604 = AXIS2_PLACEMENT_3D ( 'NONE', #160, #2393, #2648 ) ;
#2605 = ORIENTED_EDGE ( 'NONE', *, *, #1297, .F. ) ;
#2606 = VERTEX_POINT ( 'NONE', #896 ) ;
#2607 = CARTESIAN_POINT ( 'NONE',  ( 181.0235448453264269, 90.00000000000000000, 99.70626500887024690 ) ) ;
#2608 = AXIS2_PLACEMENT_3D ( 'NONE', #2923, #1024, #429 ) ;
#2609 = CARTESIAN_POINT ( 'NONE',  ( 181.3164563647326872, 88.99276203925819573, -100.3561625309675094 ) ) ;
#2610 = CARTESIAN_POINT ( 'NONE',  ( 197.1726188958000137, 106.0000000000000000, 47.50000000000000000 ) ) ;
#2611 = CARTESIAN_POINT ( 'NONE',  ( 181.4949493660782025, 22.23820061220085265, -100.1776695296220367 ) ) ;
#2612 = AXIS2_PLACEMENT_3D ( 'NONE', #5, #2743, #1412 ) ;
#2613 = CARTESIAN_POINT ( 'NONE',  ( 181.4949493661000020, 12.00000000000000000, -100.1776695296999975 ) ) ;
#2614 = VECTOR ( 'NONE', #964, 1000.000000000000000 ) ;
#2615 = ADVANCED_FACE ( 'NONE', ( #1159 ), #2307, .F. ) ;
#2616 = EDGE_LOOP ( 'NONE', ( #1096, #626 ) ) ;
#2617 = B_SPLINE_CURVE_WITH_KNOTS ( 'NONE', 3,
 ( #1009, #3231, #2910, #739, #2961, #470, #1574, #2685, #198, #3463, #1792, #2340, #973, #959, #2066, #417, #1519, #2632 ),
 .UNSPECIFIED., .F., .F.,
 ( 4, 2, 2, 2, 2, 2, 2, 2, 4 ),
 ( -1.000000000000000000, -0.8750000000000000000, -0.7500000000000000000, -0.6250000000000000000, -0.5000000000000000000, -0.3750000000000000000, -0.2500000000000000000, -0.1250000000000000000, -0.000000000000000000 ),
 .UNSPECIFIED. ) ;
#2618 = EDGE_CURVE ( 'NONE', #3560, #3137, #1763, .T. ) ;
#2619 = CARTESIAN_POINT ( 'NONE',  ( 180.5521403245247711, 112.4999999999999858, -99.23486048806857696 ) ) ;
#2620 = AXIS2_PLACEMENT_3D ( 'NONE', #3221, #2950, #456 ) ;
#2621 = EDGE_CURVE ( 'NONE', #3560, #1564, #3115, .T. ) ;
#2622 = DIRECTION ( 'NONE',  ( 0.7071067811865475727, 0.000000000000000000, -0.7071067811865475727 ) ) ;
#2623 = CARTESIAN_POINT ( 'NONE',  ( 181.0235448453264269, 112.5000000000000000, 99.70626500887024690 ) ) ;
#2624 = CARTESIAN_POINT ( 'NONE',  ( 179.7105683957216229, 65.55205464666336468, -101.9620504999783464 ) ) ;
#2625 = EDGE_LOOP ( 'NONE', ( #789, #1761, #1303, #2741 ) ) ;
#2626 = ORIENTED_EDGE ( 'NONE', *, *, #176, .F. ) ;
#2627 = VERTEX_POINT ( 'NONE', #1697 ) ;
#2628 = CYLINDRICAL_SURFACE ( 'NONE', #2844, 1.999999999999992895 ) ;
#2629 = CARTESIAN_POINT ( 'NONE',  ( 192.4837377072358038, 9.500000000000063949, -89.18888118856416725 ) ) ;
#2630 = CYLINDRICAL_SURFACE ( 'NONE', #634, 2.500000000000002220 ) ;
#2631 = DIRECTION ( 'NONE',  ( 0.7071067811865996422, 1.387778780781443782E-14, -0.7071067811864955033 ) ) ;
#2632 = CARTESIAN_POINT ( 'NONE',  ( 177.2523086790070010, 22.50000000000000000, -101.5918830920429912 ) ) ;
#2633 = VERTEX_POINT ( 'NONE', #390 ) ;
#2634 = CARTESIAN_POINT ( 'NONE',  ( 179.7105683957216229, 114.4479453533366353, -101.9620504999783464 ) ) ;
#2635 = AXIS2_PLACEMENT_3D ( 'NONE', #1618, #1092, #2201 ) ;
#2636 = EDGE_CURVE ( 'NONE', #590, #3453, #2646, .T. ) ;
#2637 = DIRECTION ( 'NONE',  ( -0.7071067811865996422, 0.000000000000000000, 0.7071067811864955033 ) ) ;
#2638 = DIRECTION ( 'NONE',  ( -0.7071067811865474617, 0.000000000000000000, 0.7071067811865474617 ) ) ;
#2639 = DIRECTION ( 'NONE',  ( 0.7071067811865475727, 0.000000000000000000, 0.7071067811865475727 ) ) ;
#2640 = ORIENTED_EDGE ( 'NONE', *, *, #2511, .F. ) ;
#2641 = ORIENTED_EDGE ( 'NONE', *, *, #3403, .T. ) ;
#2642 = CARTESIAN_POINT ( 'NONE',  ( 197.1726188958000137, 117.0000000000000000, -20.00000000000000000 ) ) ;
#2643 = CARTESIAN_POINT ( 'NONE',  ( 179.5356225475055112, 46.59933368479637039, 99.30856922359461691 ) ) ;
#2644 = CARTESIAN_POINT ( 'NONE',  ( 181.4949493661030147, 90.00000000000000000, 100.1776695296469910 ) ) ;
#2645 = FACE_BOUND ( 'NONE', #2404, .T. ) ;
#2646 = CIRCLE ( 'NONE', #98, 2.500000000000000888 ) ;
#2647 = DIRECTION ( 'NONE',  ( 0.7071067811865477948, -2.453269466693399468E-18, 0.7071067811865472397 ) ) ;
#2648 = DIRECTION ( 'NONE',  ( 0.000000000000000000, 0.000000000000000000, -1.000000000000000000 ) ) ;
#2649 = VERTEX_POINT ( 'NONE', #3412 ) ;
#2650 = CARTESIAN_POINT ( 'NONE',  ( 179.3787470337140633, 91.74757277670852318, -99.46544473738597958 ) ) ;
#2651 = LINE ( 'NONE', #745, #1211 ) ;
#2652 = FACE_OUTER_BOUND ( 'NONE', #1441, .T. ) ;
#2653 = CARTESIAN_POINT ( 'NONE',  ( 177.4308016803773000, 68.50723796074180427, 101.4133900907225296 ) ) ;
#2654 = DIRECTION ( 'NONE',  ( 0.000000000000000000, 1.000000000000000000, 0.000000000000000000 ) ) ;
#2655 = VERTEX_POINT ( 'NONE', #2600 ) ;
#2656 = B_SPLINE_CURVE_WITH_KNOTS ( 'NONE', 3,
 ( #3420, #1479, #921, #3457, #3122, #629, #1200, #383, #2593, #105, #940, #664, #397, #1495, #2609, #2335, #955, #2060 ),
 .UNSPECIFIED., .F., .F.,
 ( 4, 2, 2, 2, 2, 2, 2, 2, 4 ),
 ( -1.000000000000000000, -0.8750000000000000000, -0.7500000000000000000, -0.6250000000000000000, -0.5000000000000000000, -0.3750000000000000000, -0.2500000000000000000, -0.1250000000000000000, -0.000000000000000000 ),
 .UNSPECIFIED. ) ;
#2657 = EDGE_CURVE ( 'NONE', #1802, #2737, #1076, .T. ) ;
#2658 = VERTEX_POINT ( 'NONE', #1210 ) ;
#2659 = CARTESIAN_POINT ( 'NONE',  ( 179.3685110113959524, 88.25242722329150524, 102.3041078843040026 ) ) ;
#2660 = DIRECTION ( 'NONE',  ( -0.7071067811865475727, 0.000000000000000000, 0.7071067811865475727 ) ) ;
#2661 = DIRECTION ( 'NONE',  ( 0.7071067811865476838, -0.000000000000000000, 0.7071067811865474617 ) ) ;
#2662 = VECTOR ( 'NONE', #680, 1000.000000000000114 ) ;
#2663 = CARTESIAN_POINT ( 'NONE',  ( 181.4949493661030147, 67.50000000000000000, -100.1776695296469910 ) ) ;
#2664 = AXIS2_PLACEMENT_3D ( 'NONE', #2940, #430, #3477 ) ;
#2665 = EDGE_CURVE ( 'NONE', #1442, #1892, #1986, .T. ) ;
#2666 = CIRCLE ( 'NONE', #113, 3.000000000000019096 ) ;
#2667 = DIRECTION ( 'NONE',  ( -0.7071067811865996422, 0.000000000000000000, 0.7071067811864955033 ) ) ;
#2668 = CARTESIAN_POINT ( 'NONE',  ( 178.4814021189816913, 92.00000000000001421, 100.3627896521182521 ) ) ;
#2669 = ORIENTED_EDGE ( 'NONE', *, *, #2992, .F. ) ;
#2670 = CARTESIAN_POINT ( 'NONE',  ( 178.8450152426773343, 43.99276203925820283, 102.8276036530225070 ) ) ;
#2671 = CARTESIAN_POINT ( 'NONE',  ( 199.1726188958000137, 0.000000000000000000, -70.00000000000000000 ) ) ;
#2672 = CYLINDRICAL_SURFACE ( 'NONE', #2469, 1.999999999999992895 ) ;
#2673 = CARTESIAN_POINT ( 'NONE',  ( 177.5356225475053975, 88.77090656005015035, -101.3085692235945316 ) ) ;
#2674 = AXIS2_PLACEMENT_3D ( 'NONE', #2749, #262, #1356 ) ;
#2675 = PLANE ( 'NONE',  #3080 ) ;
#2676 = EDGE_LOOP ( 'NONE', ( #495, #3458, #884, #388 ) ) ;
#2677 = EDGE_LOOP ( 'NONE', ( #3418, #2331, #3143, #309 ) ) ;
#2678 = EDGE_CURVE ( 'NONE', #1637, #1948, #640, .T. ) ;
#2679 = CARTESIAN_POINT ( 'NONE',  ( 180.2658559261283244, 88.00000000000000000, 101.4067629695717585 ) ) ;
#2680 = DIRECTION ( 'NONE',  ( 0.7071067811864976127, 1.004219932346347311E-27, 0.7071067811865975328 ) ) ;
#2681 = DIRECTION ( 'NONE',  ( -0.7071067811864948371, 0.000000000000000000, 0.7071067811866001973 ) ) ;
#2682 = EDGE_CURVE ( 'NONE', #2446, #1783, #1418, .T. ) ;
#2683 = CARTESIAN_POINT ( 'NONE',  ( 177.4308016803773000, 23.50723796074179717, -101.4133900907225154 ) ) ;
#2684 = CARTESIAN_POINT ( 'NONE',  ( 183.2627163190999795, 123.0000000000000000, 98.40990257669999153 ) ) ;
#2685 = CARTESIAN_POINT ( 'NONE',  ( 179.0366896493883644, 20.55205464666336113, -99.80750212171165003 ) ) ;
#2686 = EDGE_CURVE ( 'NONE', #3049, #1279, #1594, .T. ) ;
#2687 = ORIENTED_EDGE ( 'NONE', *, *, #2451, .F. ) ;
#2688 = LINE ( 'NONE', #203, #3495 ) ;
#2689 = CARTESIAN_POINT ( 'NONE',  ( 179.8956156812817540, 24.50000000000000000, 101.7770032144182863 ) ) ;
#2690 = DIRECTION ( 'NONE',  ( -0.7071067811865476838, -0.000000000000000000, 0.7071067811865474617 ) ) ;
#2691 = CIRCLE ( 'NONE', #2228, 2.500000000000000888 ) ;
#2692 = FACE_OUTER_BOUND ( 'NONE', #2911, .T. ) ;
#2693 = ORIENTED_EDGE ( 'NONE', *, *, #2686, .T. ) ;
#2694 = ORIENTED_EDGE ( 'NONE', *, *, #1032, .T. ) ;
#2695 = CARTESIAN_POINT ( 'NONE',  ( 179.9022428024326246, 111.4927620392582099, -98.94194896866747513 ) ) ;
#2696 = CARTESIAN_POINT ( 'NONE',  ( 180.0807358037000085, 45.00000000000000000, -98.76345596729001386 ) ) ;
#2697 = ORIENTED_EDGE ( 'NONE', *, *, #238, .F. ) ;
#2698 = CARTESIAN_POINT ( 'NONE',  ( 197.1726188958000137, 106.0000000000000000, 47.50000000000000000 ) ) ;
#2699 = CARTESIAN_POINT ( 'NONE',  ( 177.2891168726796991, 23.02349576871856485, -101.5550748984200879 ) ) ;
#2700 = LINE ( 'NONE', #1295, #743 ) ;
#2701 = ORIENTED_EDGE ( 'NONE', *, *, #953, .F. ) ;
#2702 = VECTOR ( 'NONE', #1016, 1000.000000000000114 ) ;
#2703 = EDGE_CURVE ( 'NONE', #837, #1422, #2049, .T. ) ;
#2704 = DIRECTION ( 'NONE',  ( 0.7071067811865975328, 0.000000000000000000, -0.7071067811864976127 ) ) ;
#2705 = CARTESIAN_POINT ( 'NONE',  ( 178.7033304349797334, 23.02349576871855064, 102.9692884607200796 ) ) ;
#2706 = B_SPLINE_CURVE_WITH_KNOTS ( 'NONE', 3,
 ( #1193, #915, #2275, #1161, #2829, #656, #2570, #2587, #606, #81, #1177, #2308, #99, #3450, #3414, #1730, #673, #391 ),
 .UNSPECIFIED., .F., .F.,
 ( 4, 2, 2, 2, 2, 2, 2, 2, 4 ),
 ( -1.000000000000000000, -0.8750000000000000000, -0.7500000000000000000, -0.6250000000000000000, -0.5000000000000000000, -0.3750000000000000000, -0.2500000000000000000, -0.1250000000000000000, -0.000000000000000000 ),
 .UNSPECIFIED. ) ;
#2707 = CARTESIAN_POINT ( 'NONE',  ( 199.1726188958000137, 123.0000000000000000, -62.50000000000000000 ) ) ;
#2708 = DIRECTION ( 'NONE',  ( 0.000000000000000000, 1.000000000000000000, 0.000000000000000000 ) ) ;
#2709 = VERTEX_POINT ( 'NONE', #3448 ) ;
#2710 = VERTEX_POINT ( 'NONE', #2325 ) ;
#2711 = CARTESIAN_POINT ( 'NONE',  ( 180.0807358037000085, 112.5000000000000000, 101.5918830920000033 ) ) ;
#2712 = CARTESIAN_POINT ( 'NONE',  ( 179.9022428024326246, 46.00723796074179717, 98.94194896866747513 ) ) ;
#2713 = ORIENTED_EDGE ( 'NONE', *, *, #1012, .F. ) ;
#2714 = CARTESIAN_POINT ( 'NONE',  ( 179.8956156812817540, 69.50000000000000000, 101.7770032144182863 ) ) ;
#2715 = DIRECTION ( 'NONE',  ( 0.7071067811865474617, 0.000000000000000000, 0.7071067811865474617 ) ) ;
#2716 = CARTESIAN_POINT ( 'NONE',  ( 179.5356225475055396, 43.40066631520362961, 99.30856922359463113 ) ) ;
#2717 = ORIENTED_EDGE ( 'NONE', *, *, #1477, .F. ) ;
#2718 = CARTESIAN_POINT ( 'NONE',  ( 177.4308016803773000, 21.49276203925819573, 101.4133900907225154 ) ) ;
#2719 = VECTOR ( 'NONE', #2926, 1000.000000000000000 ) ;
#2720 = CARTESIAN_POINT ( 'NONE',  ( 180.2658559261283244, 42.99999999999999289, 101.4067629695717585 ) ) ;
#2721 = EDGE_CURVE ( 'NONE', #2776, #967, #39, .T. ) ;
#2722 = EDGE_CURVE ( 'NONE', #2627, #2776, #1169, .T. ) ;
#2723 = CIRCLE ( 'NONE', #300, 2.000000000000002665 ) ;
#2724 = DIRECTION ( 'NONE',  ( 0.000000000000000000, 0.000000000000000000, 1.000000000000000000 ) ) ;
#2725 = FACE_OUTER_BOUND ( 'NONE', #84, .T. ) ;
#2726 = EDGE_CURVE ( 'NONE', #2446, #3136, #3413, .T. ) ;
#2727 = CARTESIAN_POINT ( 'NONE',  ( 177.4308016803773000, 43.99276203925820283, -101.4133900907225296 ) ) ;
#2728 = ORIENTED_EDGE ( 'NONE', *, *, #458, .T. ) ;
#2729 = EDGE_LOOP ( 'NONE', ( #2849, #2502, #291, #983 ) ) ;
#2730 = CARTESIAN_POINT ( 'NONE',  ( 180.9498361098054886, 88.40066631520363671, 100.7227827858946370 ) ) ;
#2731 = DIRECTION ( 'NONE',  ( 0.7071067811864976127, 0.000000000000000000, -0.7071067811865975328 ) ) ;
#2732 = AXIS2_PLACEMENT_3D ( 'NONE', #2218, #1659, #1912 ) ;
#2733 = CIRCLE ( 'NONE', #1107, 2.500000000000000888 ) ;
#2734 = VERTEX_POINT ( 'NONE', #2852 ) ;
#2735 = DIRECTION ( 'NONE',  ( -0.7071067811864976127, 0.000000000000000000, 0.7071067811865975328 ) ) ;
#2736 = CARTESIAN_POINT ( 'NONE',  ( 177.2891168726796991, 68.02349576871856129, -101.5550748984200879 ) ) ;
#2737 = VERTEX_POINT ( 'NONE', #3387 ) ;
#2738 = VERTEX_POINT ( 'NONE', #887 ) ;
#2739 = VECTOR ( 'NONE', #869, 1000.000000000000114 ) ;
#2740 = CARTESIAN_POINT ( 'NONE',  ( 177.2523086790318700, 44.73820061220084909, 101.5918830920679738 ) ) ;
#2741 = ORIENTED_EDGE ( 'NONE', *, *, #45, .T. ) ;
#2742 = CARTESIAN_POINT ( 'NONE',  ( 177.8151081272000056, 45.00000000000000000, -99.32625541548999593 ) ) ;
#2743 = DIRECTION ( 'NONE',  ( 0.7071067811864976127, 0.000000000000000000, -0.7071067811865975328 ) ) ;
#2744 = VECTOR ( 'NONE', #2753, 1000.000000000000000 ) ;
#2745 = ADVANCED_FACE ( 'NONE', ( #3404 ), #1739, .F. ) ;
#2746 = DIRECTION ( 'NONE',  ( 0.7071067811865474617, -0.000000000000000000, 0.7071067811865474617 ) ) ;
#2747 = B_SPLINE_CURVE_WITH_KNOTS ( 'NONE', 3,
 ( #2120, #2981, #1261, #2399 ),
 .UNSPECIFIED., .F., .F.,
 ( 4, 4 ),
 ( 0.000000000000000000, 1.000000000000000000 ),
 .UNSPECIFIED. ) ;
#2748 = CARTESIAN_POINT ( 'NONE',  ( 199.1726188958000137, 131.0000000000000000, -20.00000000000000000 ) ) ;
#2749 = CARTESIAN_POINT ( 'NONE',  ( 180.0807358037000085, 45.00000000000000000, 101.5918830920000033 ) ) ;
#2750 = ORIENTED_EDGE ( 'NONE', *, *, #419, .F. ) ;
#2751 = ORIENTED_EDGE ( 'NONE', *, *, #2889, .F. ) ;
#2752 = EDGE_CURVE ( 'NONE', #3392, #396, #352, .T. ) ;
#2753 = DIRECTION ( 'NONE',  ( -1.000000000000000000, 0.000000000000000000, 0.000000000000000000 ) ) ;
#2754 = DIRECTION ( 'NONE',  ( 0.7071067811865475727, 0.000000000000000000, -0.7071067811865475727 ) ) ;
#2755 = CARTESIAN_POINT ( 'NONE',  ( 178.4814021189816913, 47.00000000000000711, 100.3627896521182521 ) ) ;
#2756 = EDGE_LOOP ( 'NONE', ( #2778, #1724, #851, #442 ) ) ;
#2757 = CARTESIAN_POINT ( 'NONE',  ( 197.1726188958000137, 119.0000000000000000, -22.00000000000000000 ) ) ;
#2758 = CARTESIAN_POINT ( 'NONE',  ( 177.2523086790070010, 67.50000000000000000, -101.5918830920429912 ) ) ;
#2759 = ORIENTED_EDGE ( 'NONE', *, *, #682, .T. ) ;
#2760 = ORIENTED_EDGE ( 'NONE', *, *, #1172, .T. ) ;
#2761 = CARTESIAN_POINT ( 'NONE',  ( 178.6665222413570007, 112.5000000000000000, 103.0060966543930050 ) ) ;
#2762 = CARTESIAN_POINT ( 'NONE',  ( 179.9022428024326814, 43.99276203925820283, 98.94194896866747513 ) ) ;
#2763 = EDGE_LOOP ( 'NONE', ( #616, #1911, #558, #1940 ) ) ;
#2764 = PLANE ( 'NONE',  #2915 ) ;
#2765 = CARTESIAN_POINT ( 'NONE',  ( 178.8516423638283186, 24.50000000000000000, 99.99254940727176688 ) ) ;
#2766 = VERTEX_POINT ( 'NONE', #1993 ) ;
#2767 = VECTOR ( 'NONE', #3078, 1000.000000000000114 ) ;
#2768 = CARTESIAN_POINT ( 'NONE',  ( 181.4949493660782025, 44.73820061220084199, -100.1776695296220367 ) ) ;
#2769 = CARTESIAN_POINT ( 'NONE',  ( 178.6665222413570007, 90.00000000000000000, -103.0060966543930050 ) ) ;
#2770 = CARTESIAN_POINT ( 'NONE',  ( 178.6665222413570007, 67.50000000000000000, 103.0060966543930050 ) ) ;
#2771 = FACE_BOUND ( 'NONE', #1119, .T. ) ;
#2772 = DIRECTION ( 'NONE',  ( 0.7071067811864976127, 0.000000000000000000, -0.7071067811865975328 ) ) ;
#2773 = CARTESIAN_POINT ( 'NONE',  ( 180.4509032116883702, 69.44794535333664953, 101.2217156840116843 ) ) ;
#2774 = CARTESIAN_POINT ( 'NONE',  ( 177.7974219353044703, 69.09933368479637750, -101.0467698357954021 ) ) ;
#2775 = EDGE_CURVE ( 'NONE', #1636, #609, #3439, .T. ) ;
#2776 = VERTEX_POINT ( 'NONE', #3138 ) ;
#2777 = B_SPLINE_CURVE_WITH_KNOTS ( 'NONE', 3,
 ( #2042, #2058, #2607, #939 ),
 .UNSPECIFIED., .F., .F.,
 ( 4, 4 ),
 ( 0.000000000000000000, 1.000000000000000000 ),
 .UNSPECIFIED. ) ;
#2778 = ORIENTED_EDGE ( 'NONE', *, *, #3290, .F. ) ;
#2779 = CARTESIAN_POINT ( 'NONE',  ( 180.5521403245247711, 22.50000000000000355, 99.23486048806857696 ) ) ;
#2780 = CARTESIAN_POINT ( 'NONE',  ( 178.8516423638283186, 42.99999999999998579, 99.99254940727173846 ) ) ;
#2781 = ORIENTED_EDGE ( 'NONE', *, *, #1083, .F. ) ;
#2782 = CARTESIAN_POINT ( 'NONE',  ( 177.2523086790070010, 22.50000000000000000, 101.5918830920429912 ) ) ;
#2783 = EDGE_CURVE ( 'NONE', #2333, #995, #3314, .T. ) ;
#2784 = CARTESIAN_POINT ( 'NONE',  ( 178.6665222414000027, 90.00000000000000000, -103.0060966543999967 ) ) ;
#2785 = CARTESIAN_POINT ( 'NONE',  ( 177.9542974490959750, 65.75242722329150524, 100.8898943220039968 ) ) ;
#2786 = ORIENTED_EDGE ( 'NONE', *, *, #1725, .F. ) ;
#2787 = AXIS2_PLACEMENT_3D ( 'NONE', #2282, #412, #1184 ) ;
#2788 = AXIS2_PLACEMENT_3D ( 'NONE', #517, #1878, #3008 ) ;
#2789 = CYLINDRICAL_SURFACE ( 'NONE', #1275, 1.999999999999992895 ) ;
#2790 = CARTESIAN_POINT ( 'NONE',  ( 177.8151081272000056, 45.00000000000000000, -99.32625541548999593 ) ) ;
#2791 = AXIS2_PLACEMENT_3D ( 'NONE', #2104, #3234, #3520 ) ;
#2792 = VECTOR ( 'NONE', #1709, 1000.000000000000000 ) ;
#2793 = FACE_BOUND ( 'NONE', #2616, .T. ) ;
#2794 = CARTESIAN_POINT ( 'NONE',  ( 178.8516423638283186, 47.00000000000000711, -99.99254940727173846 ) ) ;
#2795 = CYLINDRICAL_SURFACE ( 'NONE', #3484, 1.999999999999992895 ) ;
#2796 = EDGE_LOOP ( 'NONE', ( #802, #1011, #343, #2057, #2728, #2833 ) ) ;
#2797 = ORIENTED_EDGE ( 'NONE', *, *, #1688, .T. ) ;
#2798 = ADVANCED_FACE ( 'NONE', ( #1464 ), #2579, .F. ) ;
#2799 = CARTESIAN_POINT ( 'NONE',  ( 180.9498361098054602, 46.59933368479637039, 100.7227827858946370 ) ) ;
#2800 = EDGE_CURVE ( 'NONE', #2145, #1371, #1738, .T. ) ;
#2801 = DIRECTION ( 'NONE',  ( 0.7071067811865975328, 0.000000000000000000, 0.7071067811864976127 ) ) ;
#2802 = CARTESIAN_POINT ( 'NONE',  ( 177.2523086789999809, 90.00000000000000000, -101.5918830920000033 ) ) ;
#2803 = AXIS2_PLACEMENT_3D ( 'NONE', #472, #2999, #1576 ) ;
#2804 = AXIS2_PLACEMENT_3D ( 'NONE', #1960, #3311, #1627 ) ;
#2805 = EDGE_CURVE ( 'NONE', #15, #3417, #809, .T. ) ;
#2806 = CARTESIAN_POINT ( 'NONE',  ( 177.5356225475053975, 23.72909343994982123, 101.3085692235945316 ) ) ;
#2807 = SHAPE_DEFINITION_REPRESENTATION ( #2513, #1435 ) ;
#2808 = ORIENTED_EDGE ( 'NONE', *, *, #1928, .F. ) ;
#2809 = CARTESIAN_POINT ( 'NONE',  ( 180.9498361098054602, 43.40066631520362961, -100.7227827858946370 ) ) ;
#2810 = DIRECTION ( 'NONE',  ( -0.7071067811864976127, 0.000000000000000000, -0.7071067811865975328 ) ) ;
#2811 = CARTESIAN_POINT ( 'NONE',  ( 181.4949493661030147, 45.00000000000000000, -100.1776695296469910 ) ) ;
#2812 = CARTESIAN_POINT ( 'NONE',  ( 179.7974219353046408, 88.77090656005015035, 99.04676983579548732 ) ) ;
#2813 = FACE_OUTER_BOUND ( 'NONE', #425, .T. ) ;
#2814 = ORIENTED_EDGE ( 'NONE', *, *, #3264, .T. ) ;
#2815 = VERTEX_POINT ( 'NONE', #2008 ) ;
#2816 = DIRECTION ( 'NONE',  ( -0.7071067811864976127, 0.000000000000000000, -0.7071067811865975328 ) ) ;
#2817 = DIRECTION ( 'NONE',  ( -0.7071067811865475727, 0.000000000000000000, 0.7071067811865475727 ) ) ;
#2818 = CIRCLE ( 'NONE', #200, 2.500000000000000888 ) ;
#2819 = CARTESIAN_POINT ( 'NONE',  ( 180.0807358037505139, 45.00000000000000000, 98.76345596729450449 ) ) ;
#2820 = CARTESIAN_POINT ( 'NONE',  ( 180.0807358037505139, 22.50000000000000000, 98.76345596729450449 ) ) ;
#2821 = CARTESIAN_POINT ( 'NONE',  ( 199.1726188958000137, 113.0000000000000000, -47.00000000000000000 ) ) ;
#2822 = ORIENTED_EDGE ( 'NONE', *, *, #1052, .T. ) ;
#2823 = CARTESIAN_POINT ( 'NONE',  ( 173.0096679918999882, 135.0000000000000000, 105.8345237791999978 ) ) ;
#2824 = EDGE_CURVE ( 'NONE', #3137, #402, #2428, .T. ) ;
#2825 = ORIENTED_EDGE ( 'NONE', *, *, #1933, .T. ) ;
#2826 = CARTESIAN_POINT ( 'NONE',  ( 181.4949493661000020, 112.5000000000000000, -100.1776695296999975 ) ) ;
#2827 = CARTESIAN_POINT ( 'NONE',  ( 177.2523086790070010, 22.50000000000000000, -101.5918830920429912 ) ) ;
#2828 = VECTOR ( 'NONE', #3358, 1000.000000000000114 ) ;
#2829 = CARTESIAN_POINT ( 'NONE',  ( 181.2116354976047035, 21.27090656005016811, 100.4609833980955074 ) ) ;
#2830 = CARTESIAN_POINT ( 'NONE',  ( 197.1726188958000137, 129.0000000000000000, -20.00000000000000000 ) ) ;
#2831 = CARTESIAN_POINT ( 'NONE',  ( 181.4949493661000020, 90.00000000000000000, 100.1776695296999975 ) ) ;
#2832 = VERTEX_POINT ( 'NONE', #2869 ) ;
#2833 = ORIENTED_EDGE ( 'NONE', *, *, #1484, .F. ) ;
#2834 = CARTESIAN_POINT ( 'NONE',  ( 178.9498361098053465, 46.22909343994983544, 102.7227827858945233 ) ) ;
#2835 = DIRECTION ( 'NONE',  ( -1.000000000000000000, 0.000000000000000000, 0.000000000000000000 ) ) ;
#2836 = DIRECTION ( 'NONE',  ( -0.7071067811865996422, 0.000000000000000000, 0.7071067811864955033 ) ) ;
#2837 = DIRECTION ( 'NONE',  ( 0.7071067811865475727, 0.000000000000000000, -0.7071067811865475727 ) ) ;
#2838 = CARTESIAN_POINT ( 'NONE',  ( 178.9498361098053465, 111.2709065600502072, -102.7227827858945233 ) ) ;
#2839 = EDGE_LOOP ( 'NONE', ( #351, #2453 ) ) ;
#2840 = EDGE_CURVE ( 'NONE', #1998, #2710, #2656, .T. ) ;
#2841 = CARTESIAN_POINT ( 'NONE',  ( 178.7033304349797334, 113.0234957687185613, -102.9692884607200654 ) ) ;
#2842 = ADVANCED_FACE ( 'NONE', ( #2902 ), #2628, .F. ) ;
#2843 = FACE_BOUND ( 'NONE', #1772, .T. ) ;
#2844 = AXIS2_PLACEMENT_3D ( 'NONE', #725, #3177, #1866 ) ;
#2845 = EDGE_CURVE ( 'NONE', #1982, #602, #760, .T. ) ;
#2846 = CARTESIAN_POINT ( 'NONE',  ( 180.0439276101303676, 113.0234957687185613, 98.80026416096994524 ) ) ;
#2847 = CARTESIAN_POINT ( 'NONE',  ( 179.3787470337140633, 46.74757277670850897, -99.46544473738597958 ) ) ;
#2848 = DIRECTION ( 'NONE',  ( -0.7071067811865475727, 0.000000000000000000, 0.7071067811865475727 ) ) ;
#2849 = ORIENTED_EDGE ( 'NONE', *, *, #1316, .T. ) ;
#2850 = ORIENTED_EDGE ( 'NONE', *, *, #3342, .F. ) ;
#2851 = ORIENTED_EDGE ( 'NONE', *, *, #1278, .F. ) ;
#2852 = CARTESIAN_POINT ( 'NONE',  ( 199.1726188958000137, 131.0000000000000000, -20.00000000000000000 ) ) ;
#2853 = CIRCLE ( 'NONE', #2264, 2.500000000000000888 ) ;
#2854 = CARTESIAN_POINT ( 'NONE',  ( 179.7974219353045839, 66.27090656005016456, -99.04676983579548732 ) ) ;
#2855 = CARTESIAN_POINT ( 'NONE',  ( 178.9498361098053465, 21.27090656005016811, -102.7227827858945233 ) ) ;
#2856 = LINE ( 'NONE', #370, #3017 ) ;
#2857 = ORIENTED_EDGE ( 'NONE', *, *, #907, .T. ) ;
#2858 = DIRECTION ( 'NONE',  ( 0.7071067811864976127, 0.000000000000000000, -0.7071067811865975328 ) ) ;
#2859 = CARTESIAN_POINT ( 'NONE',  ( 174.4238815543000101, 135.0000000000000000, 107.2487373414999894 ) ) ;
#2860 = EDGE_CURVE ( 'NONE', #1752, #1290, #2700, .T. ) ;
#2861 = CARTESIAN_POINT ( 'NONE',  ( 190.7768009261605471, 125.5000000000048601, 90.89581796963949500 ) ) ;
#2862 = CARTESIAN_POINT ( 'NONE',  ( 179.5356225475055396, 46.59933368479635618, -99.30856922359463113 ) ) ;
#2863 = CARTESIAN_POINT ( 'NONE',  ( 181.4581411724302313, 23.02349576871855064, -100.2144777232699369 ) ) ;
#2864 = ORIENTED_EDGE ( 'NONE', *, *, #400, .T. ) ;
#2865 = EDGE_CURVE ( 'NONE', #1206, #2536, #1677, .T. ) ;
#2866 = ORIENTED_EDGE ( 'NONE', *, *, #929, .T. ) ;
#2867 = VECTOR ( 'NONE', #16, 1000.000000000000114 ) ;
#2868 = ORIENTED_EDGE ( 'NONE', *, *, #3317, .F. ) ;
#2869 = CARTESIAN_POINT ( 'NONE',  ( 183.6162697096999921, 12.00000000000000000, -95.22792206135000015 ) ) ;
#2870 = CARTESIAN_POINT ( 'NONE',  ( 177.7974219353044987, 65.90066631520365092, -101.0467698357954021 ) ) ;
#2871 = DIRECTION ( 'NONE',  ( -0.7071067811865476838, 0.000000000000000000, 0.7071067811865474617 ) ) ;
#2872 = CARTESIAN_POINT ( 'NONE',  ( 179.7974219353046408, 111.2709065600501788, 99.04676983579548732 ) ) ;
#2873 = AXIS2_PLACEMENT_3D ( 'NONE', #3276, #1612, #2724 ) ;
#2874 = CIRCLE ( 'NONE', #3344, 2.000000000000001776 ) ;
#2875 = ORIENTED_EDGE ( 'NONE', *, *, #1588, .F. ) ;
#2876 = CARTESIAN_POINT ( 'NONE',  ( 186.8268834577415021, 9.500000000000063949, -92.01730831330849014 ) ) ;
#2877 = CARTESIAN_POINT ( 'NONE',  ( 180.5521403245247711, 89.99999999999998579, -99.23486048806857696 ) ) ;
#2878 = B_SPLINE_CURVE_WITH_KNOTS ( 'NONE', 3,
 ( #2524, #257, #1103, #2212, #3333, #836, #1946, #1138, #1979, #331, #668, #54, #3109, #652, #3423, #1777, #2563, #1154 ),
 .UNSPECIFIED., .F., .F.,
 ( 4, 2, 2, 2, 2, 2, 2, 2, 4 ),
 ( -1.000000000000000000, -0.8750000000000000000, -0.7500000000000000000, -0.6250000000000000000, -0.5000000000000000000, -0.3750000000000000000, -0.2500000000000000000, -0.1250000000000000000, -0.000000000000000000 ),
 .UNSPECIFIED. ) ;
#2879 = DIRECTION ( 'NONE',  ( 0.7071067811865475727, 0.000000000000000000, -0.7071067811865475727 ) ) ;
#2880 = CARTESIAN_POINT ( 'NONE',  ( 177.8151081272000056, 90.00000000000000000, 99.32625541548999593 ) ) ;
#2881 = FACE_OUTER_BOUND ( 'NONE', #1599, .T. ) ;
#2882 = EDGE_LOOP ( 'NONE', ( #3582, #2041, #3434, #1971 ) ) ;
#2883 = B_SPLINE_CURVE_WITH_KNOTS ( 'NONE', 3,
 ( #1625, #2740, #832, #2190, #1943, #544, #253, #3289, #2445, #2780, #814, #2207, #2716, #1921, #2762, #3051, #561, #3069 ),
 .UNSPECIFIED., .F., .F.,
 ( 4, 2, 2, 2, 2, 2, 2, 2, 4 ),
 ( -1.000000000000000000, -0.8750000000000000000, -0.7500000000000000000, -0.6250000000000000000, -0.5000000000000000000, -0.3750000000000000000, -0.2500000000000000000, -0.1250000000000000000, -0.000000000000000000 ),
 .UNSPECIFIED. ) ;
#2884 = ORIENTED_EDGE ( 'NONE', *, *, #315, .F. ) ;
#2885 = ADVANCED_FACE ( 'NONE', ( #3196 ), #1535, .F. ) ;
#2886 = ORIENTED_EDGE ( 'NONE', *, *, #619, .F. ) ;
#2887 = DIRECTION ( 'NONE',  ( 1.000000000000000000, 0.000000000000000000, 0.000000000000000000 ) ) ;
#2888 = DIRECTION ( 'NONE',  ( 0.000000000000000000, 0.000000000000000000, 1.000000000000000000 ) ) ;
#2889 = EDGE_CURVE ( 'NONE', #855, #2146, #2666, .T. ) ;
#2890 = DIRECTION ( 'NONE',  ( -0.000000000000000000, 1.000000000000000000, 0.000000000000000000 ) ) ;
#2891 = CARTESIAN_POINT ( 'NONE',  ( 199.1726188958000137, 106.0000000000000000, 47.50000000000000000 ) ) ;
#2892 = EDGE_CURVE ( 'NONE', #777, #1919, #2196, .T. ) ;
#2893 = ORIENTED_EDGE ( 'NONE', *, *, #1390, .F. ) ;
#2894 = DIRECTION ( 'NONE',  ( 0.7071067811864976127, 0.000000000000000000, -0.7071067811865975328 ) ) ;
#2895 = CARTESIAN_POINT ( 'NONE',  ( 180.2658559261283244, 69.50000000000000000, -101.4067629695717585 ) ) ;
#2896 = CARTESIAN_POINT ( 'NONE',  ( 180.0439276101303676, 89.47650423128145292, -98.80026416096994524 ) ) ;
#2897 = FACE_OUTER_BOUND ( 'NONE', #2125, .T. ) ;
#2898 = AXIS2_PLACEMENT_3D ( 'NONE', #1829, #1257, #2410 ) ;
#2899 = ORIENTED_EDGE ( 'NONE', *, *, #147, .F. ) ;
#2900 = ORIENTED_EDGE ( 'NONE', *, *, #3218, .T. ) ;
#2901 = AXIS2_PLACEMENT_3D ( 'NONE', #1344, #2459, #3583 ) ;
#2902 = FACE_OUTER_BOUND ( 'NONE', #572, .T. ) ;
#2903 = CARTESIAN_POINT ( 'NONE',  ( 181.4581411724303166, 90.52349576871858972, 100.2144777232699226 ) ) ;
#2904 = PLANE ( 'NONE',  #242 ) ;
#2905 = EDGE_CURVE ( 'NONE', #1600, #333, #3212, .T. ) ;
#2906 = EDGE_CURVE ( 'NONE', #2649, #1922, #491, .T. ) ;
#2907 = AXIS2_PLACEMENT_3D ( 'NONE', #798, #1927, #597 ) ;
#2908 = CARTESIAN_POINT ( 'NONE',  ( 178.8450152426772775, 111.4927620392581815, -102.8276036530225070 ) ) ;
#2909 = AXIS2_PLACEMENT_3D ( 'NONE', #3485, #2639, #150 ) ;
#2910 = CARTESIAN_POINT ( 'NONE',  ( 180.0439276101303676, 21.97650423128144226, -98.80026416096994524 ) ) ;
#2911 = EDGE_LOOP ( 'NONE', ( #1349, #2893, #104, #3587 ) ) ;
#2912 = EDGE_CURVE ( 'NONE', #299, #2556, #2617, .T. ) ;
#2913 = CIRCLE ( 'NONE', #1331, 2.000000000000002665 ) ;
#2914 = CARTESIAN_POINT ( 'NONE',  ( 178.6665222414000027, 67.50000000000000000, -100.1776695296999975 ) ) ;
#2915 = AXIS2_PLACEMENT_3D ( 'NONE', #1945, #1902, #3013 ) ;
#2916 = CARTESIAN_POINT ( 'NONE',  ( 181.4949493661030147, 67.50000000000000000, -100.1776695296469910 ) ) ;
#2917 = CARTESIAN_POINT ( 'NONE',  ( 179.3787470337140633, 88.25242722329149103, -99.46544473738599379 ) ) ;
#2918 = CARTESIAN_POINT ( 'NONE',  ( 180.2658559261283244, 65.50000000000001421, -101.4067629695717585 ) ) ;
#2919 = ORIENTED_EDGE ( 'NONE', *, *, #1863, .T. ) ;
#2920 = EDGE_LOOP ( 'NONE', ( #1821, #111 ) ) ;
#2921 = ORIENTED_EDGE ( 'NONE', *, *, #1776, .F. ) ;
#2922 = CARTESIAN_POINT ( 'NONE',  ( 180.7929605960140407, 114.2475727767085090, 100.8796582996859996 ) ) ;
#2923 = CARTESIAN_POINT ( 'NONE',  ( 82.40557324099808056, 9.500000000000119016, -16.64664259059813034 ) ) ;
#2924 = DIRECTION ( 'NONE',  ( 0.000000000000000000, 0.000000000000000000, -1.000000000000000000 ) ) ;
#2925 = FACE_BOUND ( 'NONE', #1944, .T. ) ;
#2926 = DIRECTION ( 'NONE',  ( 0.000000000000000000, 1.000000000000000000, 0.000000000000000000 ) ) ;
#2927 = ORIENTED_EDGE ( 'NONE', *, *, #2775, .F. ) ;
#2928 = CARTESIAN_POINT ( 'NONE',  ( 180.9498361098054886, 43.40066631520362250, 100.7227827858946370 ) ) ;
#2929 = EDGE_CURVE ( 'NONE', #3392, #1296, #143, .T. ) ;
#2930 = EDGE_CURVE ( 'NONE', #1290, #1414, #3330, .T. ) ;
#2931 = VECTOR ( 'NONE', #1853, 1000.000000000000000 ) ;
#2932 = CARTESIAN_POINT ( 'NONE',  ( 180.9498361098054886, 69.09933368479639171, -100.7227827858946370 ) ) ;
#2933 = CARTESIAN_POINT ( 'NONE',  ( 179.7974219353045839, 68.72909343994986386, 99.04676983579548732 ) ) ;
#2934 = CARTESIAN_POINT ( 'NONE',  ( 181.4949493661030147, 67.50000000000000000, -100.1776695296469910 ) ) ;
#2935 = ORIENTED_EDGE ( 'NONE', *, *, #2301, .T. ) ;
#2936 = ORIENTED_EDGE ( 'NONE', *, *, #273, .T. ) ;
#2937 = CARTESIAN_POINT ( 'NONE',  ( 179.7974219353045839, 111.2709065600501930, -99.04676983579548732 ) ) ;
#2938 = CARTESIAN_POINT ( 'NONE',  ( 178.6665222413570007, 112.5000000000000000, 103.0060966543930050 ) ) ;
#2939 = CYLINDRICAL_SURFACE ( 'NONE', #3, 2.500000000000010658 ) ;
#2940 = CARTESIAN_POINT ( 'NONE',  ( 0.000000000000000000, 0.000000000000000000, 0.000000000000000000 ) ) ;
#2941 = VECTOR ( 'NONE', #3162, 1000.000000000000000 ) ;
#2942 = DIRECTION ( 'NONE',  ( 0.7071067811865475727, 0.000000000000000000, -0.7071067811865475727 ) ) ;
#2943 = CARTESIAN_POINT ( 'NONE',  ( 179.5356225475055112, 91.59933368479634908, 99.30856922359461691 ) ) ;
#2944 = ORIENTED_EDGE ( 'NONE', *, *, #1883, .T. ) ;
#2945 = CARTESIAN_POINT ( 'NONE',  ( 181.4949493661030147, 45.00000000000000000, 100.1776695296469910 ) ) ;
#2946 = EDGE_CURVE ( 'NONE', #2979, #461, #2021, .T. ) ;
#2947 = ADVANCED_FACE ( 'NONE', ( #3607 ), #1045, .F. ) ;
#2948 = DIRECTION ( 'NONE',  ( -1.000000000000000000, 0.000000000000000000, 0.000000000000000000 ) ) ;
#2949 = CARTESIAN_POINT ( 'NONE',  ( 178.8450152426773343, 68.50723796074180427, -102.8276036530225070 ) ) ;
#2950 = DIRECTION ( 'NONE',  ( 0.7071067811865475727, 0.000000000000000000, 0.7071067811865475727 ) ) ;
#2951 = CARTESIAN_POINT ( 'NONE',  ( 181.4949493660782025, 67.23820061220087041, -100.1776695296220367 ) ) ;
#2952 = VERTEX_POINT ( 'NONE', #2994 ) ;
#2953 = EDGE_LOOP ( 'NONE', ( #1520, #310, #2701, #2851 ) ) ;
#2954 = ADVANCED_FACE ( 'NONE', ( #1958 ), #1648, .F. ) ;
#2955 = CARTESIAN_POINT ( 'NONE',  ( 177.8151081272000056, 22.50000000000000000, -99.32625541548999593 ) ) ;
#2956 = CARTESIAN_POINT ( 'NONE',  ( 181.4949493661000020, 45.00000000000000000, -100.1776695296999975 ) ) ;
#2957 = LINE ( 'NONE', #716, #749 ) ;
#2958 = VECTOR ( 'NONE', #3569, 1000.000000000000114 ) ;
#2959 = CARTESIAN_POINT ( 'NONE',  ( 199.1726188958000137, 106.0000000000000000, 55.50000000000000000 ) ) ;
#2960 = DIRECTION ( 'NONE',  ( -1.000000000000000000, 0.000000000000000000, 0.000000000000000000 ) ) ;
#2961 = CARTESIAN_POINT ( 'NONE',  ( 179.7974219353045839, 21.27090656005017166, -99.04676983579548732 ) ) ;
#2962 = ORIENTED_EDGE ( 'NONE', *, *, #2865, .F. ) ;
#2963 = CARTESIAN_POINT ( 'NONE',  ( 178.2963548334216455, 91.94794535333662111, -100.5478369376783405 ) ) ;
#2964 = CARTESIAN_POINT ( 'NONE',  ( 178.6665222413570007, 22.50000000000000000, 103.0060966543930050 ) ) ;
#2965 = CARTESIAN_POINT ( 'NONE',  ( 199.1726188958000137, 0.000000000000000000, -82.50000000000000000 ) ) ;
#2966 = AXIS2_PLACEMENT_3D ( 'NONE', #3426, #2858, #913 ) ;
#2967 = CARTESIAN_POINT ( 'NONE',  ( 197.1726188958000137, 131.0000000000000000, -20.00000000000000000 ) ) ;
#2968 = ORIENTED_EDGE ( 'NONE', *, *, #3147, .F. ) ;
#2969 = VERTEX_POINT ( 'NONE', #2426 ) ;
#2970 = CARTESIAN_POINT ( 'NONE',  ( 180.0807358037505139, 112.5000000000000000, -98.76345596729450449 ) ) ;
#2971 = DIRECTION ( 'NONE',  ( 0.7071067811865975328, 0.000000000000000000, -0.7071067811864976127 ) ) ;
#2972 = ORIENTED_EDGE ( 'NONE', *, *, #2211, .F. ) ;
#2973 = FACE_OUTER_BOUND ( 'NONE', #2592, .T. ) ;
#2974 = CARTESIAN_POINT ( 'NONE',  ( 180.0807358037781967, 22.76179938779915091, -98.76345596732200249 ) ) ;
#2975 = B_SPLINE_CURVE_WITH_KNOTS ( 'NONE', 3,
 ( #514, #3241, #1617, #2405, #714, #2730, #1824, #3542, #2679, #3526, #752, #2659, #2147, #1252, #770, #823, #285, #2493 ),
 .UNSPECIFIED., .F., .F.,
 ( 4, 2, 2, 2, 2, 2, 2, 2, 4 ),
 ( -1.000000000000000000, -0.8750000000000000000, -0.7500000000000000000, -0.6250000000000000000, -0.5000000000000000000, -0.3750000000000000000, -0.2500000000000000000, -0.1250000000000000000, -0.000000000000000000 ),
 .UNSPECIFIED. ) ;
#2976 = ADVANCED_FACE ( 'NONE', ( #3548 ), #3272, .F. ) ;
#2977 = FACE_BOUND ( 'NONE', #1642, .T. ) ;
#2978 = DIRECTION ( 'NONE',  ( 1.000000000000000000, 0.000000000000000000, 0.000000000000000000 ) ) ;
#2979 = VERTEX_POINT ( 'NONE', #520 ) ;
#2980 = CARTESIAN_POINT ( 'NONE',  ( 185.0304832721000139, 12.00000000000000000, -96.64213562372999888 ) ) ;
#2981 = CARTESIAN_POINT ( 'NONE',  ( 178.1951177205819192, 22.49999999999999289, 102.5346921336180941 ) ) ;
#2982 = CYLINDRICAL_SURFACE ( 'NONE', #1887, 1.999999999999992895 ) ;
#2983 = VECTOR ( 'NONE', #2988, 1000.000000000000000 ) ;
#2984 = CARTESIAN_POINT ( 'NONE',  ( 178.6665222413570007, 22.50000000000000000, 103.0060966543930050 ) ) ;
#2985 = VERTEX_POINT ( 'NONE', #1098 ) ;
#2986 = ORIENTED_EDGE ( 'NONE', *, *, #1930, .F. ) ;
#2987 = CARTESIAN_POINT ( 'NONE',  ( 177.9542974490959466, 110.7524272232914768, -100.8898943220040110 ) ) ;
#2988 = DIRECTION ( 'NONE',  ( 0.000000000000000000, 0.000000000000000000, -1.000000000000000000 ) ) ;
#2989 = ORIENTED_EDGE ( 'NONE', *, *, #3044, .T. ) ;
#2990 = CARTESIAN_POINT ( 'NONE',  ( 181.4949493661030147, 67.50000000000000000, -100.1776695296469910 ) ) ;
#2991 = CYLINDRICAL_SURFACE ( 'NONE', #2024, 2.999999999999999112 ) ;
#2992 = EDGE_CURVE ( 'NONE', #3185, #769, #3371, .T. ) ;
#2993 = EDGE_CURVE ( 'NONE', #769, #3240, #3011, .T. ) ;
#2994 = CARTESIAN_POINT ( 'NONE',  ( 181.4949493661000020, 22.50000000000000000, 100.1776695296999975 ) ) ;
#2995 = ORIENTED_EDGE ( 'NONE', *, *, #2860, .T. ) ;
#2996 = CARTESIAN_POINT ( 'NONE',  ( 177.9542974490959750, 20.75242722329148748, 100.8898943220039968 ) ) ;
#2997 = VECTOR ( 'NONE', #3277, 1000.000000000000000 ) ;
#2998 = EDGE_CURVE ( 'NONE', #3410, #505, #2883, .T. ) ;
#2999 = DIRECTION ( 'NONE',  ( -1.000000000000000000, 0.000000000000000000, 0.000000000000000000 ) ) ;
#3000 = FACE_OUTER_BOUND ( 'NONE', #1753, .T. ) ;
#3001 = CARTESIAN_POINT ( 'NONE',  ( 181.2116354976047035, 91.22909343994980702, -100.4609833980955074 ) ) ;
#3002 = LINE ( 'NONE', #2178, #3378 ) ;
#3003 = ORIENTED_EDGE ( 'NONE', *, *, #1172, .F. ) ;
#3004 = EDGE_LOOP ( 'NONE', ( #3577, #362 ) ) ;
#3005 = CARTESIAN_POINT ( 'NONE',  ( 181.4949493661000020, 22.50000000000000000, -100.1776695296999975 ) ) ;
#3006 = CARTESIAN_POINT ( 'NONE',  ( 178.6665222414000027, 22.50000000000000000, -103.0060966543999967 ) ) ;
#3007 = EDGE_LOOP ( 'NONE', ( #56, #1991, #2529, #1072 ) ) ;
#3008 = DIRECTION ( 'NONE',  ( 0.000000000000000000, 0.000000000000000000, -1.000000000000000000 ) ) ;
#3009 = CARTESIAN_POINT ( 'NONE',  ( 177.5356225475053407, 68.72909343994986386, -101.3085692235945316 ) ) ;
#3010 = ORIENTED_EDGE ( 'NONE', *, *, #907, .F. ) ;
#3011 = LINE ( 'NONE', #3588, #3128 ) ;
#3012 = ORIENTED_EDGE ( 'NONE', *, *, #2621, .F. ) ;
#3013 = DIRECTION ( 'NONE',  ( 0.000000000000000000, -1.000000000000000000, 0.000000000000000000 ) ) ;
#3014 = CIRCLE ( 'NONE', #1444, 8.000000000000000000 ) ;
#3015 = DIRECTION ( 'NONE',  ( 0.000000000000000000, 0.000000000000000000, -1.000000000000000000 ) ) ;
#3016 = EDGE_CURVE ( 'NONE', #2709, #1718, #3245, .T. ) ;
#3017 = VECTOR ( 'NONE', #415, 1000.000000000000000 ) ;
#3018 = CARTESIAN_POINT ( 'NONE',  ( 180.0807358037505139, 22.50000000000000000, 98.76345596729450449 ) ) ;
#3019 = DIRECTION ( 'NONE',  ( 0.7071067811865475727, 0.000000000000000000, -0.7071067811865475727 ) ) ;
#3020 = CYLINDRICAL_SURFACE ( 'NONE', #1799, 1.999999999999992895 ) ;
#3021 = ORIENTED_EDGE ( 'NONE', *, *, #1746, .T. ) ;
#3022 = ORIENTED_EDGE ( 'NONE', *, *, #2905, .F. ) ;
#3023 = CARTESIAN_POINT ( 'NONE',  ( 199.1726188958000137, 20.00000000000000000, 70.00000000000000000 ) ) ;
#3024 = CARTESIAN_POINT ( 'NONE',  ( 180.0807358037000085, 22.50000000000000000, 98.76345596729001386 ) ) ;
#3025 = CIRCLE ( 'NONE', #820, 2.000000000000002665 ) ;
#3026 = ORIENTED_EDGE ( 'NONE', *, *, #215, .T. ) ;
#3027 = LINE ( 'NONE', #228, #1680 ) ;
#3028 = B_SPLINE_CURVE_WITH_KNOTS ( 'NONE', 3,
 ( #403, #1505, #2619, #131 ),
 .UNSPECIFIED., .F., .F.,
 ( 4, 4 ),
 ( 0.000000000000000000, 1.000000000000000000 ),
 .UNSPECIFIED. ) ;
#3029 = DIRECTION ( 'NONE',  ( 0.7071067811865996422, 0.000000000000000000, -0.7071067811864955033 ) ) ;
#3030 = EDGE_LOOP ( 'NONE', ( #3065, #1733, #2214, #1805 ) ) ;
#3031 = ORIENTED_EDGE ( 'NONE', *, *, #2033, .F. ) ;
#3032 = CARTESIAN_POINT ( 'NONE',  ( 181.4949493661030147, 112.5000000000000000, -100.1776695296469910 ) ) ;
#3033 = DIRECTION ( 'NONE',  ( 0.000000000000000000, 0.000000000000000000, -1.000000000000000000 ) ) ;
#3034 = VERTEX_POINT ( 'NONE', #1882 ) ;
#3035 = CARTESIAN_POINT ( 'NONE',  ( 178.8516423638283186, 20.49999999999999645, 99.99254940727173846 ) ) ;
#3036 = CARTESIAN_POINT ( 'NONE',  ( 178.6665222413570007, 67.50000000000000000, -103.0060966543930050 ) ) ;
#3037 = ORIENTED_EDGE ( 'NONE', *, *, #2326, .T. ) ;
#3038 = AXIS2_PLACEMENT_3D ( 'NONE', #1089, #1074, #3301 ) ;
#3039 = CARTESIAN_POINT ( 'NONE',  ( 179.7105683957216229, 43.05205464666336468, -101.9620504999783464 ) ) ;
#3040 = EDGE_CURVE ( 'NONE', #2627, #188, #924, .T. ) ;
#3041 = CARTESIAN_POINT ( 'NONE',  ( 180.5521403245247711, 22.49999999999999289, -99.23486048806857696 ) ) ;
#3042 = CARTESIAN_POINT ( 'NONE',  ( 180.0807358037505139, 45.00000000000000000, -98.76345596729450449 ) ) ;
#3043 = CARTESIAN_POINT ( 'NONE',  ( 180.0807358037000085, 90.00000000000000000, -101.5918830920000033 ) ) ;
#3044 = EDGE_CURVE ( 'NONE', #3186, #3243, #1669, .T. ) ;
#3045 = CARTESIAN_POINT ( 'NONE',  ( 197.1726188958000137, 20.00000000000000000, -70.00000000000000000 ) ) ;
#3046 = CARTESIAN_POINT ( 'NONE',  ( 179.3685110113959809, 69.24757277670852318, 102.3041078843040168 ) ) ;
#3047 = CARTESIAN_POINT ( 'NONE',  ( 177.5356225475053407, 113.7290934399498497, -101.3085692235945316 ) ) ;
#3048 = ORIENTED_EDGE ( 'NONE', *, *, #3581, .T. ) ;
#3049 = VERTEX_POINT ( 'NONE', #1606 ) ;
#3050 = CARTESIAN_POINT ( 'NONE',  ( 178.1951177205819192, 112.4999999999999858, 102.5346921336180941 ) ) ;
#3051 = CARTESIAN_POINT ( 'NONE',  ( 180.0439276101303108, 44.47650423128143871, 98.80026416096991682 ) ) ;
#3052 = ORIENTED_EDGE ( 'NONE', *, *, #338, .T. ) ;
#3053 = CARTESIAN_POINT ( 'NONE',  ( 177.2891168726796991, 21.97650423128144226, 101.5550748984200879 ) ) ;
#3054 = FACE_OUTER_BOUND ( 'NONE', #1376, .T. ) ;
#3055 =( LENGTH_UNIT ( ) NAMED_UNIT ( * ) SI_UNIT ( .MILLI., .METRE. ) );
#3056 = ORIENTED_EDGE ( 'NONE', *, *, #3518, .F. ) ;
#3057 = CARTESIAN_POINT ( 'NONE',  ( 180.2658559261283244, 42.99999999999998579, -101.4067629695717585 ) ) ;
#3058 = LINE ( 'NONE', #510, #2355 ) ;
#3059 = ADVANCED_FACE ( 'NONE', ( #2171 ), #1392, .F. ) ;
#3060 = ADVANCED_FACE ( 'NONE', ( #1975 ), #3405, .F. ) ;
#3061 = B_SPLINE_CURVE_WITH_KNOTS ( 'NONE', 3,
 ( #2938, #2111, #3543, #1550, #210, #1806, #1005, #1583, #1305, #3242, #1039, #2922, #1531, #1842, #968, #2148, #1289, #3267 ),
 .UNSPECIFIED., .F., .F.,
 ( 4, 2, 2, 2, 2, 2, 2, 2, 4 ),
 ( -1.000000000000000000, -0.8750000000000000000, -0.7500000000000000000, -0.6250000000000000000, -0.5000000000000000000, -0.3750000000000000000, -0.2500000000000000000, -0.1250000000000000000, -0.000000000000000000 ),
 .UNSPECIFIED. ) ;
#3062 = FACE_BOUND ( 'NONE', #885, .T. ) ;
#3063 = CARTESIAN_POINT ( 'NONE',  ( 178.6665222414000027, 112.5000000000000000, -100.1776695296999975 ) ) ;
#3064 = CARTESIAN_POINT ( 'NONE',  ( 199.1726188958000137, 0.000000000000000000, -82.50000000000000000 ) ) ;
#3065 = ORIENTED_EDGE ( 'NONE', *, *, #744, .F. ) ;
#3066 = EDGE_CURVE ( 'NONE', #3299, #876, #3427, .T. ) ;
#3067 = ORIENTED_EDGE ( 'NONE', *, *, #2233, .F. ) ;
#3068 = CARTESIAN_POINT ( 'NONE',  ( 199.1726188958000137, 20.00000000000000000, 0.000000000000000000 ) ) ;
#3069 = CARTESIAN_POINT ( 'NONE',  ( 180.0807358037505139, 45.00000000000000000, 98.76345596729450449 ) ) ;
#3070 = ORIENTED_EDGE ( 'NONE', *, *, #1124, .T. ) ;
#3071 = CARTESIAN_POINT ( 'NONE',  ( 199.1726188958000137, 113.0000000000000000, -53.00000000000000000 ) ) ;
#3072 = CYLINDRICAL_SURFACE ( 'NONE', #3251, 2.500000000000002220 ) ;
#3073 = CARTESIAN_POINT ( 'NONE',  ( 179.7974219353046408, 66.27090656005019298, 99.04676983579548732 ) ) ;
#3074 = ORIENTED_EDGE ( 'NONE', *, *, #1316, .F. ) ;
#3075 = AXIS2_PLACEMENT_3D ( 'NONE', #2501, #1687, #1465 ) ;
#3076 = AXIS2_PLACEMENT_3D ( 'NONE', #956, #1496, #3492 ) ;
#3077 = CARTESIAN_POINT ( 'NONE',  ( 178.6665222414000027, 90.00000000000000000, 100.1776695296999975 ) ) ;
#3078 = DIRECTION ( 'NONE',  ( -0.7071067811865474617, 0.000000000000000000, 0.7071067811865474617 ) ) ;
#3079 = CIRCLE ( 'NONE', #1391, 2.000000000000002665 ) ;
#3080 = AXIS2_PLACEMENT_3D ( 'NONE', #3523, #3222, #1511 ) ;
#3081 = FACE_BOUND ( 'NONE', #1225, .T. ) ;
#3082 = CARTESIAN_POINT ( 'NONE',  ( 177.5356225475053407, 88.77090656005015035, 101.3085692235945316 ) ) ;
#3083 = CARTESIAN_POINT ( 'NONE',  ( 178.8450152426773343, 46.00723796074180427, -102.8276036530225070 ) ) ;
#3084 = VERTEX_POINT ( 'NONE', #346 ) ;
#3085 = EDGE_LOOP ( 'NONE', ( #3010, #500, #2543, #243 ) ) ;
#3086 = CARTESIAN_POINT ( 'NONE',  ( 199.1726188958000137, 123.0000000000000000, 62.50000000000000000 ) ) ;
#3087 = CARTESIAN_POINT ( 'NONE',  ( 180.0807358037000085, 90.00000000000000000, 101.5918830920000033 ) ) ;
#3088 = ADVANCED_FACE ( 'NONE', ( #34 ), #1994, .F. ) ;
#3089 = DIRECTION ( 'NONE',  ( -0.7071067811865474617, 0.000000000000000000, -0.7071067811865474617 ) ) ;
#3090 = AXIS2_PLACEMENT_3D ( 'NONE', #679, #349, #2564 ) ;
#3091 = PLANE ( 'NONE',  #3318 ) ;
#3092 = ORIENTED_EDGE ( 'NONE', *, *, #3554, .T. ) ;
#3093 = LINE ( 'NONE', #1854, #2321 ) ;
#3094 = ORIENTED_EDGE ( 'NONE', *, *, #1631, .T. ) ;
#3095 = B_SPLINE_CURVE_WITH_KNOTS ( 'NONE', 3,
 ( #1410, #2521, #3139, #1136, #2244, #868, #2539, #2265, #698, #2388, #1532, #1271, #986, #2353, #1238, #2903, #736, #2644 ),
 .UNSPECIFIED., .F., .F.,
 ( 4, 2, 2, 2, 2, 2, 2, 2, 4 ),
 ( -1.000000000000000000, -0.8750000000000000000, -0.7500000000000000000, -0.6250000000000000000, -0.5000000000000000000, -0.3750000000000000000, -0.2500000000000000000, -0.1250000000000000000, -0.000000000000000000 ),
 .UNSPECIFIED. ) ;
#3096 = CARTESIAN_POINT ( 'NONE',  ( 178.8450152426772775, 43.99276203925818862, -102.8276036530225070 ) ) ;
#3097 = CARTESIAN_POINT ( 'NONE',  ( 199.1726188958000137, 20.00000000000000000, 0.000000000000000000 ) ) ;
#3098 = DIRECTION ( 'NONE',  ( -0.7071067811864976127, 0.000000000000000000, 0.7071067811865975328 ) ) ;
#3099 = CARTESIAN_POINT ( 'NONE',  ( 177.4308016803773000, 46.00723796074179717, -101.4133900907225154 ) ) ;
#3100 = CARTESIAN_POINT ( 'NONE',  ( 181.3164563647327157, 46.00723796074177585, -100.3561625309675094 ) ) ;
#3101 = VERTEX_POINT ( 'NONE', #1480 ) ;
#3102 = ORIENTED_EDGE ( 'NONE', *, *, #1208, .F. ) ;
#3103 = DIRECTION ( 'NONE',  ( 1.000000000000000000, 0.000000000000000000, 0.000000000000000000 ) ) ;
#3104 = DIRECTION ( 'NONE',  ( 0.7071067811865475727, 0.000000000000000000, -0.7071067811865475727 ) ) ;
#3105 = CARTESIAN_POINT ( 'NONE',  ( 178.8516423638283186, 65.50000000000001421, -99.99254940727176688 ) ) ;
#3106 = AXIS2_PLACEMENT_3D ( 'NONE', #1780, #1578, #690 ) ;
#3107 = DIRECTION ( 'NONE',  ( 0.7071067811865475727, 0.000000000000000000, 0.7071067811865475727 ) ) ;
#3108 = EDGE_CURVE ( 'NONE', #1199, #807, #708, .T. ) ;
#3109 = CARTESIAN_POINT ( 'NONE',  ( 179.2116354976045614, 65.90066631520362250, 102.4609833980953653 ) ) ;
#3110 = ORIENTED_EDGE ( 'NONE', *, *, #1245, .T. ) ;
#3111 = LINE ( 'NONE', #618, #2381 ) ;
#3112 = ADVANCED_FACE ( 'NONE', ( #1704 ), #2561, .F. ) ;
#3113 = CARTESIAN_POINT ( 'NONE',  ( 181.2116354976047035, 113.7290934399498354, -100.4609833980955074 ) ) ;
#3114 = CARTESIAN_POINT ( 'NONE',  ( 180.0807358037000085, 90.00000000000000000, -101.5918830920000033 ) ) ;
#3115 = CIRCLE ( 'NONE', #2118, 2.000000000000002665 ) ;
#3116 = DIRECTION ( 'NONE',  ( -0.7071067811864976127, 0.000000000000000000, -0.7071067811865975328 ) ) ;
#3117 = CARTESIAN_POINT ( 'NONE',  ( 178.4814021189817481, 47.00000000000000000, -100.3627896521182521 ) ) ;
#3118 = CARTESIAN_POINT ( 'NONE',  ( 181.3164563647327157, 23.50723796074179006, -100.3561625309675094 ) ) ;
#3119 = ORIENTED_EDGE ( 'NONE', *, *, #379, .T. ) ;
#3120 = EDGE_LOOP ( 'NONE', ( #2332, #704, #1547, #2224 ) ) ;
#3121 = FILL_AREA_STYLE ('',( #3474 ) ) ;
#3122 = CARTESIAN_POINT ( 'NONE',  ( 178.9498361098053465, 88.77090656005017877, -102.7227827858945233 ) ) ;
#3123 = CARTESIAN_POINT ( 'NONE',  ( 180.0807358037000085, 90.00000000000000000, -101.5918830920000033 ) ) ;
#3124 = CYLINDRICAL_SURFACE ( 'NONE', #2444, 3.000000000000028866 ) ;
#3125 = CARTESIAN_POINT ( 'NONE',  ( 177.7974219353044703, 110.9006663152036367, 101.0467698357954021 ) ) ;
#3126 = ORIENTED_EDGE ( 'NONE', *, *, #2101, .T. ) ;
#3127 = DIRECTION ( 'NONE',  ( 0.7071067811865975328, 0.000000000000000000, 0.7071067811864976127 ) ) ;
#3128 = VECTOR ( 'NONE', #1328, 1000.000000000000114 ) ;
#3129 = CARTESIAN_POINT ( 'NONE',  ( 178.6665222414000027, 22.50000000000000000, 103.0060966543999967 ) ) ;
#3130 = ADVANCED_FACE ( 'NONE', ( #73 ), #384, .F. ) ;
#3131 = CIRCLE ( 'NONE', #689, 2.500000000000000888 ) ;
#3132 = LINE ( 'NONE', #948, #897 ) ;
#3133 = CARTESIAN_POINT ( 'NONE',  ( 180.0807358037781967, 45.26179938779914380, -98.76345596732200249 ) ) ;
#3134 = CARTESIAN_POINT ( 'NONE',  ( 181.4949493660781741, 45.26179938779913670, -100.1776695296219941 ) ) ;
#3135 = ORIENTED_EDGE ( 'NONE', *, *, #2215, .F. ) ;
#3136 = VERTEX_POINT ( 'NONE', #1740 ) ;
#3137 = VERTEX_POINT ( 'NONE', #367 ) ;
#3138 = CARTESIAN_POINT ( 'NONE',  ( 180.0807358037000085, 67.50000000000000000, -98.76345596729001386 ) ) ;
#3139 = CARTESIAN_POINT ( 'NONE',  ( 178.7033304349797334, 90.52349576871856129, 102.9692884607200796 ) ) ;
#3140 = CARTESIAN_POINT ( 'NONE',  ( 177.8151081272000056, 90.00000000000000000, 99.32625541548999593 ) ) ;
#3141 = CARTESIAN_POINT ( 'NONE',  ( 179.0366896493883644, 110.5520546466633647, 99.80750212171163582 ) ) ;
#3142 = CIRCLE ( 'NONE', #11, 2.500000000000000888 ) ;
#3143 = ORIENTED_EDGE ( 'NONE', *, *, #1415, .F. ) ;
#3144 = CIRCLE ( 'NONE', #2152, 2.000000000000002665 ) ;
#3145 = DIRECTION ( 'NONE',  ( 0.7071067811865475727, 0.000000000000000000, 0.7071067811865475727 ) ) ;
#3146 = FACE_BOUND ( 'NONE', #581, .T. ) ;
#3147 = EDGE_CURVE ( 'NONE', #1813, #837, #89, .T. ) ;
#3148 = CARTESIAN_POINT ( 'NONE',  ( 177.2523086790070010, 90.00000000000000000, -101.5918830920429912 ) ) ;
#3149 = CARTESIAN_POINT ( 'NONE',  ( 177.5356225475053975, 68.72909343994983544, 101.3085692235945316 ) ) ;
#3150 = CARTESIAN_POINT ( 'NONE',  ( 180.4509032116883986, 46.94794535333663532, -101.2217156840116559 ) ) ;
#3151 = ORIENTED_EDGE ( 'NONE', *, *, #2525, .F. ) ;
#3152 = VERTEX_POINT ( 'NONE', #1185 ) ;
#3153 = EDGE_CURVE ( 'NONE', #1718, #2709, #2550, .T. ) ;
#3154 = EDGE_LOOP ( 'NONE', ( #918, #2227 ) ) ;
#3155 = DIRECTION ( 'NONE',  ( -0.7071067811865475727, 0.000000000000000000, 0.7071067811865475727 ) ) ;
#3156 = DIRECTION ( 'NONE',  ( -0.7071067811864948371, 0.000000000000000000, 0.7071067811866001973 ) ) ;
#3157 = DIRECTION ( 'NONE',  ( -0.7071067811865475727, 0.000000000000000000, -0.7071067811865475727 ) ) ;
#3158 = CARTESIAN_POINT ( 'NONE',  ( 180.0807358037505139, 112.5000000000000000, 98.76345596729450449 ) ) ;
#3159 = AXIS2_PLACEMENT_3D ( 'NONE', #1022, #2680, #3475 ) ;
#3160 = ORIENTED_EDGE ( 'NONE', *, *, #2168, .T. ) ;
#3161 = CARTESIAN_POINT ( 'NONE',  ( 197.1726188958000137, 20.00000000000000000, 70.00000000000000000 ) ) ;
#3162 = DIRECTION ( 'NONE',  ( 0.000000000000000000, 1.000000000000000000, 0.000000000000000000 ) ) ;
#3163 = CARTESIAN_POINT ( 'NONE',  ( 178.6665222414000027, 90.00000000000000000, 100.1776695296999975 ) ) ;
#3164 = EDGE_CURVE ( 'NONE', #1132, #2527, #3014, .T. ) ;
#3165 = CARTESIAN_POINT ( 'NONE',  ( 180.0807358037505139, 112.5000000000000000, 98.76345596729450449 ) ) ;
#3166 = CARTESIAN_POINT ( 'NONE',  ( 180.0439276101303676, 44.47650423128145292, -98.80026416096994524 ) ) ;
#3167 = AXIS2_PLACEMENT_3D ( 'NONE', #2274, #878, #2002 ) ;
#3168 = EDGE_CURVE ( 'NONE', #3567, #3578, #3095, .T. ) ;
#3169 = ORIENTED_EDGE ( 'NONE', *, *, #1856, .T. ) ;
#3170 = ORIENTED_EDGE ( 'NONE', *, *, #1725, .T. ) ;
#3171 = ORIENTED_EDGE ( 'NONE', *, *, #41, .T. ) ;
#3172 = CARTESIAN_POINT ( 'NONE',  ( 180.0807358037000085, 45.00000000000000000, 101.5918830920000033 ) ) ;
#3173 = CARTESIAN_POINT ( 'NONE',  ( 180.0807358037000085, 67.50000000000000000, 101.5918830920000033 ) ) ;
#3174 = CARTESIAN_POINT ( 'NONE',  ( 180.0807358037000085, 12.00000000000000000, -98.76345596728000942 ) ) ;
#3175 = ADVANCED_FACE ( 'NONE', ( #3244 ), #2939, .F. ) ;
#3176 = CARTESIAN_POINT ( 'NONE',  ( 178.7033304349797334, 111.9765042312814671, -102.9692884607200796 ) ) ;
#3177 = DIRECTION ( 'NONE',  ( 0.7071067811865475727, 0.000000000000000000, -0.7071067811865475727 ) ) ;
#3178 = ORIENTED_EDGE ( 'NONE', *, *, #2682, .T. ) ;
#3179 = CARTESIAN_POINT ( 'NONE',  ( 181.8485027567000145, 123.0000000000000000, -96.99568901431999279 ) ) ;
#3180 = B_SPLINE_CURVE_WITH_KNOTS ( 'NONE', 3,
 ( #2407, #2130, #2337, #3459, #969, #1787, #3046, #3285, #2714, #773, #2773, #270, #556, #790, #2220, #1938, #1663, #483 ),
 .UNSPECIFIED., .F., .F.,
 ( 4, 2, 2, 2, 2, 2, 2, 2, 4 ),
 ( -1.000000000000000000, -0.8750000000000000000, -0.7500000000000000000, -0.6250000000000000000, -0.5000000000000000000, -0.3750000000000000000, -0.2500000000000000000, -0.1250000000000000000, -0.000000000000000000 ),
 .UNSPECIFIED. ) ;
#3181 = DIRECTION ( 'NONE',  ( -1.000000000000000000, 0.000000000000000000, 0.000000000000000000 ) ) ;
#3182 = CARTESIAN_POINT ( 'NONE',  ( 180.0807358037782251, 89.73820061220085620, -98.76345596732198828 ) ) ;
#3183 = DIRECTION ( 'NONE',  ( -0.7071067811865474617, 0.000000000000000000, 0.7071067811865474617 ) ) ;
#3184 = VECTOR ( 'NONE', #794, 1000.000000000000000 ) ;
#3185 = VERTEX_POINT ( 'NONE', #3528 ) ;
#3186 = VERTEX_POINT ( 'NONE', #174 ) ;
#3187 = CARTESIAN_POINT ( 'NONE',  ( 180.0807358037505139, 67.50000000000000000, 98.76345596729450449 ) ) ;
#3188 = EDGE_CURVE ( 'NONE', #2146, #2295, #1843, .T. ) ;
#3189 = CARTESIAN_POINT ( 'NONE',  ( 180.0807358037505139, 45.00000000000000000, 98.76345596729450449 ) ) ;
#3190 = CARTESIAN_POINT ( 'NONE',  ( 181.8485027567000145, 123.0000000000000000, 96.99568901432999724 ) ) ;
#3191 = DIRECTION ( 'NONE',  ( 0.000000000000000000, 0.000000000000000000, 1.000000000000000000 ) ) ;
#3192 = EDGE_CURVE ( 'NONE', #144, #463, #2490, .T. ) ;
#3193 = AXIS2_PLACEMENT_3D ( 'NONE', #1593, #1298, #2084 ) ;
#3194 = EDGE_CURVE ( 'NONE', #1343, #1141, #460, .T. ) ;
#3195 = CARTESIAN_POINT ( 'NONE',  ( 181.4949493660782025, 112.2382006122008704, -100.1776695296220367 ) ) ;
#3196 = FACE_OUTER_BOUND ( 'NONE', #2364, .T. ) ;
#3197 = ORIENTED_EDGE ( 'NONE', *, *, #3493, .F. ) ;
#3198 = AXIS2_PLACEMENT_3D ( 'NONE', #2955, #1566, #1841 ) ;
#3199 = CYLINDRICAL_SURFACE ( 'NONE', #3193, 1.999999999999992895 ) ;
#3200 = CARTESIAN_POINT ( 'NONE',  ( 192.8981212697202068, 125.5000000000048601, 88.77449762607983530 ) ) ;
#3201 = CYLINDRICAL_SURFACE ( 'NONE', #1332, 1.999999999999992895 ) ;
#3202 = B_SPLINE_CURVE_WITH_KNOTS ( 'NONE', 3,
 ( #1117, #2779, #886, #2243 ),
 .UNSPECIFIED., .F., .F.,
 ( 4, 4 ),
 ( 0.000000000000000000, 1.000000000000000000 ),
 .UNSPECIFIED. ) ;
#3203 = CARTESIAN_POINT ( 'NONE',  ( 173.0096679918999882, 0.000000000000000000, 105.8345237791999978 ) ) ;
#3204 = ORIENTED_EDGE ( 'NONE', *, *, #1548, .T. ) ;
#3205 = ORIENTED_EDGE ( 'NONE', *, *, #1461, .F. ) ;
#3206 = CARTESIAN_POINT ( 'NONE',  ( 178.8516423638283186, 110.5000000000000000, -99.99254940727176688 ) ) ;
#3207 = DIRECTION ( 'NONE',  ( -0.7071067811865996422, 0.000000000000000000, -0.7071067811864955033 ) ) ;
#3208 = DIRECTION ( 'NONE',  ( 0.7071067811865975328, 0.000000000000000000, 0.7071067811864976127 ) ) ;
#3209 = CARTESIAN_POINT ( 'NONE',  ( 81.67157287524999276, 0.000000000000000000, -197.1726188958000137 ) ) ;
#3210 = AXIS2_PLACEMENT_3D ( 'NONE', #2209, #796, #3332 ) ;
#3211 = CARTESIAN_POINT ( 'NONE',  ( 180.2658559261283244, 110.5000000000000000, -101.4067629695717585 ) ) ;
#3212 = LINE ( 'NONE', #3497, #2371 ) ;
#3213 = ADVANCED_FACE ( 'NONE', ( #1551 ), #2367, .F. ) ;
#3214 = VERTEX_POINT ( 'NONE', #1006 ) ;
#3215 = ADVANCED_FACE ( 'NONE', ( #194 ), #2062, .F. ) ;
#3216 = CARTESIAN_POINT ( 'NONE',  ( 178.7033304349797334, 44.47650423128144581, 102.9692884607200654 ) ) ;
#3217 = VECTOR ( 'NONE', #3573, 1000.000000000000114 ) ;
#3218 = EDGE_CURVE ( 'NONE', #1778, #3600, #2315, .T. ) ;
#3219 = CARTESIAN_POINT ( 'NONE',  ( 177.2523086789999809, 112.5000000000000000, 101.5918830920000033 ) ) ;
#3220 = CARTESIAN_POINT ( 'NONE',  ( 516.9667182686000615, 129.0000000000000000, -20.00000000000000000 ) ) ;
#3221 = CARTESIAN_POINT ( 'NONE',  ( 177.8151081272000056, 45.00000000000000000, 99.32625541548999593 ) ) ;
#3222 = DIRECTION ( 'NONE',  ( 0.000000000000000000, 0.000000000000000000, -1.000000000000000000 ) ) ;
#3223 = ORIENTED_EDGE ( 'NONE', *, *, #2189, .F. ) ;
#3224 = ORIENTED_EDGE ( 'NONE', *, *, #3449, .F. ) ;
#3225 = CARTESIAN_POINT ( 'NONE',  ( 178.2963548334216171, 110.5520546466633647, -100.5478369376783832 ) ) ;
#3226 = DIRECTION ( 'NONE',  ( -0.7071067811864948371, 0.000000000000000000, -0.7071067811866001973 ) ) ;
#3227 = DIRECTION ( 'NONE',  ( 0.7071067811864948371, 0.000000000000000000, -0.7071067811866001973 ) ) ;
#3228 = DIRECTION ( 'NONE',  ( 0.7071067811865475727, 0.000000000000000000, 0.7071067811865475727 ) ) ;
#3229 = CIRCLE ( 'NONE', #151, 2.000000000000002665 ) ;
#3230 = CARTESIAN_POINT ( 'NONE',  ( 181.4949493661030147, 112.5000000000000000, -100.1776695296469910 ) ) ;
#3231 = CARTESIAN_POINT ( 'NONE',  ( 180.0807358037782251, 22.23820061220084909, -98.76345596732198828 ) ) ;
#3232 = VERTEX_POINT ( 'NONE', #413 ) ;
#3233 = CARTESIAN_POINT ( 'NONE',  ( 179.5356225475055396, 91.59933368479637750, -99.30856922359463113 ) ) ;
#3234 = DIRECTION ( 'NONE',  ( 0.7071067811865475727, -0.000000000000000000, 0.7071067811865475727 ) ) ;
#3235 = EDGE_CURVE ( 'NONE', #3101, #627, #3131, .T. ) ;
#3236 = DIRECTION ( 'NONE',  ( 0.7071067811864976127, 0.000000000000000000, 0.7071067811865975328 ) ) ;
#3237 = DIRECTION ( 'NONE',  ( -0.7071067811865476838, 0.000000000000000000, 0.7071067811865474617 ) ) ;
#3238 = CARTESIAN_POINT ( 'NONE',  ( 181.4581411724303166, 66.97650423128143871, -100.2144777232699226 ) ) ;
#3239 = EDGE_LOOP ( 'NONE', ( #3303, #2936, #3135, #3092 ) ) ;
#3240 = VERTEX_POINT ( 'NONE', #681 ) ;
#3241 = CARTESIAN_POINT ( 'NONE',  ( 181.4949493660781741, 89.73820061220085620, 100.1776695296219941 ) ) ;
#3242 = CARTESIAN_POINT ( 'NONE',  ( 180.2658559261283244, 114.4999999999999716, 101.4067629695717585 ) ) ;
#3243 = VERTEX_POINT ( 'NONE', #2629 ) ;
#3244 = FACE_OUTER_BOUND ( 'NONE', #3291, .T. ) ;
#3245 = CIRCLE ( 'NONE', #3604, 2.500000000000000888 ) ;
#3246 = CARTESIAN_POINT ( 'NONE',  ( 179.7974219353046408, 23.72909343994982123, -99.04676983579548732 ) ) ;
#3247 = AXIS2_PLACEMENT_3D ( 'NONE', #2698, #1113, #1861 ) ;
#3248 = DIRECTION ( 'NONE',  ( 0.7071067811865475727, 0.000000000000000000, 0.7071067811865475727 ) ) ;
#3249 = CARTESIAN_POINT ( 'NONE',  ( 177.5356225475053975, 91.22909343994982123, 101.3085692235945316 ) ) ;
#3250 = ORIENTED_EDGE ( 'NONE', *, *, #238, .T. ) ;
#3251 = AXIS2_PLACEMENT_3D ( 'NONE', #579, #1707, #298 ) ;
#3252 = AXIS2_PLACEMENT_3D ( 'NONE', #1001, #675, #1018 ) ;
#3253 = B_SPLINE_CURVE_WITH_KNOTS ( 'NONE', 3,
 ( #1427, #368, #1447, #1775, #2855, #595, #1186, #923, #2045, #1722, #1497, #3422, #2300, #1466, #1482, #2266, #2611, #2318 ),
 .UNSPECIFIED., .F., .F.,
 ( 4, 2, 2, 2, 2, 2, 2, 2, 4 ),
 ( -1.000000000000000000, -0.8750000000000000000, -0.7500000000000000000, -0.6250000000000000000, -0.5000000000000000000, -0.3750000000000000000, -0.2500000000000000000, -0.1250000000000000000, -0.000000000000000000 ),
 .UNSPECIFIED. ) ;
#3254 = CARTESIAN_POINT ( 'NONE',  ( 181.2116354976047035, 43.77090656005017877, 100.4609833980955074 ) ) ;
#3255 = B_SPLINE_CURVE_WITH_KNOTS ( 'NONE', 3,
 ( #782, #1402, #568, #1889, #3001, #2177, #3593, #1070, #3296, #1908, #1355, #3320, #1088, #2198, #822, #551, #1656, #2769 ),
 .UNSPECIFIED., .F., .F.,
 ( 4, 2, 2, 2, 2, 2, 2, 2, 4 ),
 ( -1.000000000000000000, -0.8750000000000000000, -0.7500000000000000000, -0.6250000000000000000, -0.5000000000000000000, -0.3750000000000000000, -0.2500000000000000000, -0.1250000000000000000, -0.000000000000000000 ),
 .UNSPECIFIED. ) ;
#3256 = CARTESIAN_POINT ( 'NONE',  ( 181.2116354976046750, 23.72909343994982834, 100.4609833980954932 ) ) ;
#3257 = CYLINDRICAL_SURFACE ( 'NONE', #3575, 2.999999999999999112 ) ;
#3258 = CIRCLE ( 'NONE', #1573, 1.999999999999998224 ) ;
#3259 = EDGE_CURVE ( 'NONE', #153, #1743, #1516, .T. ) ;
#3260 = AXIS2_PLACEMENT_3D ( 'NONE', #3319, #7, #1963 ) ;
#3261 = CARTESIAN_POINT ( 'NONE',  ( 177.7974219353044987, 43.40066631520362961, -101.0467698357954021 ) ) ;
#3262 = AXIS2_PLACEMENT_3D ( 'NONE', #2742, #1350, #1690 ) ;
#3263 = ORIENTED_EDGE ( 'NONE', *, *, #2033, .T. ) ;
#3264 = EDGE_CURVE ( 'NONE', #232, #847, #2957, .T. ) ;
#3265 = ORIENTED_EDGE ( 'NONE', *, *, #591, .F. ) ;
#3266 = CARTESIAN_POINT ( 'NONE',  ( 173.0096679918999882, 0.000000000000000000, -105.8345237791999978 ) ) ;
#3267 = CARTESIAN_POINT ( 'NONE',  ( 181.4949493661030147, 112.5000000000000000, 100.1776695296469910 ) ) ;
#3268 = ORIENTED_EDGE ( 'NONE', *, *, #3581, .F. ) ;
#3269 = DIRECTION ( 'NONE',  ( 0.7071067811865475727, 0.000000000000000000, -0.7071067811865475727 ) ) ;
#3270 = DIRECTION ( 'NONE',  ( 0.7071067811865475727, 0.000000000000000000, -0.7071067811865475727 ) ) ;
#3271 = EDGE_CURVE ( 'NONE', #627, #3101, #3430, .T. ) ;
#3272 = PLANE ( 'NONE',  #1030 ) ;
#3273 = ORIENTED_EDGE ( 'NONE', *, *, #2139, .T. ) ;
#3274 = CARTESIAN_POINT ( 'NONE',  ( 0.000000000000000000, 135.0000000000000000, 0.000000000000000000 ) ) ;
#3275 = CARTESIAN_POINT ( 'NONE',  ( 178.6665222414000027, 22.50000000000000000, 103.0060966543999967 ) ) ;
#3276 = CARTESIAN_POINT ( 'NONE',  ( 532.8984504729000946, 129.0000000000000000, -10.00000000000000000 ) ) ;
#3277 = DIRECTION ( 'NONE',  ( 0.000000000000000000, 0.000000000000000000, 1.000000000000000000 ) ) ;
#3278 = CIRCLE ( 'NONE', #3106, 2.000000000000002665 ) ;
#3279 = CARTESIAN_POINT ( 'NONE',  ( 199.1726188958000137, 0.000000000000000000, 70.00000000000000000 ) ) ;
#3280 = ORIENTED_EDGE ( 'NONE', *, *, #682, .F. ) ;
#3281 = ORIENTED_EDGE ( 'NONE', *, *, #991, .T. ) ;
#3282 = CARTESIAN_POINT ( 'NONE',  ( 199.1726188958000137, 113.0000000000000000, -59.00000000000000000 ) ) ;
#3283 = CARTESIAN_POINT ( 'NONE',  ( 177.7974219353044987, 46.59933368479635618, 101.0467698357954021 ) ) ;
#3284 = EDGE_LOOP ( 'NONE', ( #327, #772 ) ) ;
#3285 = CARTESIAN_POINT ( 'NONE',  ( 179.7105683957216229, 69.44794535333660690, 101.9620504999783464 ) ) ;
#3286 = EDGE_CURVE ( 'NONE', #2737, #1802, #870, .T. ) ;
#3287 = CARTESIAN_POINT ( 'NONE',  ( 511.5405651153999997, 119.0000000000000000, -10.00000000000000000 ) ) ;
#3288 = ORIENTED_EDGE ( 'NONE', *, *, #2574, .T. ) ;
#3289 = CARTESIAN_POINT ( 'NONE',  ( 178.2963548334216455, 43.05205464666336468, 100.5478369376783405 ) ) ;
#3290 = EDGE_CURVE ( 'NONE', #199, #2633, #3180, .T. ) ;
#3291 = EDGE_LOOP ( 'NONE', ( #865, #1077, #1536, #1326 ) ) ;
#3292 = FACE_BOUND ( 'NONE', #120, .T. ) ;
#3293 = AXIS2_PLACEMENT_3D ( 'NONE', #96, #2290, #44 ) ;
#3294 = CARTESIAN_POINT ( 'NONE',  ( 177.2523086790070010, 22.50000000000000000, 101.5918830920429912 ) ) ;
#3295 = CARTESIAN_POINT ( 'NONE',  ( 177.7237131997819120, 112.5000000000000000, -102.0632876128180868 ) ) ;
#3296 = CARTESIAN_POINT ( 'NONE',  ( 180.2658559261283244, 92.00000000000000000, -101.4067629695717585 ) ) ;
#3297 = CIRCLE ( 'NONE', #1662, 2.000000000000002665 ) ;
#3298 = CARTESIAN_POINT ( 'NONE',  ( 178.4814021189816913, 42.99999999999998579, -100.3627896521182521 ) ) ;
#3299 = VERTEX_POINT ( 'NONE', #2424 ) ;
#3300 = ORIENTED_EDGE ( 'NONE', *, *, #1706, .T. ) ;
#3301 = DIRECTION ( 'NONE',  ( 0.000000000000000000, 0.000000000000000000, -1.000000000000000000 ) ) ;
#3302 = CARTESIAN_POINT ( 'NONE',  ( 173.0096679918999882, 0.000000000000000000, -105.8345237791999978 ) ) ;
#3303 = ORIENTED_EDGE ( 'NONE', *, *, #2017, .F. ) ;
#3304 = CARTESIAN_POINT ( 'NONE',  ( 177.8151081272000056, 90.00000000000000000, -99.32625541548999593 ) ) ;
#3305 = CARTESIAN_POINT ( 'NONE',  ( 177.4308016803773000, 113.5072379607417616, -101.4133900907225154 ) ) ;
#3306 = ORIENTED_EDGE ( 'NONE', *, *, #338, .F. ) ;
#3307 = VERTEX_POINT ( 'NONE', #2990 ) ;
#3308 = CARTESIAN_POINT ( 'NONE',  ( 190.3624173636761441, 9.500000000000063949, -91.31020153212381274 ) ) ;
#3309 = CARTESIAN_POINT ( 'NONE',  ( 199.1726188958000137, 131.0000000000000000, -22.00000000000000000 ) ) ;
#3310 = ORIENTED_EDGE ( 'NONE', *, *, #3472, .T. ) ;
#3311 = DIRECTION ( 'NONE',  ( 0.7071067811865975328, 0.000000000000000000, -0.7071067811864976127 ) ) ;
#3312 = AXIS2_PLACEMENT_3D ( 'NONE', #3584, #3599, #540 ) ;
#3313 = EDGE_CURVE ( 'NONE', #1778, #2979, #2150, .T. ) ;
#3314 = CIRCLE ( 'NONE', #636, 2.999999999999988898 ) ;
#3315 = EDGE_CURVE ( 'NONE', #395, #3410, #888, .T. ) ;
#3316 = CARTESIAN_POINT ( 'NONE',  ( 178.2963548334216171, 24.44794535333662822, 100.5478369376783832 ) ) ;
#3317 = EDGE_CURVE ( 'NONE', #1343, #2208, #501, .T. ) ;
#3318 = AXIS2_PLACEMENT_3D ( 'NONE', #565, #3015, #2508 ) ;
#3319 = CARTESIAN_POINT ( 'NONE',  ( 197.1726188958000137, 123.0000000000000000, 60.00000000000000000 ) ) ;
#3320 = CARTESIAN_POINT ( 'NONE',  ( 179.3685110113959524, 91.74757277670852318, -102.3041078843040026 ) ) ;
#3321 = FACE_OUTER_BOUND ( 'NONE', #1857, .T. ) ;
#3322 = DIRECTION ( 'NONE',  ( 0.7071067811864976127, 0.000000000000000000, 0.7071067811865975328 ) ) ;
#3323 = CARTESIAN_POINT ( 'NONE',  ( 178.8516423638283186, 47.00000000000000000, 99.99254940727176688 ) ) ;
#3324 = AXIS2_PLACEMENT_3D ( 'NONE', #2251, #2530, #3340 ) ;
#3325 = CARTESIAN_POINT ( 'NONE',  ( 199.1726188958000137, 20.00000000000000000, 70.00000000000000000 ) ) ;
#3326 = FACE_OUTER_BOUND ( 'NONE', #513, .T. ) ;
#3327 = ORIENTED_EDGE ( 'NONE', *, *, #436, .T. ) ;
#3328 = ORIENTED_EDGE ( 'NONE', *, *, #3383, .F. ) ;
#3329 = DIRECTION ( 'NONE',  ( 0.000000000000000000, 1.000000000000000000, 0.000000000000000000 ) ) ;
#3330 = LINE ( 'NONE', #2226, #3184 ) ;
#3331 = ORIENTED_EDGE ( 'NONE', *, *, #1588, .T. ) ;
#3332 = DIRECTION ( 'NONE',  ( 0.7071067811865475727, 0.000000000000000000, 0.7071067811865475727 ) ) ;
#3333 = CARTESIAN_POINT ( 'NONE',  ( 181.2116354976047035, 66.27090656005019298, 100.4609833980955074 ) ) ;
#3334 = ADVANCED_FACE ( 'NONE', ( #1093 ), #3347, .F. ) ;
#3335 = CARTESIAN_POINT ( 'NONE',  ( 179.0366896493883644, 65.55205464666337889, 99.80750212171163582 ) ) ;
#3336 = ORIENTED_EDGE ( 'NONE', *, *, #1978, .F. ) ;
#3337 = EDGE_CURVE ( 'NONE', #2040, #974, #1915, .T. ) ;
#3338 = VECTOR ( 'NONE', #3329, 1000.000000000000000 ) ;
#3339 = B_SPLINE_CURVE_WITH_KNOTS ( 'NONE', 3,
 ( #1848, #3552, #3533, #1831, #2136, #3501, #2375, #2963, #2157, #2117, #1048, #2650, #3233, #780, #490, #1868, #764, #163 ),
 .UNSPECIFIED., .F., .F.,
 ( 4, 2, 2, 2, 2, 2, 2, 2, 4 ),
 ( -1.000000000000000000, -0.8750000000000000000, -0.7500000000000000000, -0.6250000000000000000, -0.5000000000000000000, -0.3750000000000000000, -0.2500000000000000000, -0.1250000000000000000, -0.000000000000000000 ),
 .UNSPECIFIED. ) ;
#3340 = DIRECTION ( 'NONE',  ( 0.000000000000000000, 1.000000000000000000, 0.000000000000000000 ) ) ;
#3341 = CARTESIAN_POINT ( 'NONE',  ( 178.6665222414000027, 22.50000000000000000, -103.0060966543999967 ) ) ;
#3342 = EDGE_CURVE ( 'NONE', #463, #144, #1207, .T. ) ;
#3343 = AXIS2_PLACEMENT_3D ( 'NONE', #1894, #2439, #3563 ) ;
#3344 = AXIS2_PLACEMENT_3D ( 'NONE', #3402, #1755, #137 ) ;
#3345 = LINE ( 'NONE', #841, #3396 ) ;
#3346 = CYLINDRICAL_SURFACE ( 'NONE', #2635, 2.500000000000002220 ) ;
#3347 = CYLINDRICAL_SURFACE ( 'NONE', #2788, 8.000000000000000000 ) ;
#3348 = CARTESIAN_POINT ( 'NONE',  ( 173.0096679918999882, 0.000000000000000000, 105.8345237791999978 ) ) ;
#3349 = ORIENTED_EDGE ( 'NONE', *, *, #1833, .F. ) ;
#3350 = ORIENTED_EDGE ( 'NONE', *, *, #3317, .T. ) ;
#3351 = FACE_OUTER_BOUND ( 'NONE', #2129, .T. ) ;
#3352 = DIRECTION ( 'NONE',  ( 0.7071067811864948371, 0.000000000000000000, -0.7071067811866001973 ) ) ;
#3353 = ORIENTED_EDGE ( 'NONE', *, *, #2571, .T. ) ;
#3354 = CARTESIAN_POINT ( 'NONE',  ( 178.2963548334216455, 20.55205464666336113, 100.5478369376783405 ) ) ;
#3355 = CARTESIAN_POINT ( 'NONE',  ( 179.7974219353045839, 23.72909343994983544, 99.04676983579548732 ) ) ;
#3356 = ORIENTED_EDGE ( 'NONE', *, *, #355, .F. ) ;
#3357 = PLANE ( 'NONE',  #3324 ) ;
#3358 = DIRECTION ( 'NONE',  ( -0.7071067811865975328, 0.000000000000000000, -0.7071067811864976127 ) ) ;
#3359 = ADVANCED_FACE ( 'NONE', ( #2973 ), #1604, .F. ) ;
#3360 = CARTESIAN_POINT ( 'NONE',  ( 199.1726188958000137, 106.0000000000000000, 39.50000000000000000 ) ) ;
#3361 = CARTESIAN_POINT ( 'NONE',  ( 178.6665222414000027, 45.00000000000000000, 100.1776695296999975 ) ) ;
#3362 = DIRECTION ( 'NONE',  ( 0.7071067811865475727, 0.000000000000000000, 0.7071067811865475727 ) ) ;
#3363 = B_SPLINE_CURVE_WITH_KNOTS ( 'NONE', 3,
 ( #1834, #3295, #1907, #2406 ),
 .UNSPECIFIED., .F., .F.,
 ( 4, 4 ),
 ( 0.000000000000000000, 1.000000000000000000 ),
 .UNSPECIFIED. ) ;
#3364 = ORIENTED_EDGE ( 'NONE', *, *, #1996, .F. ) ;
#3365 = EDGE_LOOP ( 'NONE', ( #277, #2420, #2322, #2250 ) ) ;
#3366 = DIRECTION ( 'NONE',  ( 0.000000000000000000, 0.000000000000000000, -1.000000000000000000 ) ) ;
#3367 = DIRECTION ( 'NONE',  ( 0.7071067811865475727, 0.000000000000000000, 0.7071067811865475727 ) ) ;
#3368 = CARTESIAN_POINT ( 'NONE',  ( 189.8894945617361998, 125.5000000000048601, -88.95469720931390611 ) ) ;
#3369 = FACE_OUTER_BOUND ( 'NONE', #2261, .T. ) ;
#3370 = ORIENTED_EDGE ( 'NONE', *, *, #2930, .F. ) ;
#3371 = CIRCLE ( 'NONE', #2135, 2.000000000000002665 ) ;
#3372 = CARTESIAN_POINT ( 'NONE',  ( 177.2523086790070010, 45.00000000000000000, -101.5918830920429912 ) ) ;
#3373 = ORIENTED_EDGE ( 'NONE', *, *, #1268, .F. ) ;
#3374 = AXIS2_PLACEMENT_3D ( 'NONE', #3325, #827, #3381 ) ;
#3375 = CARTESIAN_POINT ( 'NONE',  ( 84.52689358455771185, 9.500000000000119016, -18.76796293415776162 ) ) ;
#3376 = CARTESIAN_POINT ( 'NONE',  ( 183.2627163190999795, 123.0000000000000000, -98.40990257669999153 ) ) ;
#3377 = CIRCLE ( 'NONE', #1796, 8.000000000000000000 ) ;
#3378 = VECTOR ( 'NONE', #511, 1000.000000000000000 ) ;
#3379 = CARTESIAN_POINT ( 'NONE',  ( 179.7974219353045839, 113.7290934399498497, 99.04676983579548732 ) ) ;
#3380 = EDGE_CURVE ( 'NONE', #3136, #1962, #3027, .T. ) ;
#3381 = DIRECTION ( 'NONE',  ( 1.000000000000000000, 0.000000000000000000, 0.000000000000000000 ) ) ;
#3382 = CARTESIAN_POINT ( 'NONE',  ( 193.6052280509098580, 125.5000000000048601, 85.23896372015016709 ) ) ;
#3383 = EDGE_CURVE ( 'NONE', #1801, #1346, #404, .T. ) ;
#3384 = ORIENTED_EDGE ( 'NONE', *, *, #1633, .F. ) ;
#3385 = ORIENTED_EDGE ( 'NONE', *, *, #1814, .T. ) ;
#3386 = CARTESIAN_POINT ( 'NONE',  ( 177.7237131997819120, 112.4999999999999858, 102.0632876128180868 ) ) ;
#3387 = CARTESIAN_POINT ( 'NONE',  ( 185.0304832719999979, 12.00000000000000000, 96.64213562372999888 ) ) ;
#3388 = DIRECTION ( 'NONE',  ( 0.7071067811864976127, 0.000000000000000000, 0.7071067811865975328 ) ) ;
#3389 = CARTESIAN_POINT ( 'NONE',  ( 180.0807358037505139, 45.00000000000000000, 98.76345596729450449 ) ) ;
#3390 = EDGE_CURVE ( 'NONE', #188, #967, #2166, .T. ) ;
#3391 = CARTESIAN_POINT ( 'NONE',  ( 197.1726188958000137, 0.000000000000000000, -81.67157287524999276 ) ) ;
#3392 = VERTEX_POINT ( 'NONE', #248 ) ;
#3393 = DIRECTION ( 'NONE',  ( -0.7071067811864976127, 0.000000000000000000, -0.7071067811865975328 ) ) ;
#3394 = DIRECTION ( 'NONE',  ( 0.7071067811865474617, 0.000000000000000000, 0.7071067811865474617 ) ) ;
#3395 = FACE_OUTER_BOUND ( 'NONE', #3464, .T. ) ;
#3396 = VECTOR ( 'NONE', #1341, 1000.000000000000000 ) ;
#3397 = CARTESIAN_POINT ( 'NONE',  ( 179.5356225475055112, 114.0993336847963633, 99.30856922359461691 ) ) ;
#3398 = CARTESIAN_POINT ( 'NONE',  ( 177.7974219353044703, 46.59933368479637039, -101.0467698357954021 ) ) ;
#3399 = CARTESIAN_POINT ( 'NONE',  ( 178.9498361098053749, 46.22909343994984965, -102.7227827858945233 ) ) ;
#3400 = ORIENTED_EDGE ( 'NONE', *, *, #890, .F. ) ;
#3401 = ORIENTED_EDGE ( 'NONE', *, *, #1930, .T. ) ;
#3402 = CARTESIAN_POINT ( 'NONE',  ( 197.1726188958000137, 129.0000000000000000, -10.00000000000000000 ) ) ;
#3403 = EDGE_CURVE ( 'NONE', #1036, #3240, #1968, .T. ) ;
#3404 = FACE_OUTER_BOUND ( 'NONE', #2169, .T. ) ;
#3405 = CYLINDRICAL_SURFACE ( 'NONE', #1313, 1.999999999999992895 ) ;
#3406 = CIRCLE ( 'NONE', #2170, 2.000000000000002665 ) ;
#3407 = CARTESIAN_POINT ( 'NONE',  ( 181.0235448453264269, 45.00000000000000711, 99.70626500887024690 ) ) ;
#3408 = ADVANCED_FACE ( 'NONE', ( #1078 ), #2184, .F. ) ;
#3409 = DIRECTION ( 'NONE',  ( 0.000000000000000000, 0.000000000000000000, -1.000000000000000000 ) ) ;
#3410 = VERTEX_POINT ( 'NONE', #1643 ) ;
#3411 = CARTESIAN_POINT ( 'NONE',  ( 178.9498361098053749, 113.7290934399498497, -102.7227827858945233 ) ) ;
#3412 = CARTESIAN_POINT ( 'NONE',  ( 180.0807358037505139, 90.00000000000000000, 98.76345596729450449 ) ) ;
#3413 = CIRCLE ( 'NONE', #1352, 2.500000000000002220 ) ;
#3414 = CARTESIAN_POINT ( 'NONE',  ( 178.8450152426773343, 21.49276203925820283, 102.8276036530225070 ) ) ;
#3415 = CARTESIAN_POINT ( 'NONE',  ( 178.8516423638283186, 87.99999999999998579, 99.99254940727173846 ) ) ;
#3416 = CARTESIAN_POINT ( 'NONE',  ( 180.2658559261283244, 24.50000000000000000, -101.4067629695717585 ) ) ;
#3417 = VERTEX_POINT ( 'NONE', #2757 ) ;
#3418 = ORIENTED_EDGE ( 'NONE', *, *, #839, .F. ) ;
#3419 = LINE ( 'NONE', #663, #1628 ) ;
#3420 = CARTESIAN_POINT ( 'NONE',  ( 178.6665222413570007, 90.00000000000000000, -103.0060966543930050 ) ) ;
#3421 = DIRECTION ( 'NONE',  ( 0.7071067811865975328, 0.000000000000000000, 0.7071067811864976127 ) ) ;
#3422 = CARTESIAN_POINT ( 'NONE',  ( 180.7929605960140407, 20.75242722329148393, -100.8796582996859996 ) ) ;
#3423 = CARTESIAN_POINT ( 'NONE',  ( 178.8450152426773343, 66.49276203925819573, 102.8276036530225070 ) ) ;
#3424 = ORIENTED_EDGE ( 'NONE', *, *, #2545, .T. ) ;
#3425 = ADVANCED_FACE ( 'NONE', ( #3598 ), #2202, .F. ) ;
#3426 = CARTESIAN_POINT ( 'NONE',  ( 180.0807358037000085, 112.5000000000000000, -101.5918830920000033 ) ) ;
#3427 = CIRCLE ( 'NONE', #1499, 2.000000000000002665 ) ;
#3428 = FACE_BOUND ( 'NONE', #2394, .T. ) ;
#3429 = EDGE_CURVE ( 'NONE', #2556, #282, #189, .T. ) ;
#3430 = CIRCLE ( 'NONE', #1849, 2.500000000000000888 ) ;
#3431 = FACE_OUTER_BOUND ( 'NONE', #2510, .T. ) ;
#3432 = DIRECTION ( 'NONE',  ( -0.7071067811865475727, 0.000000000000000000, 0.7071067811865475727 ) ) ;
#3433 = CARTESIAN_POINT ( 'NONE',  ( 197.1726188958000137, 135.0000000000000000, 81.67157287525999720 ) ) ;
#3434 = ORIENTED_EDGE ( 'NONE', *, *, #2618, .F. ) ;
#3435 = AXIS2_PLACEMENT_3D ( 'NONE', #1335, #1595, #799 ) ;
#3436 = EDGE_LOOP ( 'NONE', ( #162, #2808 ) ) ;
#3437 = AXIS2_PLACEMENT_3D ( 'NONE', #3557, #1431, #3576 ) ;
#3438 = ORIENTED_EDGE ( 'NONE', *, *, #2014, .T. ) ;
#3439 = LINE ( 'NONE', #1445, #2662 ) ;
#3440 = CARTESIAN_POINT ( 'NONE',  ( 177.2891168726797844, 66.97650423128143871, -101.5550748984200879 ) ) ;
#3441 = DIRECTION ( 'NONE',  ( 0.000000000000000000, 0.000000000000000000, -1.000000000000000000 ) ) ;
#3442 = CARTESIAN_POINT ( 'NONE',  ( 177.5356225475053407, 111.2709065600501930, 101.3085692235945316 ) ) ;
#3443 = AXIS2_PLACEMENT_3D ( 'NONE', #2914, #2894, #1209 ) ;
#3444 = ORIENTED_EDGE ( 'NONE', *, *, #3315, .T. ) ;
#3445 = EDGE_CURVE ( 'NONE', #2427, #2655, #3258, .T. ) ;
#3446 = CARTESIAN_POINT ( 'NONE',  ( 183.2627163190999795, 123.0000000000000000, 98.40990257669999153 ) ) ;
#3447 = EDGE_CURVE ( 'NONE', #3240, #1036, #3144, .T. ) ;
#3448 = CARTESIAN_POINT ( 'NONE',  ( 183.6162697096999921, 12.00000000000000000, 95.22792206136000459 ) ) ;
#3449 = EDGE_CURVE ( 'NONE', #199, #227, #1351, .T. ) ;
#3450 = CARTESIAN_POINT ( 'NONE',  ( 178.9498361098053749, 21.27090656005016811, 102.7227827858945233 ) ) ;
#3451 = DIRECTION ( 'NONE',  ( 0.7071067811865475727, 0.000000000000000000, -0.7071067811865475727 ) ) ;
#3452 = DIRECTION ( 'NONE',  ( -0.7071067811865475727, 0.000000000000000000, -0.7071067811865475727 ) ) ;
#3453 = VERTEX_POINT ( 'NONE', #2534 ) ;
#3454 = ORIENTED_EDGE ( 'NONE', *, *, #2930, .T. ) ;
#3455 = SURFACE_STYLE_USAGE ( .BOTH. , #121 ) ;
#3456 = APPLICATION_PROTOCOL_DEFINITION ( 'draft international standard', 'automotive_design', 1998, #1924 ) ;
#3457 = CARTESIAN_POINT ( 'NONE',  ( 178.8450152426772775, 88.99276203925820994, -102.8276036530225070 ) ) ;
#3458 = ORIENTED_EDGE ( 'NONE', *, *, #1312, .F. ) ;
#3459 = CARTESIAN_POINT ( 'NONE',  ( 178.8450152426772775, 68.50723796074179006, 102.8276036530225070 ) ) ;
#3460 = FACE_OUTER_BOUND ( 'NONE', #2796, .T. ) ;
#3461 = CARTESIAN_POINT ( 'NONE',  ( 179.7105683957216229, 110.5520546466633647, 101.9620504999783464 ) ) ;
#3462 = VECTOR ( 'NONE', #697, 1000.000000000000114 ) ;
#3463 = CARTESIAN_POINT ( 'NONE',  ( 178.4814021189816913, 20.49999999999999645, -100.3627896521182521 ) ) ;
#3464 = EDGE_LOOP ( 'NONE', ( #1860, #1941, #1, #3364 ) ) ;
#3465 = CARTESIAN_POINT ( 'NONE',  ( 180.9498361098054886, 114.0993336847963633, -100.7227827858946370 ) ) ;
#3466 = ADVANCED_FACE ( 'NONE', ( #1438 ), #862, .F. ) ;
#3467 = FACE_OUTER_BOUND ( 'NONE', #66, .T. ) ;
#3468 = CARTESIAN_POINT ( 'NONE',  ( 183.2627163190999795, 12.00000000000000000, 98.40990257669999153 ) ) ;
#3469 = CARTESIAN_POINT ( 'NONE',  ( 197.1726188958000137, 135.0000000000000000, 81.67157287525999720 ) ) ;
#3470 = AXIS2_PLACEMENT_3D ( 'NONE', #2121, #148, #405 ) ;
#3471 = EDGE_LOOP ( 'NONE', ( #342, #792, #2205, #2458 ) ) ;
#3472 = EDGE_CURVE ( 'NONE', #32, #784, #1803, .T. ) ;
#3473 = ORIENTED_EDGE ( 'NONE', *, *, #2865, .T. ) ;
#3474 = FILL_AREA_STYLE_COLOUR ( '', #201 ) ;
#3475 = DIRECTION ( 'NONE',  ( -0.7071067811865996422, 1.387778780781443782E-14, 0.7071067811864955033 ) ) ;
#3476 = CARTESIAN_POINT ( 'NONE',  ( 183.2627163190999795, 12.00000000000000000, 98.40990257669999153 ) ) ;
#3477 = DIRECTION ( 'NONE',  ( 1.000000000000000000, 0.000000000000000000, 0.000000000000000000 ) ) ;
#3478 = FACE_BOUND ( 'NONE', #2839, .T. ) ;
#3479 = CARTESIAN_POINT ( 'NONE',  ( 177.2523086790318416, 90.26179938779914380, 101.5918830920680023 ) ) ;
#3480 = EDGE_LOOP ( 'NONE', ( #1701, #1267, #2935, #361 ) ) ;
#3481 = DIRECTION ( 'NONE',  ( 1.000000000000000000, 0.000000000000000000, 0.000000000000000000 ) ) ;
#3482 = LINE ( 'NONE', #3537, #2931 ) ;
#3483 = CARTESIAN_POINT ( 'NONE',  ( 177.2891168726797844, 89.47650423128146713, -101.5550748984200879 ) ) ;
#3484 = AXIS2_PLACEMENT_3D ( 'NONE', #1459, #3362, #2848 ) ;
#3485 = CARTESIAN_POINT ( 'NONE',  ( 177.8151081272000056, 112.5000000000000000, 99.32625541548999593 ) ) ;
#3486 = ORIENTED_EDGE ( 'NONE', *, *, #2302, .T. ) ;
#3487 = EDGE_LOOP ( 'NONE', ( #803, #1591 ) ) ;
#3488 = ADVANCED_FACE ( 'NONE', ( #47 ), #1679, .F. ) ;
#3489 = CARTESIAN_POINT ( 'NONE',  ( 178.6665222414000027, 22.50000000000000000, 100.1776695296999975 ) ) ;
#3490 = FACE_OUTER_BOUND ( 'NONE', #2073, .T. ) ;
#3491 = ORIENTED_EDGE ( 'NONE', *, *, #2845, .F. ) ;
#3492 = DIRECTION ( 'NONE',  ( 0.7071067811865475727, 0.000000000000000000, -0.7071067811865475727 ) ) ;
#3493 = EDGE_CURVE ( 'NONE', #720, #2969, #2009, .T. ) ;
#3494 = CARTESIAN_POINT ( 'NONE',  ( 178.8516423638283186, 24.49999999999999645, -99.99254940727173846 ) ) ;
#3495 = VECTOR ( 'NONE', #707, 1000.000000000000114 ) ;
#3496 = FACE_BOUND ( 'NONE', #1873, .T. ) ;
#3497 = CARTESIAN_POINT ( 'NONE',  ( 173.0096679918999882, 135.0000000000000000, -105.8345237791999978 ) ) ;
#3498 = EDGE_CURVE ( 'NONE', #1922, #2649, #20, .T. ) ;
#3499 = VERTEX_POINT ( 'NONE', #1767 ) ;
#3500 = MECHANICAL_DESIGN_GEOMETRIC_PRESENTATION_REPRESENTATION (  '', ( #1985 ), #2088 ) ;
#3501 = CARTESIAN_POINT ( 'NONE',  ( 177.7974219353044703, 91.59933368479634908, -101.0467698357954021 ) ) ;
#3502 = VECTOR ( 'NONE', #336, 1000.000000000000114 ) ;
#3503 = DIRECTION ( 'NONE',  ( 0.7071067811865975328, 0.000000000000000000, -0.7071067811864976127 ) ) ;
#3504 = CARTESIAN_POINT ( 'NONE',  ( 199.1726188958000137, 113.0000000000000000, -47.00000000000000000 ) ) ;
#3505 = CARTESIAN_POINT ( 'NONE',  ( 179.5356225475055112, 88.40066631520362250, -99.30856922359461691 ) ) ;
#3506 = CARTESIAN_POINT ( 'NONE',  ( 179.7974219353045839, 43.77090656005017877, -99.04676983579548732 ) ) ;
#3507 = ORIENTED_EDGE ( 'NONE', *, *, #261, .F. ) ;
#3508 = EDGE_LOOP ( 'NONE', ( #2759, #2850, #1221, #1528 ) ) ;
#3509 = CYLINDRICAL_SURFACE ( 'NONE', #2268, 1.999999999999992895 ) ;
#3510 = DIRECTION ( 'NONE',  ( 0.7071067811864976127, 0.000000000000000000, -0.7071067811865975328 ) ) ;
#3511 = DIRECTION ( 'NONE',  ( 0.7071067811865475727, 0.000000000000000000, -0.7071067811865475727 ) ) ;
#3512 = FACE_BOUND ( 'NONE', #2149, .T. ) ;
#3513 = VECTOR ( 'NONE', #2481, 1000.000000000000000 ) ;
#3514 = EDGE_CURVE ( 'NONE', #2815, #1462, #665, .T. ) ;
#3515 = CARTESIAN_POINT ( 'NONE',  ( 179.3685110113959809, 110.7524272232914626, -102.3041078843040168 ) ) ;
#3516 = CARTESIAN_POINT ( 'NONE',  ( 177.4308016803773000, 91.00723796074179006, 101.4133900907225296 ) ) ;
#3517 = ORIENTED_EDGE ( 'NONE', *, *, #90, .T. ) ;
#3518 = EDGE_CURVE ( 'NONE', #1460, #2832, #2087, .T. ) ;
#3519 = CARTESIAN_POINT ( 'NONE',  ( 199.1726188958000137, 135.0000000000000000, -82.50000000000000000 ) ) ;
#3520 = DIRECTION ( 'NONE',  ( -0.7071067811865497932, 0.000000000000000000, 0.7071067811865451302 ) ) ;
#3521 = DIRECTION ( 'NONE',  ( -0.7071067811865474617, 0.000000000000000000, -0.7071067811865474617 ) ) ;
#3522 = CARTESIAN_POINT ( 'NONE',  ( 181.4949493661030147, 90.00000000000000000, 100.1776695296469910 ) ) ;
#3523 = CARTESIAN_POINT ( 'NONE',  ( 199.1726188958000137, 117.0000000000000000, -22.00000000000000000 ) ) ;
#3524 = VERTEX_POINT ( 'NONE', #149 ) ;
#3525 = ORIENTED_EDGE ( 'NONE', *, *, #3259, .T. ) ;
#3526 = CARTESIAN_POINT ( 'NONE',  ( 179.8956156812817255, 87.99999999999998579, 101.7770032144182579 ) ) ;
#3527 = CARTESIAN_POINT ( 'NONE',  ( 197.1726188958000137, 0.000000000000000000, -70.00000000000000000 ) ) ;
#3528 = CARTESIAN_POINT ( 'NONE',  ( 181.4949493661000020, 45.00000000000000000, 100.1776695296999975 ) ) ;
#3529 = FACE_BOUND ( 'NONE', #3284, .T. ) ;
#3530 = DIRECTION ( 'NONE',  ( 0.7071067811864976127, 0.000000000000000000, -0.7071067811865975328 ) ) ;
#3531 = CARTESIAN_POINT ( 'NONE',  ( 179.7974219353045839, 91.22909343994983544, 99.04676983579548732 ) ) ;
#3532 = ORIENTED_EDGE ( 'NONE', *, *, #1396, .F. ) ;
#3533 = CARTESIAN_POINT ( 'NONE',  ( 177.2891168726796991, 90.52349576871858972, -101.5550748984200879 ) ) ;
#3534 = ADVANCED_FACE ( 'NONE', ( #1214 ), #3201, .F. ) ;
#3535 = EDGE_CURVE ( 'NONE', #14, #227, #145, .T. ) ;
#3536 = CARTESIAN_POINT ( 'NONE',  ( 178.6665222413318190, 22.76179938779914735, 103.0060966543679655 ) ) ;
#3537 = CARTESIAN_POINT ( 'NONE',  ( 187.6052280509098296, 125.5000000000048601, 79.23896372015013867 ) ) ;
#3538 = ADVANCED_FACE ( 'NONE', ( #2602 ), #117, .F. ) ;
#3539 = CARTESIAN_POINT ( 'NONE',  ( 199.1726188958000137, 106.0000000000000000, 55.50000000000000000 ) ) ;
#3540 = ORIENTED_EDGE ( 'NONE', *, *, #2678, .F. ) ;
#3541 = ORIENTED_EDGE ( 'NONE', *, *, #1340, .F. ) ;
#3542 = CARTESIAN_POINT ( 'NONE',  ( 180.4509032116883986, 88.05205464666337889, 101.2217156840116559 ) ) ;
#3543 = CARTESIAN_POINT ( 'NONE',  ( 178.7033304349797334, 113.0234957687185613, 102.9692884607200796 ) ) ;
#3544 = VERTEX_POINT ( 'NONE', #999 ) ;
#3545 = CARTESIAN_POINT ( 'NONE',  ( 178.6665222414000027, 45.00000000000000000, -103.0060966543999967 ) ) ;
#3546 = FACE_OUTER_BOUND ( 'NONE', #533, .T. ) ;
#3547 = VECTOR ( 'NONE', #2735, 1000.000000000000114 ) ;
#3548 = FACE_OUTER_BOUND ( 'NONE', #519, .T. ) ;
#3549 = ORIENTED_EDGE ( 'NONE', *, *, #1436, .F. ) ;
#3550 = VECTOR ( 'NONE', #316, 1000.000000000000000 ) ;
#3551 = VECTOR ( 'NONE', #873, 1000.000000000000000 ) ;
#3552 = CARTESIAN_POINT ( 'NONE',  ( 177.2523086790318700, 90.26179938779915801, -101.5918830920679738 ) ) ;
#3553 = ADVANCED_FACE ( 'NONE', ( #2052 ), #2106, .F. ) ;
#3554 = EDGE_CURVE ( 'NONE', #1287, #2419, #1439, .T. ) ;
#3555 = CARTESIAN_POINT ( 'NONE',  ( 180.2658559261283244, 24.49999999999999645, 101.4067629695717585 ) ) ;
#3556 = CARTESIAN_POINT ( 'NONE',  ( 180.0807358037000085, 112.5000000000000000, -101.5918830920000033 ) ) ;
#3557 = CARTESIAN_POINT ( 'NONE',  ( 191.3037081241111537, 125.5000000000048601, -90.36891077168886000 ) ) ;
#3558 = AXIS2_PLACEMENT_3D ( 'NONE', #891, #3107, #2245 ) ;
#3559 = ORIENTED_EDGE ( 'NONE', *, *, #2302, .F. ) ;
#3560 = VERTEX_POINT ( 'NONE', #1562 ) ;
#3561 = EDGE_CURVE ( 'NONE', #599, #1830, #993, .T. ) ;
#3562 = CARTESIAN_POINT ( 'NONE',  ( 179.5356225475055112, 110.9006663152036367, -99.30856922359461691 ) ) ;
#3563 = DIRECTION ( 'NONE',  ( -0.7071067811865475727, 0.000000000000000000, 0.7071067811865475727 ) ) ;
#3564 = ORIENTED_EDGE ( 'NONE', *, *, #3602, .F. ) ;
#3565 = DIRECTION ( 'NONE',  ( -0.7071067811865475727, -0.000000000000000000, 0.7071067811865475727 ) ) ;
#3566 = CYLINDRICAL_SURFACE ( 'NONE', #2548, 1.999999999999992895 ) ;
#3567 = VERTEX_POINT ( 'NONE', #2401 ) ;
#3568 = B_SPLINE_CURVE_WITH_KNOTS ( 'NONE', 3,
 ( #1809, #2368, #2699, #2683, #1533, #1586, #195, #157, #1255, #3494, #987, #1292, #2131, #3246, #757, #1862, #2974, #485 ),
 .UNSPECIFIED., .F., .F.,
 ( 4, 2, 2, 2, 2, 2, 2, 2, 4 ),
 ( -1.000000000000000000, -0.8750000000000000000, -0.7500000000000000000, -0.6250000000000000000, -0.5000000000000000000, -0.3750000000000000000, -0.2500000000000000000, -0.1250000000000000000, -0.000000000000000000 ),
 .UNSPECIFIED. ) ;
#3569 = DIRECTION ( 'NONE',  ( 0.7071067811865474617, -0.000000000000000000, -0.7071067811865474617 ) ) ;
#3570 = ORIENTED_EDGE ( 'NONE', *, *, #1340, .T. ) ;
#3571 = CARTESIAN_POINT ( 'NONE',  ( 177.5356225475053407, 21.27090656005017166, 101.3085692235945316 ) ) ;
#3572 = FACE_OUTER_BOUND ( 'NONE', #2156, .T. ) ;
#3573 = DIRECTION ( 'NONE',  ( 0.7071067811865474617, -0.000000000000000000, -0.7071067811865474617 ) ) ;
#3574 = DIRECTION ( 'NONE',  ( 0.7071067811864976127, 0.000000000000000000, -0.7071067811865975328 ) ) ;
#3575 = AXIS2_PLACEMENT_3D ( 'NONE', #1246, #2690, #1230 ) ;
#3576 = DIRECTION ( 'NONE',  ( -0.7071067811865451302, 0.000000000000000000, -0.7071067811865499042 ) ) ;
#3577 = ORIENTED_EDGE ( 'NONE', *, *, #45, .F. ) ;
#3578 = VERTEX_POINT ( 'NONE', #3522 ) ;
#3579 = CYLINDRICAL_SURFACE ( 'NONE', #3038, 8.000000000000000000 ) ;
#3580 = DIRECTION ( 'NONE',  ( 0.000000000000000000, 0.000000000000000000, -1.000000000000000000 ) ) ;
#3581 = EDGE_CURVE ( 'NONE', #3186, #1386, #763, .T. ) ;
#3582 = ORIENTED_EDGE ( 'NONE', *, *, #264, .T. ) ;
#3583 = DIRECTION ( 'NONE',  ( 0.7071067811865996422, 1.387778780781443782E-14, -0.7071067811864955033 ) ) ;
#3584 = CARTESIAN_POINT ( 'NONE',  ( 180.0807358037000085, 45.00000000000000000, -101.5918830920000033 ) ) ;
#3585 = EDGE_CURVE ( 'NONE', #2313, #1368, #332, .T. ) ;
#3586 = EDGE_LOOP ( 'NONE', ( #3281, #1234, #2480, #795 ) ) ;
#3587 = ORIENTED_EDGE ( 'NONE', *, *, #1228, .T. ) ;
#3588 = CARTESIAN_POINT ( 'NONE',  ( 178.6665222414000027, 45.00000000000000000, 103.0060966543999967 ) ) ;
#3589 = ORIENTED_EDGE ( 'NONE', *, *, #3168, .F. ) ;
#3590 = FACE_BOUND ( 'NONE', #901, .T. ) ;
#3591 = CARTESIAN_POINT ( 'NONE',  ( 180.0439276101303676, 23.02349576871856485, 98.80026416096994524 ) ) ;
#3592 = CARTESIAN_POINT ( 'NONE',  ( 199.1726188958000137, 20.00000000000000000, 70.00000000000000000 ) ) ;
#3593 = CARTESIAN_POINT ( 'NONE',  ( 180.7929605960140691, 91.74757277670852318, -100.8796582996859996 ) ) ;
#3594 = CARTESIAN_POINT ( 'NONE',  ( 199.1726188958000137, 0.000000000000000000, -70.00000000000000000 ) ) ;
#3595 = DIRECTION ( 'NONE',  ( 0.7071067811865996422, 0.000000000000000000, -0.7071067811864955033 ) ) ;
#3596 = CARTESIAN_POINT ( 'NONE',  ( 180.0807358037000085, 22.50000000000000000, 101.5918830920000033 ) ) ;
#3597 = DIRECTION ( 'NONE',  ( -1.000000000000000000, 0.000000000000000000, 0.000000000000000000 ) ) ;
#3598 = FACE_OUTER_BOUND ( 'NONE', #1310, .T. ) ;
#3599 = DIRECTION ( 'NONE',  ( 0.7071067811865475727, 0.000000000000000000, -0.7071067811865475727 ) ) ;
#3600 = VERTEX_POINT ( 'NONE', #1429 ) ;
#3601 = EDGE_LOOP ( 'NONE', ( #2186, #2294, #3356, #3473 ) ) ;
#3602 = EDGE_CURVE ( 'NONE', #227, #14, #620, .T. ) ;
#3603 = LINE ( 'NONE', #611, #374 ) ;
#3604 = AXIS2_PLACEMENT_3D ( 'NONE', #2465, #2801, #3352 ) ;
#3605 = EDGE_CURVE ( 'NONE', #153, #2074, #369, .T. ) ;
#3606 = OPEN_SHELL ( 'NONE', ( #479, #2483 ) ) ;
#3607 = FACE_OUTER_BOUND ( 'NONE', #2625, .T. ) ;
ENDSEC;
END-ISO-10303-21;
